scholarship_id,scholarship_name,provider,provider_type,source,official_source_url,application_url,country_of_provider,study_country,eligible_nationalities,education_level,study_mode,field_of_study,age_min,age_max,academic_requirement,minimum_percentage_or_gpa,family_income_limit,gender_eligibility,category_eligibility,disability_eligibility,residency_requirement,scholarship_amount,currency,funding_type,tuition_coverage,living_expense_coverage,travel_coverage,accommodation_coverage,application_fee,application_deadline,scholarship_duration,number_of_awards,documents_required,eligibility_criteria,selection_criteria,description,renewable,last_verified
SCH_0001,AAI Sports Scholarship Scheme in India,Airports Authority of India (AAI),Public Sector Enterprise / Govt of India,Kaggle,https://www.aai.aero/,https://www.aai.aero/en/sports-scholarship,India,India,Indian,Undergraduate,Full-time,All,14,24,Represented State / National level in recognized sports events,Passing marks,Not specified,Any,General,Sports quota for para-athletes,Indian resident,"Rs. 12,000 - Rs. 16,000 per month",INR,Stipend,Not specified,Monthly stipend for training and education,Travel allowance for sports events,Not specified,Free,2026-10-31,1 year (renewable),Multiple across sporting categories,"Sports achievement certificates, Age proof, Aadhaar card, Educational marksheets, Bank details","Indian sports players between 14-24 years who have represented in sub-junior, junior, or senior national/state tournaments.","Evaluation of sports achievements, trial performances, and committee review.",AAI Sports Scholarship aims to encourage and support young promising sportspersons to excel in national and international sports while pursuing education.,Yes (based on athletic performance),2026-09-16
SCH_0002,Abdul Kalam Technology Innovation National Fellowship,Indian National Academy of Engineering (INAE) / DST,Government / Research Academy,Kaggle,https://www.inae.in/research-innovation/abdul-kalam-technology-innovation-national-fellowship/,https://www.inae.in/,India,India,Indian,PhD,Full-time,"Engineering, Technology Innovation",35,60,Doctoral degree or master degree with outstanding translational technology contribution,High academic / R&D track record,Not specified,Any,General,Equal Opportunity,Indian citizen working in Indian public/private institution,"Rs. 25,000 per month + Rs. 15,00,000 per year research grant",INR,Fellowship,Full research grant,Monthly honorarium in addition to regular salary,Covered via overheads and contingency grant,Not specified,Free,2026-06-30,3 years (extendable up to 5 years),Up to 10 fellowships annually,"Detailed project proposal, CV, Patents/Publications record, Host institute nomination",Engineers and technologists working in India with proven track record of translational research and technology development.,"Technological impact of work, patents, commercialization, and proposal quality.",Prestigious national fellowship recognizing and supporting outstanding innovators in engineering and translational research in India.,Yes (up to 2 additional years),2026-09-16
SCH_0003,Dr. Ambedkar Post Matric Scholarship for Economically Backward Classes,"Ministry of Social Justice & Empowerment, Govt. of India",Government,Kaggle,https://socialjustice.gov.in/,https://scholarships.gov.in/,India,India,Indian,Undergraduate,Full-time,All post-matric courses,17,35,Passed Class 10 / Matriculation,Passing marks,100000,Any,"EWS, Economically Backward Classes (EBC)",Equal Opportunity,Indian citizen,Maintenance allowance up to Rs. 750/month + compulsory non-refundable fee waiver,INR,Stipend,Compulsory course fee reimbursement,Maintenance allowance,Not specified,Hostel allowance included,Free,2026-11-30,Entire duration of the course,State quota allocations,"Income certificate, EBC certificate, Marksheets, Fee receipt, Bank passbook, Aadhaar",General category candidates belonging to Economically Backward Classes whose parental income does not exceed Rs. 1.00 Lakh per annum.,Income verification and post-matric course enrolment confirmation.,Centrally sponsored scheme providing financial assistance to EBC students pursuing higher studies post-Class 10.,Yes (subject to annual examination passing),2026-09-16
SCH_0004,Glow and Lovely Career Foundation Scholarship,Hindustan Unilever Limited (Glow & Lovely Foundation),Corporate CSR,Kaggle,https://www.glowandlovelycareers.in/,https://www.glowandlovelycareers.in/en/scholarships,India,India,Indian,Undergraduate,Full-time,All undergraduate and postgraduate courses,15,30,Minimum 60% in Class 10 and 12,60%,600000,Female,General,Equal Opportunity,Indian resident,"Rs. 25,000 to Rs. 50,000 per year",INR,Grant,Tuition assistance grant,Not specified,Not specified,Not specified,Free,2026-12-31,1 to 4 years,Approx. 50-100 annually,"Photo ID, Class 10 & 12 marksheets, Income certificate, College admission proof",Female students who have passed Class 12 with 60%+ marks and whose annual family income is under Rs. 6 Lakhs.,"Academic merit, financial background, and essay/telephonic interview.",Flagship corporate scholarship empowering meritorious women to pursue higher education and build professional careers.,Yes (based on consistent academic progress),2026-09-16
SCH_0005,INSPIRE Scholarship for Higher Education (SHE),"Department of Science and Technology (DST), Govt. of India",Government,Kaggle,https://online-inspire.gov.in/,https://online-inspire.gov.in/,India,India,Indian,Undergraduate,Full-time,"Natural and Basic Sciences (B.Sc., B.S., Int. M.Sc./M.S.)",17,22,Top 1% in Class 12 board exams or top rank in JEE/NEET pursuing natural sciences,Top 1% of State/Central Board,Not specified,Any,General,Equal Opportunity,Indian resident,"Rs. 80,000 per year (Rs. 60,000 scholarship + Rs. 20,000 mentorship project grant)",INR,Full,Covered via annual grant,"INR 5,000 monthly cash stipend",Mentorship summer project travel allowance,Supported via stipend,Free,2026-11-30,5 years (or completion of M.Sc.),"10,000 scholarships annually","Class 12 marksheet, Class 10 certificate, College admission certificate/endorsement, Aadhaar, Bank passbook",Students within top 1% at Class 12 board examination studying basic/natural sciences at college level.,Direct cut-off merit list based on respective Board percentiles.,Inspires talented youth to study natural and basic sciences and build careers in research and scientific innovation.,Yes (requires 60% or 7.0 CGPA every year),2026-09-16
SCH_0006,Indira Gandhi UGC PG Scholarship for Single Girl Child,University Grants Commission (UGC),Government,Kaggle,https://www.ugc.gov.in/,https://scholarships.gov.in/,India,India,Indian,Postgraduate,Full-time,Non-professional Master degree programs,20,30,First year regular full-time Master degree student in recognized university,Passing graduation degree,Not specified,Female,General,Equal Opportunity,Indian citizen,"Rs. 36,200 per annum",INR,Stipend,Not specified,"INR 36,200 per year maintenance allowance",Not specified,Not specified,Free,2026-10-31,2 years,"3,000 slots per year","Affidavit on Rs. 50 stamp paper declaring single girl child, Graduation marksheet, College joining proof",Any single girl child who is the only child of her parents and is enrolled in 1st year regular PG course.,Direct award to eligible validated single girl child applicants.,Supports postgraduate education of single girl children across India to promote gender equity in higher studies.,Yes (for second year upon promotion),2026-09-16
SCH_0007,National Fellowship for Persons with Disabilities (NFPwD),Department of Empowerment of Persons with Disabilities / UGC,Government,Kaggle,https://disabilityaffairs.gov.in/,https://www.ugc.gov.in/,India,India,Indian,PhD,Full-time,All academic research disciplines (M.Phil / Ph.D),21,40,Enrolled in regular full-time M.Phil / Ph.D in recognized Indian university,55% in Master degree (50% for SC/ST/PwD),Not specified,Any,General,Persons with benchmark disability of 40% and above,Indian citizen,"Rs. 31,000 to Rs. 35,000 per month + HRA + contingency",INR,Full,Exemption / reimbursement of institutional research fees,Monthly JRF/SRF stipend,Travel grant for academic fieldwork and conferences,House Rent Allowance (HRA) as per city grade,Free,2026-08-31,5 years,200 slots per annum,"Disability certificate (40%+ benchmark), Master degree certificate, Research enrollment proof, Aadhaar",Candidates with benchmark disabilities admitted to full-time research programs at universities recognized by UGC.,Merit list prepared based on qualifying postgraduation marks and verification.,Fellowship scheme enabling students with disabilities to pursue advanced research degrees in Indian institutions.,Yes (annually through research progress review),2026-09-16
SCH_0008,National Overseas Scholarship (NOS) for SC / ST Candidates,"Ministry of Social Justice & Empowerment, Govt. of India",Government,Kaggle,https://nosmsje.gov.in/,https://nosmsje.gov.in/,India,International,Indian,Postgraduate,Full-time,"Science, Engineering, Management, Humanities, Social Sciences abroad",18,35,Minimum 60% in bachelor or master degree + unconditional offer letter from top 500 QS ranked university,60%,800000,Any,"SC, ST, De-notified Tribes",Equal Opportunity,Indian resident belonging to designated marginalized categories,"Full tuition fees + annual maintenance allowance (USD 15,400 / GBP 9,900) + flight",USD,Full,100% tuition fee paid directly to foreign university,"Annual maintenance allowance USD 15,400 (USA) / GBP 9,900 (UK)",Round-trip economy international airfare + visa fees,Covered via living allowance,Free,2026-06-30,1 to 3 years (Master) / 4 years (Ph.D),125 slots per year,"Caste certificate, Income certificate, Unconditional offer letter from foreign university, Degree marksheet","SC, Nomadic, and Semi-Nomadic tribe students having family income below Rs. 8 Lakh per year with foreign university admission.",QS world university ranking of host institution and candidate academic performance.,Flagship government overseas scholarship facilitating master and doctoral studies at top global institutions.,Yes (duration of course),2026-09-16
SCH_0009,ONGC Sports Scholarship Scheme,Oil and Natural Gas Corporation (ONGC),Public Sector Enterprise / Govt of India,Kaggle,https://www.ongcindia.com/,https://ongcindia.com/wps/wcm/connect/en/sports/sports-scholarship,India,India,Indian,Undergraduate,Full-time,All,14,25,Represented India or podium finish in National Championships,Passing marks,Not specified,Any,General,Dedicated quota for para-sportspersons,Indian citizen,"Rs. 15,000 to Rs. 30,000 per month",INR,Stipend,Not specified,Monthly scholarship stipend for sports training and equipment,Travel support for national tournaments,Not specified,Free,2026-09-30,1 to 2 years,Up to 250 sportspersons across 25 games,"Certificate of sports participation/podium finish, Birth certificate, Educational certificate, Bank details",Young promising sportspersons with outstanding records at national or international level in designated sports.,"Sports merit ranking, trials, and performance review by ONGC Sports Council.",ONGC provides financial assistance to emerging athletic talents to pursue higher education alongside competitive sports.,Yes (based on athletic progression),2026-09-16
SCH_0010,Pragati Scholarship Scheme for Girl Students (AICTE),All India Council for Technical Education (AICTE),Government,Kaggle,https://www.aicte-india.org/,https://scholarships.gov.in/,India,India,Indian,Undergraduate,Full-time,"Technical Education (Engineering, Pharmacy, Architecture, Technology)",17,25,Admitted to 1st year of degree/diploma program in AICTE approved institution,Passed 10+2 / Diploma exam,800000,Female,General,Equal Opportunity,Indian resident,"Rs. 50,000 per annum",INR,Grant,"Lump sum grant for tuition, books, equipment, software",Covered under lump sum annual amount,Not specified,Not specified,Free,2026-10-31,4 years (Degree) / 3 years (Diploma),"10,000 scholarships annually","Class 10 & 12 marksheets, Income certificate, Fee receipt, Institute verification, Bank passbook",Girl students admitted to AICTE approved technical programs; maximum 2 girls per family; family income under 8 LPA.,Merit list prepared on the basis of qualifying examination score.,Scheme to provide encouragement and financial support to girl students to pursue technical education.,Yes (on promotion to next academic year),2026-09-16
SCH_0011,Post Matric Scholarship Scheme for SC Students,"Ministry of Social Justice and Empowerment, Govt. of India",Government,NSP,https://scholarships.gov.in/,https://scholarships.gov.in/,India,India,Indian,Postgraduate,Full-time,All,17.0,35.0,Passed Class 10,Not specified,250000.0,Any,SC,Equal Opportunity,Not specified,"Rs.570-Rs.1,200 per month",INR,Partial,Partial or Waiver,Not specified,Not specified,Not specified,Free,2026-11-30,1 to 4 years,Varies by cohort,"Caste certificate, Income certificate, Marksheet, Aadhaar, Bank passbook",Passed Class 10; Indian candidates; Postgraduate level.,"Academic merit, financial background, and eligibility evaluation.",Central sector scholarship for SC students pursuing post-matriculation studies across India.,Not specified,2026-09-16
SCH_0012,Post Matric Scholarship Scheme for ST Students,"Ministry of Tribal Affairs, Govt. of India",Government,NSP,https://scholarships.gov.in/,https://scholarships.gov.in/,India,India,Indian,Postgraduate,Full-time,All,17.0,35.0,Passed Class 10,Not specified,250000.0,Any,ST,Equal Opportunity,Not specified,"Rs.230-Rs.1,200 per month",INR,Partial,Partial or Waiver,Not specified,Not specified,Not specified,Free,2026-11-30,1 to 4 years,Varies by cohort,"Tribe certificate, Income certificate, Marksheet, Aadhaar, Bank passbook",Passed Class 10; Indian candidates; Postgraduate level.,"Academic merit, financial background, and eligibility evaluation.",For ST students pursuing post-matric studies including professional courses.,Not specified,2026-09-16
SCH_0013,Post Matric Scholarship for Minorities,"Ministry of Minority Affairs, Govt. of India",Government,NSP,https://scholarships.gov.in/,https://scholarships.gov.in/,India,India,Indian,Postgraduate,Full-time,All,16.0,35.0,50%,50%,200000.0,Any,Minority,Equal Opportunity,Not specified,Maintenance allowance plus tuition fees,INR,Full,Full,Included,Not specified,Not specified,Free,2026-10-31,1 to 4 years,Varies by cohort,"Minority certificate, Income certificate, Marksheet, Aadhaar",50%; Indian candidates; Postgraduate level.,"Academic merit, financial background, and eligibility evaluation.",Scholarship for students from Muslim/Christian/Sikh/Buddhist/Jain/Zoroastrian communities.,Not specified,2026-09-16
SCH_0014,Pre Matric Scholarship for Minorities,"Ministry of Minority Affairs, Govt. of India",Government,NSP,https://scholarships.gov.in/,https://scholarships.gov.in/,India,India,Indian,School,Full-time,All,6.0,16.0,50%,50%,100000.0,Any,Minority,Equal Opportunity,Not specified,"Rs.1,000-Rs.10,000 per year",INR,Partial,Partial or Waiver,Not specified,Not specified,Not specified,Free,2026-10-31,1 to 4 years,Varies by cohort,"Minority certificate, Income certificate, Marksheet, Aadhaar",50%; Indian candidates; School level.,"Academic merit, financial background, and eligibility evaluation.",For minority community students studying in Class 1 to 10.,Yes,2026-09-16
SCH_0015,Merit-cum-Means Based Scholarship for Minorities,"Ministry of Minority Affairs, Govt. of India",Government,NSP,https://scholarships.gov.in/,https://scholarships.gov.in/,India,India,Indian,Postgraduate,Full-time,Technical/Medical/Management/Law,17.0,30.0,50%,50%,250000.0,Any,Minority,Equal Opportunity,Not specified,"Rs.20,000 per year plus maintenance allowance",INR,Partial,Partial or Waiver,Not specified,Not specified,Not specified,Free,2026-10-31,1 to 4 years,Varies by cohort,"Minority certificate, Income certificate, Marksheet, Admission letter",50%; Indian candidates; Postgraduate level.,"Academic merit, financial background, and eligibility evaluation.",For minority students in professional UG or PG courses.,Yes,2026-09-16
SCH_0016,National Means cum Merit Scholarship (NMMS),"Ministry of Education, Govt. of India",Government,NSP,https://scholarships.gov.in/,https://scholarships.gov.in/,India,India,Indian,School,Full-time,All,13.0,18.0,55% in Class 7,55% in Class 7,150000.0,Any,General/SC/ST/OBC,Equal Opportunity,Not specified,"Rs.12,000 per year",INR,Partial,Partial or Waiver,Not specified,Not specified,Not specified,Free,2026-09-30,1 to 4 years,Varies by cohort,"Class 7 marksheet, Income certificate, NMMS scorecard, Aadhaar",55% in Class 7; Indian candidates; School level.,"Academic merit, financial background, and eligibility evaluation.",For talented students from economically weaker sections to prevent dropout at Class 8 level.,Yes,2026-09-16
SCH_0017,National Scholarship for Higher Education of ST Students,"Ministry of Tribal Affairs, Govt. of India",Government,NSP,https://scholarships.gov.in/,https://scholarships.gov.in/,India,India,Indian,Undergraduate,Full-time,All,17.0,25.0,50%,50%,200000.0,Any,ST,Equal Opportunity,Not specified,"Rs.3,000-Rs.4,500 per month",INR,Partial,Partial or Waiver,Not specified,Not specified,Not specified,Free,2026-10-31,1 to 4 years,Varies by cohort,"Tribe certificate, Income certificate, Marksheet, Aadhaar, Bank passbook",50%; Indian candidates; Undergraduate level.,"Academic merit, financial background, and eligibility evaluation.",For Scheduled Tribe students pursuing higher education in India.,Not specified,2026-09-16
SCH_0018,Top Class Education for Students with Disabilities,"Ministry of Social Justice and Empowerment, Govt. of India",Government,NSP,https://scholarships.gov.in/,https://scholarships.gov.in/,India,India,Indian,Postgraduate,Full-time,All,17.0,35.0,60%,60%,600000.0,Any,Persons with Disabilities,Persons with Disabilities eligible,Not specified,Full tuition plus maintenance plus book allowance,INR,Full,Full,Included,Not specified,Not specified,Free,2026-10-31,1 to 4 years,Varies by cohort,"Disability certificate (40% +), Marksheet, Income certificate, Aadhaar",60%; Indian candidates; Postgraduate level.,"Academic merit, financial background, and eligibility evaluation.",Scholarship for students with benchmark disabilities at premier institutions.,Not specified,2026-09-16
SCH_0019,Financial Support to SC Students Pursuing Coaching,"Ministry of Social Justice and Empowerment, Govt. of India",Government,NSP,https://scholarships.gov.in/,https://scholarships.gov.in/,India,India,Indian,Undergraduate,Full-time,Civil Services/Banking/IIT-JEE/NEET,18.0,30.0,55%,55%,800000.0,Any,SC,Equal Opportunity,Not specified,"Up to Rs.75,000 coaching fees",INR,Full,Full,Included,Not specified,Not specified,Free,2026-09-30,1 to 4 years,Varies by cohort,"Caste certificate, Income certificate, Coaching institute admission proof, Aadhaar",55%; Indian candidates; Undergraduate level.,"Academic merit, financial background, and eligibility evaluation.",Supports SC students to take coaching for competitive examinations.,Not specified,2026-09-16
SCH_0020,Centrally Sponsored Scholarship for OBC Students,"Ministry of Social Justice and Empowerment, Govt. of India",Government,NSP,https://scholarships.gov.in/,https://scholarships.gov.in/,India,India,Indian,Postgraduate,Full-time,All,17.0,30.0,Passed qualifying exam,Not specified,150000.0,Any,OBC,Equal Opportunity,Not specified,"Rs.300-Rs.1,000 per month",INR,Partial,Partial or Waiver,Not specified,Not specified,Not specified,Free,2026-11-30,1 to 4 years,Varies by cohort,"OBC certificate, Income certificate, Marksheet, Aadhaar",Passed qualifying exam; Indian candidates; Postgraduate level.,"Academic merit, financial background, and eligibility evaluation.",Post-matric scholarship for students from Other Backward Classes.,Not specified,2026-09-16
SCH_0021,Begum Hazrat Mahal National Scholarship,Maulana Azad Education Foundation (MAEF),Foundation / Corporate,NSP,https://maef.nic.in/,https://maef.nic.in/,India,India,Indian,School,Full-time,All,13.0,18.0,50%,50%,200000.0,Female,Minority,Equal Opportunity,Not specified,"Rs.5,000-Rs.6,000 per year",INR,Partial,Partial or Waiver,Not specified,Not specified,Not specified,Free,2026-09-30,1 to 4 years,Varies by cohort,"Minority certificate, Income certificate, Marksheet, Aadhaar",50%; Indian candidates; School level.,"Academic merit, financial background, and eligibility evaluation.",For meritorious girl students from minority communities studying in Class 9 to 12.,Yes,2026-09-16
SCH_0022,Dr Ambedkar Post Matric Scholarship for EBC Students,"Ministry of Social Justice and Empowerment, Govt. of India",Government,NSP,https://scholarships.gov.in/,https://scholarships.gov.in/,India,India,Indian,Postgraduate,Full-time,All,17.0,35.0,Passed Class 10,Not specified,100000.0,Any,EWS,Equal Opportunity,Not specified,"Rs.570-Rs.1,200 per month",INR,Partial,Partial or Waiver,Not specified,Not specified,Not specified,Free,2026-11-30,1 to 4 years,Varies by cohort,"EBC income certificate, Marksheet, Aadhaar, Bank passbook",Passed Class 10; Indian candidates; Postgraduate level.,"Academic merit, financial background, and eligibility evaluation.",Post-matric scholarship for students from Economically Backward Classes.,Not specified,2026-09-16
SCH_0023,Pre Matric Scholarship for SC Students,"Ministry of Social Justice and Empowerment, Govt. of India",Government,NSP,https://scholarships.gov.in/,https://scholarships.gov.in/,India,India,Indian,School,Full-time,All,13.0,16.0,Passed Class 8,Not specified,250000.0,Any,SC,Equal Opportunity,Not specified,Rs.150-Rs.750 per month,INR,Partial,Partial or Waiver,Not specified,Not specified,Not specified,Free,2026-11-30,1 to 4 years,Varies by cohort,"Caste certificate, Income certificate, Marksheet, Aadhaar",Passed Class 8; Indian candidates; School level.,"Academic merit, financial background, and eligibility evaluation.",Pre-matric scholarship for SC students studying in Class 9 and 10.,Not specified,2026-09-16
SCH_0024,Prime Minister Research Fellowship (PMRF),"Ministry of Education, Govt. of India",Government,NSP,https://www.pmrf.in/,https://www.pmrf.in/,India,India,Indian,PhD,Full-time,Science/Technology/Engineering/Mathematics,22.0,32.0,First division in BE/BTech/Integrated MSc,Not specified,Not specified,Any,General,Equal Opportunity,Not specified,"Rs.70,000-Rs.80,000 per month (progressive)",INR,Full,Full,Included,Not specified,Not specified,Free,2026-03-31,1 to 4 years,Varies by cohort,"Degree certificate, GATE score, Research proposal, References",First division in BE/BTech/Integrated MSc; Indian candidates; PhD level.,"Academic merit, financial background, and eligibility evaluation.",Prestigious fellowship for top graduates to pursue PhD at IITs/IISc with high stipend.,Not specified,2026-09-16
SCH_0025,Fulbright U.S. Student Program,Institute of International Education (IIE) / U.S. Dept. of State,University,IIE,https://us.fulbrightonline.org/,https://us.fulbrightonline.org/,USA,International,American (for study abroad),Postgraduate,Full-time,All,18.0,50.0,Bachelor degree,Not specified,Not specified,Any,General,Equal Opportunity,Not specified,Full grant (tuition plus living plus airfare),USD,Full,Full,Included,Not specified,Not specified,Free,2026-10-14,1 to 4 years,Varies by cohort,"Transcripts, Language proficiency, References, Project proposal",Bachelor degree; American (for study abroad) candidates; Postgraduate level.,"Academic merit, financial background, and eligibility evaluation.","Flagship US government program for US graduates to study, teach or conduct research abroad.",Not specified,2026-09-16
SCH_0026,IIE Emergency Student Fund,Institute of International Education (IIE),University,IIE,https://www.iie.org/programs/emergency-student-fund/,https://www.iie.org/programs/emergency-student-fund/,USA,USA,International students in USA,Postgraduate,Full-time,All,18.0,45.0,Currently enrolled,Not specified,Not specified,Any,General,Equal Opportunity,Not specified,"Emergency grant up to $5,000",USD,Partial,Partial or Waiver,Not specified,Not specified,Not specified,Free,Rolling,1 to 4 years,Varies by cohort,"Enrollment verification, Financial hardship statement",Currently enrolled; International students in USA candidates; Postgraduate level.,"Academic merit, financial background, and eligibility evaluation.",Emergency grants for international students in USA facing unexpected financial crises.,Not specified,2026-09-16
SCH_0027,Benjamin A. Gilman International Scholarship,IIE / U.S. Dept. of State,Foundation / Corporate,IIE,https://www.iie.org/programs/gilman-scholarship-program/,https://www.iie.org/programs/gilman-scholarship-program/,USA,South Korea,American Pell Grant recipients,Undergraduate,Full-time,All,18.0,25.0,Currently enrolled plus Pell Grant eligible,Not specified,Not specified,Any,EWS,Equal Opportunity,Not specified,"Up to $5,000 ($8,000 for critical language)",USD,Partial,Partial or Waiver,Not specified,Not specified,Not specified,Free,2026-10-07,1 to 4 years,Varies by cohort,"Pell Grant verification, Transcripts, Essays, Advisor endorsement",Currently enrolled plus Pell Grant eligible; American Pell Grant recipients candidates; Undergraduate level.,"Academic merit, financial background, and eligibility evaluation.",Enables US undergraduate students of limited financial means to study abroad.,Not specified,2026-09-16
SCH_0028,Humphrey Fellowship Program (IIE Administered),IIE / U.S. Dept. of State,Foundation / Corporate,IIE,https://www.iie.org/programs/humphrey-fellowship-program/,https://www.iie.org/programs/humphrey-fellowship-program/,USA,USA,Developing country mid-career professionals,Postgraduate,Full-time,Public Policy/Education/Journalism/Law/Public Health,30.0,50.0,Bachelor plus 5 years experience,Not specified,Not specified,Any,General,Equal Opportunity,Not specified,Full program cost,USD,Full,Full,Included,Not specified,Not specified,Free,2026-09-01,1 to 4 years,Varies by cohort,"CV, Essays, References, Degree, English score",Bachelor plus 5 years experience; Developing country mid-career professionals candidates; Postgraduate level.,"Academic merit, financial background, and eligibility evaluation.",10-month non-degree fellowship for experienced professionals from developing countries.,Not specified,2026-09-16
SCH_0029,IIE Boren Scholars Program,IIE / National Security Education Program (NSEP),Foundation / Corporate,IIE,https://borenawards.org/boren-scholars/,https://borenawards.org/boren-scholars/,USA,Underrepresented regions (Africa/Asia/Middle East/Latin America),American citizens,Undergraduate,Full-time,National Security/Defense related,18.0,26.0,Good standing plus US citizenship,Not specified,Not specified,Any,General,Equal Opportunity,Not specified,"Up to $20,000",USD,Partial,Partial or Waiver,Not specified,Not specified,Not specified,Free,2027-02-01,1 to 4 years,Varies by cohort,"Transcripts, Essays, References, Language plan",Good standing plus US citizenship; American citizens candidates; Undergraduate level.,"Academic merit, financial background, and eligibility evaluation.",Scholarships for US undergrads to study world regions critical to US national security.,Not specified,2026-09-16
SCH_0030,Robert Bosch Foundation Fellowship Program,Robert Bosch Foundation (IIE administered),Foundation / Corporate,IIE,https://www.iie.org/programs/robert-bosch-foundation-fellowship-program/,https://www.iie.org/programs/robert-bosch-foundation-fellowship-program/,Germany,Germany,American professionals,Postgraduate,Full-time,Business/Economics/Journalism/Public Policy/Law,25.0,35.0,Master degree or equivalent plus work experience,Not specified,Not specified,Any,General,Equal Opportunity,Not specified,"EUR 2,100-2,500 per month plus travel plus language training",EUR,Full,Full,Included,Not specified,Not specified,Free,2026-11-01,1 to 4 years,Varies by cohort,"CV, Essays, References, Degree certificate",Master degree or equivalent plus work experience; American professionals candidates; Postgraduate level.,"Academic merit, financial background, and eligibility evaluation.",9-month fellowship for accomplished young American professionals to work at German organizations.,Not specified,2026-09-16
SCH_0031,NSLI-Y National Security Language Initiative for Youth,IIE / U.S. Dept. of State,Foundation / Corporate,IIE,https://www.iie.org/programs/nsli-y/,https://www.iie.org/programs/nsli-y/,USA,Multiple (language regions),American high school students,School,Full-time,Language Learning,15.0,18.0,Strong academic record,Not specified,Not specified,Any,General,Equal Opportunity,Not specified,Full program (tuition plus room plus board plus flights),USD,Full,Full,Included,Not specified,Not specified,Free,2026-12-01,1 to 4 years,Varies by cohort,"Transcript, Essays, References, Parent consent",Strong academic record; American high school students candidates; School level.,"Academic merit, financial background, and eligibility evaluation.",Immersive overseas language programs for US high school students in critical languages.,Not specified,2026-09-16
SCH_0032,Generation Study Abroad Scholarship,IIE / Generation Study Abroad Initiative,Foundation / Corporate,IIE,https://www.iie.org/programs/generation-study-abroad/,https://www.iie.org/programs/generation-study-abroad/,USA,International,American undergrads (underrepresented groups),Undergraduate,Full-time,All,18.0,25.0,Enrolled in a US institution,Not specified,Not specified,Any,EWS/Minority,Equal Opportunity,Not specified,"$1,000-$5,000",USD,Partial,Partial or Waiver,Not specified,Not specified,Not specified,Free,Rolling,1 to 4 years,Varies by cohort,"Enrollment proof, Essays, Financial need statement",Enrolled in a US institution; American undergrads (underrepresented groups) candidates; Undergraduate level.,"Academic merit, financial background, and eligibility evaluation.",Scholarships to increase study abroad access for underrepresented US students.,Not specified,2026-09-16
SCH_0033,IIE Scholar Rescue Fund Fellowship,Institute of International Education (IIE),University,IIE,https://www.scholarrescuefund.org/,https://www.scholarrescuefund.org/,USA,USA,Scholars at risk worldwide,Postgraduate,Full-time,All,25.0,60.0,PhD or equivalent professional experience,Not specified,Not specified,Any,General,Equal Opportunity,Not specified,"$25,000 stipend plus host institution support",USD,Full,Full,Included,Not specified,Not specified,Free,Rolling,1 to 4 years,Varies by cohort,"CV, Research record, Threat documentation, References",PhD or equivalent professional experience; Scholars at risk worldwide candidates; Postgraduate level.,"Academic merit, financial background, and eligibility evaluation.",Fellowships placing threatened scholars at host academic institutions where they can continue their work.,Not specified,2026-09-16
SCH_0034,The Quad Fellowship,Institute of International Education (IIE) / Quad Governments,International Body,IIE,https://www.quadfellowship.org/,https://www.quadfellowship.org/apply,USA,USA,"Citizens of Australia, India, Japan, United States, and ASEAN countries",Postgraduate,Full-time,"STEM (Science, Technology, Engineering, Mathematics)",18,Not specified,Undergraduate degree in STEM completed by program start,Superior academic record,Not specified,Any,General,Equal Opportunity,Citizenship or legal permanent resident of Quad or ASEAN nation,40000,USD,Fellowship,Supported via stipend and host institution,"USD 40,000 one-time funding stipend",Travel to leadership retreats included,Supported via stipend,Free,2026-06-30,1 year of fellowship programming,Up to 100 fellows,"Transcripts, Resume, 3 Recommendations, STEM research essay, Quad vision essay",Demonstrated academic excellence in STEM; commitment to advancing innovation and collaboration across Quad nations.,"Academic achievement, STEM research potential, interpersonal leadership, alignment with Quad goals.",First-of-its-kind fellowship designed to build ties among the next generation of STEM leaders from Quad and ASEAN nations.,No,2026-09-16
SCH_0035,The Language Flagship Fellowship,Institute of International Education / NSEP,Government,IIE,https://www.thelanguageflagship.org/,https://www.thelanguageflagship.org/apply,USA,USA,US Citizens,Undergraduate,Full-time,"Critical Languages (Arabic, Chinese, Korean, Russian, Persian, Portuguese)",18,Not specified,Enrolled in Flagship undergraduate program at designated US university,3.0+ GPA,Not specified,Any,General,Equal Opportunity,US Citizen,20000,USD,Full,Full tuition for capstone year abroad,Living stipend during overseas capstone,Round-trip international flight provided,Covered via capstone stipend,Free,2026-11-15,1 academic year (overseas capstone),Varies by language institution,"Undergraduate transcripts, Language proficiency assessment, Recommendation letters",Undergraduate students enrolled at an approved Language Flagship institution committed to reaching professional level.,"Language proficiency progression, academic performance, commitment to public service.",Prepares undergraduate students to graduate with professional-level proficiency in critical world languages.,No,2026-09-16
SCH_0036,Central Sector Scheme of Scholarships for College and University Students,"Department of Higher Education, Ministry of Education, Govt. of India",Government,NSP,https://scholarships.gov.in/,https://scholarships.gov.in/,India,India,Indian,Undergraduate,Full-time,"All (Science, Commerce, Humanities, Engineering, Medical)",17,25,Top 20th percentile in relevant stream in Class 12 board examination,Top 20th percentile (Approx. 80%+),450000,Any,"General, SC, ST, OBC, EWS",5% horizontal reservation for PwD,Indian resident,12000,INR,Stipend,Not specified,"INR 12,000 per annum for UG, INR 20,000 per annum for PG",Not specified,Not specified,Free,2026-10-31,Up to 5 years (UG + PG),"82,000 fresh scholarships annually","Class 12 Marksheet, Income certificate, Aadhaar, Bank account passbook, College admission proof",Students who are above 80th percentile of successful candidates in the relevant stream from a recognized Board.,Merit list prepared stream-wise and quota-wise according to state board percentiles.,Central scheme providing financial assistance to meritorious students from low-income families to meet day-to-day expenses.,Yes (requires 50%+ marks each year and 75% attendance),2026-09-16
SCH_0038,Pragati Scholarship Scheme for Girl Students (Technical Degree),All India Council for Technical Education (AICTE),Government,NSP,https://www.aicte-india.org/schemes/students-development-schemes,https://scholarships.gov.in/,India,India,Indian,Undergraduate,Full-time,"Technical Degree (Engineering, Technology, Architecture, Pharmacy)",17,24,Admitted to 1st year of degree programme in AICTE approved institution,Passed 10+2 qualifying exam,800000,Female,"General, SC, ST, OBC",Equal Opportunity,Indian resident,50000,INR,Grant,"Lump-sum grant towards college fees, books, computer, software","INR 50,000 per annum consolidated",Not specified,Not specified,Free,2026-10-31,Up to 4 years,"10,000 scholarships per annum","Class 10 & 12 marksheet, Family income certificate, College admission receipt, Aadhaar, Bank passbook",Maximum two girl children per family; family income less than Rs. 8 Lakh per annum; admitted via centralized admission.,Merit of the qualifying examination (10+2) among eligible applicants.,AICTE initiative to empower young women with technical education support across India.,Yes (annually on passing),2026-09-16
SCH_0039,Post Matric Scholarship for Students with Disabilities,"Department of Empowerment of Persons with Disabilities, Govt. of India",Government,NSP,https://disabilityaffairs.gov.in/,https://scholarships.gov.in/,India,India,Indian,Postgraduate,Full-time,All recognized courses post Class 12,17,35,Passed previous examination and enrolled in recognized post-matric course,Passing marks,250000,Any,"General, SC, ST, OBC",Persons with benchmark disability of 40% and above,Indian citizen,16000,INR,Stipend,Tuition fees reimbursement,"Monthly maintenance allowance INR 900 - 1,600 + disability allowance",Conveyance allowance provided,Hostel allowance included,Free,2026-11-30,Duration of degree,"17,000 slots per annum","Disability certificate from competent medical authority, Income certificate, Marksheets, Fee receipt",Students with 40%+ benchmark disability; parental income below Rs. 2.5 Lakh per annum.,Verification of medical certificate and income threshold.,"Comprehensive central scholarship providing maintenance, tuition, and specialized aids for disabled students.",Yes,2026-09-16
SCH_0040,National Fellowship and Scholarship for Higher Education of ST Students,"Ministry of Tribal Affairs, Govt. of India",Government,NSP,https://tribal.nic.in/,https://scholarships.gov.in/,India,India,Indian,Undergraduate,Full-time,"Engineering, Medicine, Law, Management, Agriculture at Top Institute List",17,30,"Secured admission to an identified premier institute (IIT, IIM, NIT, AIIMS, NLU, etc.)",Passing entrance / admission standard,600000,Any,ST,Equal Opportunity,Indian resident belonging to Scheduled Tribe,250000,INR,Full,Full tuition fee reimbursement for identified institutes,"Living expenses INR 3,000 per month",Not specified,Included in living allowance,Free,2026-10-31,Entire duration of professional degree,"1,000 fresh scholarships annually","ST Caste certificate, Family income certificate, Admission letter from premier institute, Fee receipt",ST students admitted to 246 designated premier higher education institutions.,Direct funding upon verification of premier institute admission and ST caste validation.,Ministry of Tribal Affairs flagship scheme financing higher education of ST students in elite national institutes.,Yes,2026-09-16
SCH_0041,DAAD Scholarships for Development-Related Postgraduate Courses,DAAD (German Academic Exchange Service),Foundation / Corporate,StudyPortals,https://www.daad.de/en/study-and-research-in-germany/scholarships/,https://www.daad.de/en/study-and-research-in-germany/scholarships/,Germany,Germany,Developing countries including India,Postgraduate,Full-time,Development-related subjects (Agri/Engineering/Social/Economics),22.0,36.0,Very good bachelor degree,Not specified,Not specified,Any,General,Equal Opportunity,Not specified,EUR 934 per month plus travel allowance plus health insurance,EUR,Full,Full,Included,Not specified,Not specified,Free,2026-09-30,1 to 4 years,Varies by cohort,"Bachelor certificate, Language certificate, CV, Motivation letter, References",Very good bachelor degree; Developing countries including India candidates; Postgraduate level.,"Academic merit, financial background, and eligibility evaluation.",Fully funded for students from developing countries to pursue master programs in Germany.,Not specified,2026-09-16
SCH_0042,Erasmus Plus Scholarship,European Commission,Government,StudyPortals,https://erasmus-plus.ec.europa.eu/,https://erasmus-plus.ec.europa.eu/,Europe (multiple),Europe,Any,PhD,Full-time,All,18.0,45.0,Varies by program,Not specified,Not specified,Any,General,Equal Opportunity,Not specified,"EUR 500-EUR 1,000 per month plus travel grant",EUR,Partial,Partial or Waiver,Not specified,Not specified,Not specified,Free,2027-02-01,1 to 4 years,Varies by cohort,"Transcript, Language certificate, Motivation letter, CV, Learning agreement",Varies by program; Any candidates; PhD level.,"Academic merit, financial background, and eligibility evaluation.","EU exchange and scholarship programme supporting study, training and research in Europe.",Not specified,2026-09-16
SCH_0043,Chevening Scholarships,UK Government / FCDO,Foundation / Corporate,StudyPortals,https://www.chevening.org/,https://www.chevening.org/,United Kingdom,United Kingdom,Indian,Postgraduate,Full-time,All,21.0,50.0,Undergraduate degree (upper second class 60% plus),Undergraduate degree (upper second class 60% plus),Not specified,Any,General,Equal Opportunity,Not specified,Full tuition plus living expenses plus flights,GBP,Full,Full,Included,Not specified,Not specified,Free,2026-11-05,1 to 4 years,Varies by cohort,"Transcripts, 2 years work experience proof, References, Statement of purpose",Undergraduate degree (upper second class 60% plus); Indian candidates; Postgraduate level.,"Academic merit, financial background, and eligibility evaluation.",UK government global scholarship for outstanding emerging leaders to pursue one-year master.,Not specified,2026-09-16
SCH_0044,Commonwealth Masters Scholarships,"Commonwealth Scholarship Commission (CSC), UK",Government,StudyPortals,https://cscuk.fcdo.gov.uk/,https://cscuk.fcdo.gov.uk/,United Kingdom,United Kingdom,Indian (Commonwealth citizens),Postgraduate,Full-time,All,22.0,40.0,Upper second class bachelor degree (60% plus),Upper second class bachelor degree (60% plus),Not specified,Any,General,Equal Opportunity,Not specified,Full tuition plus living allowance plus airfare plus thesis grant,GBP,Full,Full,Included,Not specified,Not specified,Free,2026-10-16,1 to 4 years,Varies by cohort,"Degree certificate, Transcripts, References, Statement of purpose, English proficiency",Upper second class bachelor degree (60% plus); Indian (Commonwealth citizens) candidates; Postgraduate level.,"Academic merit, financial background, and eligibility evaluation.",Fully funded master scholarships for citizens of Commonwealth countries.,Not specified,2026-09-16
SCH_0045,Gates Cambridge Scholarship,Bill and Melinda Gates Foundation,Foundation / Corporate,StudyPortals,https://www.gatescambridge.org/,https://www.gatescambridge.org/,United Kingdom,United Kingdom,Any (non-UK),PhD,Full-time,All (research or taught postgraduate),21.0,45.0,Outstanding academic record,Not specified,Not specified,Any,General,Equal Opportunity,Not specified,Full tuition plus maintenance plus flights,GBP,Full,Full,Included,Not specified,Not specified,Free,2026-10-14,1 to 4 years,Varies by cohort,"Transcripts, Statement of purpose, 3 References, Research proposal",Outstanding academic record; Any (non-UK) candidates; PhD level.,"Academic merit, financial background, and eligibility evaluation.",Prestigious scholarship for outstanding scholars from any country to study at University of Cambridge.,Not specified,2026-09-16
SCH_0046,Australia Awards Scholarships,Australian Government - Dept. of Foreign Affairs and Trade,Foundation / Corporate,StudyPortals,https://www.australiaawards.gov.au/,https://www.australiaawards.gov.au/,Australia,Australia,Indian,Postgraduate,Full-time,Development-related fields,25.0,45.0,Good bachelor degree,Not specified,Not specified,Any,General,Equal Opportunity,Not specified,Full tuition plus airfares plus living allowance plus health cover,AUD,Full,Full,Included,Not specified,Not specified,Free,2026-04-30,1 to 4 years,Varies by cohort,"Transcripts, Work experience proof, English test (IELTS/TOEFL), References",Good bachelor degree; Indian candidates; Postgraduate level.,"Academic merit, financial background, and eligibility evaluation.",Fully funded Australian government scholarships for citizens of Indo-Pacific and African countries.,Not specified,2026-09-16
SCH_0047,Fulbright Foreign Student Program,U.S. Department of State,Foundation / Corporate,StudyPortals,https://foreign.fulbrightonline.org/,https://foreign.fulbrightonline.org/,USA,USA,Indian,PhD,Full-time,All,22.0,45.0,Bachelor degree with first division,Not specified,Not specified,Any,General,Equal Opportunity,Not specified,Full tuition plus living plus travel plus health insurance,USD,Full,Full,Included,Not specified,Not specified,Free,2026-05-15,1 to 4 years,Varies by cohort,"Transcripts, GRE/GMAT, Statement of purpose, References, English proficiency",Bachelor degree with first division; Indian candidates; PhD level.,"Academic merit, financial background, and eligibility evaluation.",Flagship US government scholarship for international students to pursue graduate study in USA.,Not specified,2026-09-16
SCH_0048,MEXT Japanese Government Scholarship,Ministry of Education Culture Sports Science and Technology Japan,Government,StudyPortals,https://www.studyinjapan.go.jp/en/,https://www.studyinjapan.go.jp/en/,Japan,Japan,Indian,PhD,Full-time,All,17.0,35.0,70% plus,70% plus,Not specified,Any,General,Equal Opportunity,Not specified,"JPY 117,000-145,000 per month plus tuition waiver plus airfares",JPY,Full,Full,Included,Not specified,Not specified,Free,2026-05-31,1 to 4 years,Varies by cohort,"Transcripts, Research plan, Physical examination certificate, Language certificate",70% plus; Indian candidates; PhD level.,"Academic merit, financial background, and eligibility evaluation.",Japanese government scholarship for foreign students to study at Japanese universities.,Not specified,2026-09-16
SCH_0049,Swedish Institute Scholarships for Global Professionals (SISGP),Swedish Institute,University,StudyPortals,https://si.se/en/apply/scholarships/,https://si.se/en/apply/scholarships/,Sweden,Sweden,Select countries including India,Postgraduate,Full-time,All,24.0,45.0,Bachelor degree plus 3000 hrs professional experience,Not specified,Not specified,Any,General,Equal Opportunity,Not specified,"SEK 11,000 per month plus tuition plus travel plus insurance",USD,Full,Full,Included,Not specified,Not specified,Free,2027-02-15,1 to 4 years,Varies by cohort,"Transcripts, CV, Work experience proof, Motivation letter, References",Bachelor degree plus 3000 hrs professional experience; Select countries including India candidates; Postgraduate level.,"Academic merit, financial background, and eligibility evaluation.",Fully funded scholarship for young professionals from select countries to pursue master in Sweden.,Not specified,2026-09-16
SCH_0050,ETH Zurich Excellence Scholarship and Opportunity Programme,ETH Zurich,Foundation / Corporate,StudyPortals,https://ethz.ch/en/studies/financial/scholarships/excellencescholarship.html,https://ethz.ch/en/studies/financial/scholarships/excellencescholarship.html,Switzerland,Switzerland,Any,Postgraduate,Full-time,STEM/Architecture/Management,21.0,35.0,Top 10% of graduating class,Top 10% of graduating class,Not specified,Any,General,Equal Opportunity,Not specified,"CHF 12,000 per semester plus fee waiver",CHF,Full,Full,Included,Not specified,Not specified,Free,2026-12-15,1 to 4 years,Varies by cohort,"Transcripts, 2 References, Motivation letter, CV",Top 10% of graduating class; Any candidates; Postgraduate level.,"Academic merit, financial background, and eligibility evaluation.",Highly competitive merit-based scholarship for exceptional MSc students at ETH Zurich.,Not specified,2026-09-16
SCH_0051,Korea Government Scholarship Program (KGSP Graduate),National Institute for International Education NIIED South Korea,University,StudyPortals,https://www.studyinkorea.go.kr/,https://www.studyinkorea.go.kr/,South Korea,South Korea,Indian,PhD,Full-time,All,25.0,40.0,Undergraduate GPA 80% plus,Undergraduate GPA 80% plus,Not specified,Any,General,Equal Opportunity,Not specified,"KRW 900,000-1,000,000 per month plus tuition plus airfares plus Korean language training",USD,Full,Full,Included,Not specified,Not specified,Free,2026-09-20,1 to 4 years,Varies by cohort,"Transcripts, Research plan, Health certificate, References",Undergraduate GPA 80% plus; Indian candidates; PhD level.,"Academic merit, financial background, and eligibility evaluation.",South Korean government scholarship for international students to pursue graduate studies in Korea.,Not specified,2026-09-16
SCH_0052,NUS Research Scholarship (NRS),National University of Singapore,University,StudyPortals,https://www.nus.edu.sg/registrar/scholarships,https://www.nus.edu.sg/registrar/scholarships,Singapore,Singapore,Any,PhD,Full-time,All,22.0,40.0,Strong bachelor or master with research potential,Not specified,Not specified,Any,General,Equal Opportunity,Not specified,"SGD 2,500-2,700 per month plus tuition fee subsidy",SGD,Full,Full,Included,Not specified,Not specified,Free,2026-11-30,1 to 4 years,Varies by cohort,"Transcripts, Research proposal, References, English proficiency",Strong bachelor or master with research potential; Any candidates; PhD level.,"Academic merit, financial background, and eligibility evaluation.",Monthly stipend and tuition scholarship for high-quality research students at NUS.,Not specified,2026-09-16
SCH_0053,Wellcome Trust PhD Fellowships for Developing Countries,Wellcome Trust,Foundation / Corporate,StudyPortals,https://wellcome.org/grant-funding/schemes,https://wellcome.org/grant-funding/schemes,United Kingdom,United Kingdom,Developing countries including India,PhD,Full-time,Biomedical/Health Sciences,24.0,40.0,Strong research background,Not specified,Not specified,Any,General,Equal Opportunity,Not specified,Full salary equivalent plus research costs plus training,GBP,Full,Full,Included,Not specified,Not specified,Free,2026-10-31,1 to 4 years,Varies by cohort,"Research proposal, CV, References, Academic transcripts",Strong research background; Developing countries including India candidates; PhD level.,"Academic merit, financial background, and eligibility evaluation.",Supports PhD researchers from low and middle income countries in biomedical and health sciences.,Not specified,2026-09-16
SCH_0054,Erasmus Mundus Joint Masters Scholarships,European Commission,Government,Studyportals,https://erasmus-plus.ec.europa.eu/opportunities/individuals/students/erasmus-mundus-joint-masters,https://erasmus-plus.ec.europa.eu/,European Union,Multiple Countries (Europe),All Nationalities,Postgraduate,Full-time,All,Not specified,Not specified,Bachelor degree or equivalent in relevant discipline,First Class / 3.0+ GPA,Not specified,Any,General,Equal Opportunity,Not specified,1400,EUR,Full,Full,"EUR 1,400 monthly allowance",Travel and installation grant included,Included in living allowance,Free,2027-01-15,24 months,Varies by consortium,"Academic transcripts, CV, Motivation letter, 2 Recommendation letters, Proof of English proficiency",Graduates worldwide with completed bachelor degree or in final year; English proficiency (IELTS/TOEFL).,"Academic excellence, motivation, research experience, references.","Prestigious EU scholarship covering full tuition, travel, and monthly allowance for joint master degrees in Europe.",Yes (during program duration),2026-09-16
SCH_0055,Rhodes Scholarship at Oxford,Rhodes Trust,Foundation,Studyportals,https://www.rhodeshouse.ox.ac.uk/scholarships/the-rhodes-scholarship/,https://www.rhodeshouse.ox.ac.uk/scholarships/applications/,United Kingdom,United Kingdom,"Select Jurisdictions including India, USA, Commonwealth",Postgraduate,Full-time,All,18,24,First Class Honours undergraduate degree,First Class / GPA 3.7+,Not specified,Any,General,Equal Opportunity,Formal residency in designated Rhodes constituency,19092,GBP,Full,Full university and college fees,"GBP 19,092 annual stipend",Two economy class flights,Supported via stipend,Free,2026-10-01,2 to 3 years,100+ worldwide,"Transcripts, Academic references, Personal statement, Proof of age and citizenship","Exceptional academic achievement, leadership, character, energy to use one's talents to the full.","Academic excellence, leadership potential, moral character, commitment to service.",Oldest graduate scholarship in the world enabling outstanding young people to study at the University of Oxford.,Yes,2026-09-16
SCH_0056,Schwarzman Scholars Program,Schwarzman Scholars / Blackstone,Foundation,Studyportals,https://www.schwarzmanscholars.org/,https://www.schwarzmanscholars.org/admissions/,China,China,All Nationalities,Postgraduate,Full-time,"Global Affairs, Public Policy, Economics",18,28,Undergraduate degree completed,Strong academic record,Not specified,Any,General,Equal Opportunity,Not specified,Full funding,USD,Full,Full tuition and fees,"Full room and board + USD 4,000 personal stipend",Round-trip airfare included,Full residential accommodation provided,Free,2026-09-20,1 year,Up to 200,"Transcripts, Resume, 3 Letters of recommendation, Essays, Video submission","Demonstrated leadership potential, intellectual ability, exemplary character, English proficiency.","Leadership aptitude, academic excellence, character, vision for global impact.",One-year master degree in Global Affairs at Tsinghua University in Beijing designed to build future world leaders.,No,2026-09-16
SCH_0057,Knight-Hennessy Scholars Program,Stanford University,University,Studyportals,https://knight-hennessy.stanford.edu/,https://knight-hennessy.stanford.edu/admission/apply-now,USA,USA,All Nationalities,Postgraduate,Full-time,All graduate degrees at Stanford,Not specified,Not specified,Bachelor degree earned within past 7 years,Top-tier academic record,Not specified,Any,General,Equal Opportunity,Not specified,Full funding,USD,Full,Full tuition and associated fees,Living and academic stipend,Annual economy round-trip airfare,Covered via living stipend,Separate department fees may apply,2026-10-09,Up to 3 years,Up to 100,"Online application, Transcripts, Resume, 2 Recommendation letters, 3 Short essays, Video statement",Must apply to a full-time graduate program at Stanford University concurrently.,"Independence of thought, purposeful leadership, civic mindset.",Multidisciplinary graduate scholarship program preparing civic-minded leaders across all fields at Stanford.,Yes,2026-09-16
SCH_0058,Swiss Government Excellence Scholarships,Federal Commission for Scholarships for Foreign Students (FCS),Government,Studyportals,https://www.sbfi.admin.ch/sbfi/en/home/education/scholarships-and-grants/swiss-government-excellence-scholarships.html,https://www.sbfi.admin.ch/,Switzerland,Switzerland,Select 180+ Countries including India,PhD,Full-time,All disciplines,Not specified,35,Master degree or equivalent achieved before start of scholarship,High academic marks,Not specified,Any,General,Equal Opportunity,Not specified,1920,CHF,Full,Exemption from tuition fees,"CHF 1,920 monthly allowance",Flight allowance for non-EU students,Housing allowance CHF 300 one-time,Free,2026-11-30,12 to 36 months,Approx. 500 worldwide,"Research proposal, CV, Academic certificates, Acceptance letter from Swiss professor, 2 Confidential letters of reference",Postgraduate researchers holding a recognized master degree; support from academic supervisor in Switzerland.,"Candidate academic profile, quality of research proposal, potential for future academic cooperation.",Excellence scholarships awarded by the Swiss Confederation to promote international exchange and research collaboration.,Yes (based on academic progress),2026-09-16
SCH_0059,Vanier Canada Graduate Scholarships,Government of Canada,Government,Studyportals,https://vanier.gc.ca/en/home-accueil.html,https://vanier.gc.ca/en/applying-demande_overview.html,Canada,Canada,"Canadian Citizens, Permanent Residents, and International Students",PhD,Full-time,"Health research, Natural sciences/Engineering, Social sciences/Humanities",Not specified,Not specified,First-class average in each of the last two years of full-time study,A- / First Class,Not specified,Any,General,Equal Opportunity,Must be nominated by a Canadian institution with a Vanier quota,50000,CAD,Full,Covered via stipend,"CAD 50,000 per year",Not specified,Covered via annual stipend,Free,2026-11-01,3 years,Up to 166 annually,"CCV, Research proposal, Transcripts, 2 Leadership letters of reference, 2 Academic letters of reference",Pursuing first doctoral degree; nominated by a Canadian institution; high academic standard and leadership.,"Academic excellence, research potential, leadership (potential and demonstrated ability).",Canada's top doctoral scholarship to attract and retain world-class doctoral students.,Yes (up to 3 years total),2026-09-16
SCH_0060,Chinese Government Scholarship - Bilateral Program,China Scholarship Council (CSC),Government,Studyportals,https://www.campuschina.org/,https://studyinchina.csc.edu.cn/,China,China,Non-Chinese Citizens,Undergraduate,Full-time,All disciplines,18,25,High school diploma with good academic standing,70%+,Not specified,Any,General,Physical examination required,Not specified,2500,CNY,Full,Full tuition waiver,"CNY 2,500 monthly stipend for undergraduate",Not specified,Free university dormitory or subsidy,Free,2026-04-30,4 to 5 years,Varies by country bilateral quota,"Application form, Notarized highest diploma, Transcripts, Study plan, Foreigner physical examination, Non-criminal record",Non-Chinese citizen in good health; high school graduate under age 25; HSK score where applicable.,"Academic performance, study plan, bilateral government recommendation.",Full scholarship established by the Chinese Ministry of Education under bilateral agreements with partner nations.,Yes (annual review),2026-09-16
SCH_0061,Turkiye Burslari Scholarships,Presidency for Turks Abroad and Related Communities (YTB),Government,Studyportals,https://www.turkiyeburslari.gov.tr/,https://tbbs.turkiyeburslari.gov.tr/,Turkey,Turkey,Citizens of all countries except Turkey,Undergraduate,Full-time,All fields,17,21,Minimum 70% in high school (90% for health sciences),70%,Not specified,Any,General,Equal Opportunity,Not specified,3500,TRY,Full,Full tuition waiver,Monthly stipend + 1 year Turkish language course,One-time return flight ticket,Free public university dormitory accommodation,Free,2026-02-20,4 to 6 years including Turkish prep,"Approx. 4,000 annually","National ID/Passport, Diploma, Academic transcript, National/international exam scores, Statement of purpose","Candidates with high academic score, not currently enrolled in a Turkish university at same level.","Academic merit, extracurricular involvement, motivation letter, personal interview.",Comprehensive state-funded scholarship for international students to pursue higher education in Turkey.,Yes,2026-09-16
SCH_0062,Stipendium Hungaricum Scholarship,Tempus Public Foundation / Hungarian Government,Government,Studyportals,https://stipendiumhungaricum.hu/,https://apply.stipendiumhungaricum.hu/,Hungary,Hungary,Eligible Sending Partner Countries including India,Undergraduate,Full-time,All fields agreed in bilateral agreements,18,Not specified,High school graduation certificate with good grades,65%+,Not specified,Any,General,Medical certificate required,Nomination by sending partner authority,43700,HUF,Full,Full tuition exemption,"HUF 43,700 monthly contribution",Not covered,"Free dormitory place or HUF 40,000 accommodation subsidy",Free,2027-01-15,2 to 4 years,"Over 5,000 scholarships annually","School certificates, Transcripts, Proof of language proficiency, Medical certificate, Motivation letter",Citizens of designated partner countries nominated by their national authority.,"National nomination, institutional entrance exams/interviews, academic performance.",Hungarian government scholarship programme supporting international students to complete higher education degrees in Hungary.,Yes,2026-09-16
SCH_0063,Singa Singapore International Graduate Award,"A*STAR (Agency for Science, Technology and Research)",Research Council,Studyportals,https://www.a-star.edu.sg/Scholarships/for-graduate-studies/singapore-international-graduate-award-singa,https://www.a-star.edu.sg/Scholarships/,Singapore,Singapore,All International Students,PhD,Full-time,"Biomedical Sciences, Computing & Information Sciences, Physical Sciences, Engineering",Not specified,Not specified,Bachelor or Master degree with high academic results,First Class / High Second Class Upper,Not specified,Any,General,Equal Opportunity,Not specified,2700,SGD,Full,Full tuition fees covered,"Monthly stipend of SGD 2,700 (increases to SGD 3,200 after qualifying exam)","One-time airfare grant up to SGD 1,500","One-time settling-in allowance of SGD 1,000",Free,2026-12-01,4 years,Approx. 240 annually,"Transcripts, Passport copy, 2 Academic recommendation reports, Statement of purpose",International graduates with passion for research and excellent academic records; good English skills.,"Academic results, research potential, recommendation letters, interview.","Prestigious collaboration between A*STAR, NTU, NUS, SUTD, and SMU for PhD training in Singapore.",Yes (up to 4 years),2026-09-16
SCH_0064,Aditya Birla Scholarship,Aditya Birla Group,Foundation / Corporate,Buddy4Study,https://www.adityabirlascholars.net/,https://www.adityabirlascholars.net/,India,India,Indian,Undergraduate,Full-time,Engineering/MBA/Law,17.0,25.0,Top ranker in entrance exams,Not specified,Not specified,Any,General,Equal Opportunity,Not specified,"Rs.65,000 per year",INR,Partial,Partial or Waiver,Not specified,Not specified,Not specified,Free,2026-10-15,1 to 4 years,Varies by cohort,"Marksheet, Entrance scorecard, Recommendation letter",Top ranker in entrance exams; Indian candidates; Undergraduate level.,"Academic merit, financial background, and eligibility evaluation.","Merit-based scholarship for outstanding students in IITs, IIMs, BITS and top law schools.",Yes,2026-09-16
SCH_0065,ONGC Scholarship,Oil and Natural Gas Corporation Ltd (ONGC),Foundation / Corporate,Buddy4Study,https://www.buddy4study.com/scholarship/ongc-scholarship,https://www.buddy4study.com/scholarship/ongc-scholarship,India,India,Indian,Undergraduate,Full-time,Engineering/MBBS/Geosciences,17.0,30.0,60%,60%,200000.0,Any,SC/ST/OBC/General,Equal Opportunity,Not specified,"Rs.48,000 per year",INR,Partial,Partial or Waiver,Not specified,Not specified,Not specified,Free,2026-09-30,1 to 4 years,Varies by cohort,"Marksheet, Caste certificate, Income certificate, Aadhaar",60%; Indian candidates; Undergraduate level.,"Academic merit, financial background, and eligibility evaluation.",ONGC provides scholarships to meritorious students from SC/ST/OBC/General(EWS) categories.,Yes,2026-09-16
SCH_0066,Tata Capital Pankh Scholarship Programme,Tata Capital Limited,Foundation / Corporate,Buddy4Study,https://www.buddy4study.com/scholarship/tata-capital-pankh-scholarship-programme,https://www.buddy4study.com/scholarship/tata-capital-pankh-scholarship-programme,India,India,Indian,Undergraduate,Full-time,All,18.0,30.0,60%,60%,400000.0,Any,General,Equal Opportunity,Not specified,"Up to Rs.10,000 per year",INR,Partial,Partial or Waiver,Not specified,Not specified,Not specified,Free,2026-10-31,1 to 4 years,Varies by cohort,"Marksheet, Income certificate, Aadhaar, Bank passbook",60%; Indian candidates; Undergraduate level.,"Academic merit, financial background, and eligibility evaluation.",Supports UG students from economically weaker sections to pursue professional courses.,Yes,2026-09-16
SCH_0067,Vidyasaarathi Scholarship,NSDL e-Governance Infrastructure,Foundation / Corporate,Buddy4Study,https://www.vidyasaarathi.co.in/,https://www.vidyasaarathi.co.in/,India,India,Indian,Postgraduate,Full-time,Engineering/Medical/Arts,17.0,30.0,60%,60%,500000.0,Any,General/SC/ST/OBC,Equal Opportunity,Not specified,"Rs.10,000-Rs.75,000",INR,Partial,Partial or Waiver,Not specified,Not specified,Not specified,Free,2026-11-30,1 to 4 years,Varies by cohort,"Marksheet, Income certificate, Aadhaar, Photograph",60%; Indian candidates; Postgraduate level.,"Academic merit, financial background, and eligibility evaluation.",A scholarship portal by NSDL offering various scholarships across disciplines.,Not specified,2026-09-16
SCH_0068,Sitaram Jindal Foundation Scholarship,Sitaram Jindal Foundation,Foundation / Corporate,Buddy4Study,https://www.sitaramjindalfoundation.org/,https://www.sitaramjindalfoundation.org/,India,India,Indian,Postgraduate,Full-time,All,16.0,30.0,55%,55%,250000.0,Any,General,Equal Opportunity,Not specified,"Rs.500-Rs.2,500 per month",INR,Partial,Partial or Waiver,Not specified,Not specified,Not specified,Free,2026-09-30,1 to 4 years,Varies by cohort,"Marksheet, Income certificate, Photograph, Bank passbook",55%; Indian candidates; Postgraduate level.,"Academic merit, financial background, and eligibility evaluation.",Merit-cum-means based scholarship for students at various education levels.,Not specified,2026-09-16
SCH_0069,L'Oreal India For Young Women in Science Scholarships,L Oreal India,Foundation / Corporate,Buddy4Study,https://www.buddy4study.com/scholarship/loreal-india-for-young-women-in-science-scholarships,https://www.buddy4study.com/scholarship/loreal-india-for-young-women-in-science-scholarships,India,India,Indian,Undergraduate,Full-time,Science/Engineering/Medicine,17.0,22.0,85%,85%,400000.0,Female,General,Equal Opportunity,Not specified,"Rs.2,50,000",INR,Full,Full,Included,Not specified,Not specified,Free,2026-11-15,1 to 4 years,Varies by cohort,"Marksheet, Income certificate, Aadhaar, Essay",85%; Indian candidates; Undergraduate level.,"Academic merit, financial background, and eligibility evaluation.",Encourages young women to pursue science degrees by covering full tuition and living expenses.,Not specified,2026-09-16
SCH_0070,Reliance Foundation Undergraduate Scholarships,Reliance Foundation,Foundation / Corporate,Buddy4Study,https://www.reliancefoundation.org/scholarships,https://www.reliancefoundation.org/scholarships,India,India,Indian,Undergraduate,Full-time,Engineering/CS/Business/Humanities,17.0,23.0,60%,60%,1500000.0,Any,General,Equal Opportunity,Not specified,"Up to Rs.2,00,000 per year",INR,Partial,Partial or Waiver,Not specified,Not specified,Not specified,Free,2026-04-30,1 to 4 years,Varies by cohort,"Marksheet, Income certificate, Admission letter, Essay",60%; Indian candidates; Undergraduate level.,"Academic merit, financial background, and eligibility evaluation.",Merit-based scholarship for high-achieving UG students at premier Indian institutions.,Yes,2026-09-16
SCH_0071,HDFC Bank Parivartan ECS Scholarship,HDFC Bank Parivartan,Foundation / Corporate,Buddy4Study,https://www.buddy4study.com/scholarship/hdfc-bank-parivartan-ecs-scholarship,https://www.buddy4study.com/scholarship/hdfc-bank-parivartan-ecs-scholarship,India,India,Indian,Undergraduate,Full-time,Engineering/Medical/Law,17.0,28.0,55%,55%,250000.0,Any,General/SC/ST/OBC,Equal Opportunity,Not specified,"Up to Rs.75,000 per year",INR,Partial,Partial or Waiver,Not specified,Not specified,Not specified,Free,2026-10-15,1 to 4 years,Varies by cohort,"Marksheet, Income certificate, Aadhaar, Caste certificate",55%; Indian candidates; Undergraduate level.,"Academic merit, financial background, and eligibility evaluation.",Supports meritorious students from underprivileged backgrounds to pursue professional courses.,Yes,2026-09-16
SCH_0072,Santoor Women Scholarship,Wipro Consumer Care (Santoor),Foundation / Corporate,Buddy4Study,https://www.buddy4study.com/scholarship/santoor-womens-scholarship,https://www.buddy4study.com/scholarship/santoor-womens-scholarship,India,India,Indian,Undergraduate,Full-time,All,17.0,22.0,75%,75%,300000.0,Female,General,Equal Opportunity,Not specified,"Rs.24,000 per year",INR,Partial,Partial or Waiver,Not specified,Not specified,Not specified,Free,2026-10-31,1 to 4 years,Varies by cohort,"Marksheet, Income certificate, Aadhaar, Photograph",75%; Indian candidates; Undergraduate level.,"Academic merit, financial background, and eligibility evaluation.","For girls from Karnataka, AP and Telangana pursuing first-year graduation.",Yes,2026-09-16
SCH_0073,Swami Vivekananda Merit-Cum-Means Scholarship,Government of West Bengal,Foundation / Corporate,Buddy4Study,https://svmcm.wbhed.gov.in/,https://svmcm.wbhed.gov.in/,India,India,Indian,Postgraduate,Full-time,All,17.0,30.0,75%,75%,250000.0,Any,General/SC/ST/OBC,Equal Opportunity,Not specified,"Rs.1,000-Rs.5,000 per month",INR,Partial,Partial or Waiver,Not specified,Not specified,Not specified,Free,2026-11-30,1 to 4 years,Varies by cohort,"Marksheet, Domicile certificate, Income certificate, Aadhaar",75%; Indian candidates; Postgraduate level.,"Academic merit, financial background, and eligibility evaluation.",State scholarship for West Bengal students with merit and financial need.,Not specified,2026-09-16
SCH_0074,Ishan Uday Special Scholarship for North East India,University Grants Commission (UGC),Government,Buddy4Study,https://www.ugc.gov.in/Ishaanuday/,https://www.ugc.gov.in/Ishaanuday/,India,India,Indian (NE states),Undergraduate,Full-time,All,17.0,26.0,60%,60%,Not specified,Any,General,Equal Opportunity,Not specified,"Rs.5,400-Rs.7,800 per month",INR,Full,Full,Included,Not specified,Not specified,Free,2026-10-31,1 to 4 years,Varies by cohort,"Marksheet, Domicile certificate, Bank passbook, Aadhaar",60%; Indian (NE states) candidates; Undergraduate level.,"Academic merit, financial background, and eligibility evaluation.",Scholarship for students from North-Eastern states pursuing UG programs outside NE India.,Not specified,2026-09-16
SCH_0075,Rupa Rahul Bajaj Scholarship for Women in Engineering,Bajaj Auto Foundation,Foundation / Corporate,Buddy4Study,https://scholar4study.com/scholarships/rupa-rahul-bajaj-scholarship,https://scholar4study.com/scholarships/rupa-rahul-bajaj-scholarship,India,India,Indian,Undergraduate,Full-time,Engineering,17.0,22.0,Top rank in JEE/CET,Not specified,Not specified,Female,General,Equal Opportunity,Not specified,"Up to Rs.8,00,000 across the degree",INR,Full,Full,Included,Not specified,Not specified,Free,2026-11-30,1 to 4 years,Varies by cohort,"Marksheet, Entrance scorecard, Recommendation letter",Top rank in JEE/CET; Indian candidates; Undergraduate level.,"Academic merit, financial background, and eligibility evaluation.",For women in core engineering branches at top institutions admitted through competitive entrance.,Not specified,2026-09-16
SCH_0076,Kotak Kanya Scholarship,Kotak Education Foundation,Foundation / Corporate,Buddy4Study,https://www.buddy4study.com/scholarship/kotak-kanya-scholarship,https://www.buddy4study.com/scholarship/kotak-kanya-scholarship,India,India,Indian,Undergraduate,Full-time,All,17.0,22.0,85%,85%,600000.0,Female,General,Equal Opportunity,Not specified,"Up to Rs.1,50,000 per year",INR,Partial,Partial or Waiver,Not specified,Not specified,Not specified,Free,2026-08-31,1 to 4 years,Varies by cohort,"Marksheet, Income certificate, Aadhaar, Photograph",85%; Indian candidates; Undergraduate level.,"Academic merit, financial background, and eligibility evaluation.",For girl students pursuing full-time UG professional courses who scored 85%+ in 12th.,Yes,2026-09-16
SCH_0077,UP Scholarship (Samaj Kalyan),"Social Welfare Department, Govt. of Uttar Pradesh",Government,Buddy4Study,https://scholarship.up.gov.in/,https://scholarship.up.gov.in/,India,India,Indian (UP domicile),Postgraduate,Full-time,All,13.0,35.0,Passed qualifying exam,Not specified,200000.0,Any,SC/ST/OBC/General (EWS),Equal Opportunity,Indian Domicile,"Rs.1,000-Rs.5,000 per year",INR,Partial,Partial or Waiver,Not specified,Not specified,Not specified,Free,2026-11-15,1 to 4 years,Varies by cohort,"Marksheet, Domicile certificate, Caste/income certificate, Aadhaar, Bank passbook",Passed qualifying exam; Indian (UP domicile) candidates; Postgraduate level.,"Academic merit, financial background, and eligibility evaluation.",Uttar Pradesh government scholarship for pre-matric and post-matric students from SC/ST/OBC/EWS categories.,Yes,2026-09-16
SCH_0078,Navodaya Vidyalaya Samiti Scholarship,"Ministry of Education, Govt. of India",Government,Buddy4Study,https://navodaya.gov.in/,https://navodaya.gov.in/,India,India,Indian (rural areas),School,Full-time,All,10.0,18.0,JNV entrance test,Not specified,Not specified,Any,General/SC/ST/OBC,Equal Opportunity,Not specified,Free residential education + boarding + uniform,INR,Full,Full,Included,Not specified,Included,Free,2026-01-15,1 to 4 years,Varies by cohort,"Birth certificate, Domicile certificate, Class 5 marksheet",JNV entrance test; Indian (rural areas) candidates; School level.,"Academic merit, financial background, and eligibility evaluation.",Fully residential scholarship school scheme for rural talent. Selection via JNVST entrance test.,Not specified,2026-09-16
SCH_0079,Nokia Foundation Scholarship,Nokia Foundation,Foundation / Corporate,Scholar4Study,https://www.buddy4study.com/scholarship/nokia-scholarship,https://www.buddy4study.com/scholarship/nokia-scholarship,Finland,Finland,Any,PhD,Full-time,ICT/Engineering,22.0,40.0,Accepted publication required,Not specified,Not specified,Any,General,Equal Opportunity,Not specified,"Up to EUR 7,500",EUR,Partial,Partial or Waiver,Not specified,Not specified,Not specified,Free,2027-01-31,1 to 4 years,Varies by cohort,"Research proposal, CV, Supervisor statement",Accepted publication required; Any candidates; PhD level.,"Academic merit, financial background, and eligibility evaluation.",For PhD candidates in ICT or related fields at Finnish universities. Requires at least one accepted publication.,Not specified,2026-09-16
SCH_0080,Kishore Vaigyanik Protsahan Yojana (KVPY) Fellowship,Indian Institute of Science (IISc) / DST,University,Scholar4Study,http://www.kvpy.iisc.ernet.in/,http://www.kvpy.iisc.ernet.in/,India,India,Indian,Undergraduate,Full-time,Basic Sciences,15.0,22.0,80%,80%,Not specified,Any,General,Equal Opportunity,Not specified,"Rs.5,000-Rs.7,000 per month plus annual contingency",INR,Full,Full,Included,Not specified,Not specified,Free,2026-08-31,1 to 4 years,Varies by cohort,"Class 10/12 marksheet, College ID, Bank passbook",80%; Indian candidates; Undergraduate level.,"Academic merit, financial background, and eligibility evaluation.",Fellowship for students pursuing basic science to encourage research careers.,Not specified,2026-09-16
SCH_0081,Central Sector Scheme of Scholarships (CSSS),"Ministry of Education, Govt. of India",Government,Scholar4Study,https://scholarships.gov.in/,https://scholarships.gov.in/,India,India,Indian,Postgraduate,Full-time,All,17.0,30.0,80% or Top 20 percentile,80% or Top 20 percentile,800000.0,Any,General/SC/ST/OBC,Equal Opportunity,Not specified,"Rs.12,000 per year (UG) Rs.20,000 per year (PG)",INR,Partial,Partial or Waiver,Not specified,Not specified,Not specified,Free,2026-10-31,1 to 4 years,Varies by cohort,"Marksheet, Income certificate, Aadhaar, Bank passbook",80% or Top 20 percentile; Indian candidates; Postgraduate level.,"Academic merit, financial background, and eligibility evaluation.","10,000 scholarships for students in top 20 percentile of Class 12 boards.",Yes,2026-09-16
SCH_0082,Prime Minister Special Scholarship Scheme (PMSSS),"AICTE, Govt. of India",Government,Scholar4Study,https://www.aicte-india.org/bureaus/jk,https://www.aicte-india.org/bureaus/jk,India,India,Indian (J&K domicile),Undergraduate,Full-time,Engineering/Medical/Management,17.0,25.0,60%,60%,800000.0,Any,General,Equal Opportunity,Indian Domicile,"Up to Rs.3,00,000 per year",INR,Full,Full,Included,Not specified,Not specified,Free,2026-06-30,1 to 4 years,Varies by cohort,"J&K domicile certificate, Marksheet, Income certificate, Aadhaar",60%; Indian (J&K domicile) candidates; Undergraduate level.,"Academic merit, financial background, and eligibility evaluation.",For students from Jammu and Kashmir to pursue professional studies outside J&K.,Yes,2026-09-16
SCH_0083,Maulana Azad National Fellowship (MANF),"Ministry of Minority Affairs, Govt. of India",Government,Scholar4Study,https://www.ugc.gov.in/,https://www.ugc.gov.in/,India,India,Indian (Minority communities),PhD,Full-time,All Research Areas,22.0,35.0,55%,55%,600000.0,Any,Minority,Equal Opportunity,Not specified,"Rs.25,000-Rs.28,000 per month (JRF/SRF)",INR,Full,Full,Included,Not specified,Not specified,Free,2026-07-31,1 to 4 years,Varies by cohort,"NET/JRF scorecard, Community certificate, Income certificate, Marksheet",55%; Indian (Minority communities) candidates; PhD level.,"Academic merit, financial background, and eligibility evaluation.",Fellowship for minority community students to pursue PhD from Indian universities.,Not specified,2026-09-16
SCH_0084,Pragati Scholarship for Girls (AICTE),"AICTE, Govt. of India",Government,Scholar4Study,https://www.aicte-india.org/bureaus/sts,https://www.aicte-india.org/bureaus/sts,India,India,Indian,Undergraduate,Full-time,Technical (Engineering/Pharmacy/Architecture),17.0,25.0,60%,60%,800000.0,Female,General,Equal Opportunity,Not specified,"Rs.50,000 per year",INR,Partial,Partial or Waiver,Not specified,Not specified,Not specified,Free,2026-10-31,1 to 4 years,Varies by cohort,"Marksheet, Income certificate, Aadhaar, Admission letter",60%; Indian candidates; Undergraduate level.,"Academic merit, financial background, and eligibility evaluation.",Supports girl students enrolled in AICTE-approved technical institutions across India.,Yes,2026-09-16
SCH_0085,Saksham Scholarship for Specially Abled Students (AICTE),"AICTE, Govt. of India",Government,Scholar4Study,https://www.aicte-india.org/bureaus/sts,https://www.aicte-india.org/bureaus/sts,India,India,Indian,Undergraduate,Full-time,Technical (Engineering/Pharmacy/Architecture),17.0,25.0,60%,60%,800000.0,Any,Persons with Disabilities,Equal Opportunity,Not specified,"Rs.50,000 per year",INR,Partial,Partial or Waiver,Not specified,Not specified,Not specified,Free,2026-10-31,1 to 4 years,Varies by cohort,"Disability certificate, Marksheet, Income certificate, Aadhaar",60%; Indian candidates; Undergraduate level.,"Academic merit, financial background, and eligibility evaluation.",For specially abled students enrolled in AICTE-approved technical institutions.,Yes,2026-09-16
SCH_0086,Fulbright-Nehru Master Fellowships,United States-India Educational Foundation (USIEF),Foundation / Corporate,Scholar4Study,https://www.usief.org.in/,https://www.usief.org.in/,India,USA,Indian,Postgraduate,Full-time,All (except clinical medicine),22.0,35.0,55%,55%,Not specified,Any,General,Equal Opportunity,Not specified,Full funding (tuition + living + airfare),INR,Full,Full,Included,Not specified,Not specified,Free,2026-07-15,1 to 4 years,Varies by cohort,"Transcripts, Statement of purpose, Letters of recommendation, English test",55%; Indian candidates; Postgraduate level.,"Academic merit, financial background, and eligibility evaluation.",Provides Indian citizens funding to pursue a Masters degree in the United States.,Not specified,2026-09-16
SCH_0087,Graduate Aptitude Test in Engineering (GATE) Scholarship,"Ministry of Education, Govt. of India / MHRD",Government,Scholar4Study,https://gate.iitb.ac.in/,https://gate.iitb.ac.in/,India,India,Indian,Postgraduate,Full-time,Engineering/Technology,21.0,30.0,Valid GATE score,Not specified,Not specified,Any,General,Equal Opportunity,Not specified,"Rs.12,400 per month",INR,Partial,Partial or Waiver,Not specified,Not specified,Not specified,Free,2026-09-30,1 to 4 years,Varies by cohort,"GATE scorecard, Admission letter from AICTE-approved institute, Aadhaar",Valid GATE score; Indian candidates; Postgraduate level.,"Academic merit, financial background, and eligibility evaluation.",Monthly scholarship for GATE-qualified students pursuing PG in engineering at approved institutes.,Not specified,2026-09-16
SCH_0088,National Overseas Scholarship (NOS) for SC Students,"Ministry of Social Justice & Empowerment, Govt. of India",Government,Scholar4Study,https://nosmsje.gov.in/,https://nosmsje.gov.in/,India,Foreign Countries,Indian (SC/ST/OBC/Disabilities),PhD,Full-time,All,18.0,35.0,55%,55%,800000.0,Any,SC,Equal Opportunity,Not specified,Full tuition + living allowance (varies by country),INR,Full,Full,Included,Not specified,Not specified,Free,2026-06-30,1 to 4 years,Varies by cohort,"Caste certificate, Income certificate, Marksheet, Admission letter from foreign university",55%; Indian (SC/ST/OBC/Disabilities) candidates; PhD level.,"Academic merit, financial background, and eligibility evaluation.",Fully funded overseas scholarship for SC/ST students to pursue Master or PhD abroad.,Not specified,2026-09-16
SCH_0089,Ambedkar Fellowship for SC/ST Students (UGC),University Grants Commission (UGC),Government,Scholar4Study,https://www.ugc.gov.in/,https://www.ugc.gov.in/,India,India,Indian,PhD,Full-time,All Research Areas,21.0,35.0,55%,55%,Not specified,Any,SC/ST,Equal Opportunity,Not specified,"Rs.25,000-Rs.28,000 per month (JRF to SRF)",INR,Full,Full,Included,Not specified,Not specified,Free,2026-09-30,1 to 4 years,Varies by cohort,"Caste certificate, NET/JRF score, Marksheet, Aadhaar",55%; Indian candidates; PhD level.,"Academic merit, financial background, and eligibility evaluation.",UGC fellowship for SC/ST students to pursue full-time PhD research at Indian universities.,Not specified,2026-09-16
SCH_0090,Manodarpan Scholarship for Mental Health,"Ministry of Education, Govt. of India",Government,Scholar4Study,https://manodarpan.education.gov.in/,https://manodarpan.education.gov.in/,India,India,Indian,Undergraduate,Full-time,All,17.0,25.0,50%,50%,300000.0,Any,General,Equal Opportunity,Not specified,"Rs.20,000 per year",INR,Partial,Partial or Waiver,Not specified,Not specified,Not specified,Free,2026-10-31,1 to 4 years,Varies by cohort,"Marksheet, Income certificate, Aadhaar, Counselor recommendation",50%; Indian candidates; Undergraduate level.,"Academic merit, financial background, and eligibility evaluation.",Scholarship supporting students affected by mental health challenges to continue education.,Yes,2026-09-16
SCH_0091,Raman Kant Munjal Scholarships,Scholarship Provider / Partner,Foundation / Government,Scholar4Study,https://scholar4study.com/scholarships/raman-kant-munjal-scholarships,https://scholar4study.com/scholarships/raman-kant-munjal-scholarships,India,India,Indian,Undergraduate,Full-time,All,Not specified,Not specified,Verified marks in qualifying examination,80%+,Not specified,Any,General,Equal Opportunity,Not specified,"₹40,000 – ₹5,50,000/year",INR,Partial,Partial,Not specified,Not specified,Not specified,Free,2026-08-31,Annual,Multiple,Required documents Class 10 & 12 mark sheets Admission proof Income certificate Parent bank statements Aadhaar Card Bank passbook,"Eligibility Applicants must: Be enrolled in the first year of BBA, BFIA, B.Com (Hons/E), BMS, IPM, B.A. (Economics), BBS, or related finance/commerce degrees; Have a minimum 80% aggregate in Classes 10 & 12 (70% for Persons with Disabilities); Have annual parental income less than ₹6,00,000. Childre",Selection process 1 Application submitted Your form is filed on the official portal. 2 Institute verification Your college confirms enrolment and documents. 3 State verification The state department reviews and approves. 4 Scholarship approval The sa,"Overview The Raman Kant Munjal Scholarships 2026-27, an initiative of the Raman Kant Munjal Foundation supported by Hero FinCorp, support students pursuing finance and commerce-related courses in achieving their academic goals. Selection Process: Selection is based on academic merit (minimum 80% in",Yes,2026-09-16
SCH_0092,GyanDhan Scholarship,Scholarship Provider / Partner,Foundation / Government,Scholar4Study,https://scholar4study.com/scholarships/gyandhan-scholarship,https://scholar4study.com/scholarships/gyandhan-scholarship,India,India,Indian,Undergraduate,Full-time,All,Not specified,Not specified,Verified marks in qualifying examination,60%+,Not specified,Any,General,Equal Opportunity,Not specified,"₹2,50,000",INR,Partial,Partial,Not specified,Not specified,Not specified,Free,2026-08-29,Annual,Multiple,Required documents Proof of identity Proof of admission/application to an eligible program Academic transcripts (uploaded after shortlisting),"Eligibility Applicants must: Be a global student (no nationality restriction) planning to start college in 2026; Be applying for a B.Tech (any specialization) or MBA in India, or an Undergraduate, STEM Master's or Business Master's program abroad; Be at the planning, application, admission or enroll",Selection process 1 Application submitted Your form is filed on the official portal. 2 Institute verification Your college confirms enrolment and documents. 3 State verification The state department reviews and approves. 4 Scholarship approval The sa,"Overview The GyanDhan Scholarship awards ₹2.5 lakh each to 8 students pursuing B.Tech or MBA in India, or Undergraduate, STEM Master's or Business Master's programs abroad, starting in 2026. No GPA cutoff — selection is test-based.",Not specified,2026-09-16
SCH_0093,Sage IT India Scholarship,Scholarship Provider / Partner,Foundation / Government,Scholar4Study,https://scholar4study.com/scholarships/sage-it-india-scholarship,https://scholar4study.com/scholarships/sage-it-india-scholarship,India,India,Indian,Undergraduate,Full-time,All,Not specified,Not specified,Verified marks in qualifying examination,60%+,Not specified,Any,General,Equal Opportunity,Not specified,"₹50,000",INR,Partial,Partial,Not specified,Not specified,Not specified,Free,2026-11-15,Annual,Multiple,"Required documents Article submission (1,000–1,500 words, Word document) Valid university photo ID (if selected as winner) Full name, date of birth, address and college/university details","Eligibility Applicants must: Be enrolled in any recognised college or university in India; Be aged 17–30; Submit an original, previously unpublished article of 1,000–1,500 words on the given prompt; Apply individually — group submissions are not accepted. Undergraduate Postgraduate PRIVATE",Selection process 1 Application submitted Your form is filed on the official portal. 2 Institute verification Your college confirms enrolment and documents. 3 State verification The state department reviews and approves. 4 Scholarship approval The sa,"Overview The Sage IT India Scholarship awards ₹50,000, paid directly to the winner's college, to a student aged 17–30 enrolled at any Indian college or university who submits the best essay on the given prompt.",Not specified,2026-09-16
SCH_0094,AMP Scholarship Fund for Higher Education,Scholarship Provider / Partner,Foundation / Government,Scholar4Study,https://scholar4study.com/scholarships/amp-scholarship-fund-higher-education,https://scholar4study.com/scholarships/amp-scholarship-fund-higher-education,India,India,Indian,Undergraduate,Full-time,All,Not specified,Not specified,Verified marks in qualifying examination,60%+,Not specified,Any,General,Equal Opportunity,Not specified,"₹10,000",INR,Partial,Partial,Not specified,Not specified,Not specified,Free,2026-08-31,Annual,Multiple,Required documents Class 12 mark sheet Government-issued identity proof Admission proof and fee structure Income certificate Bank passbook Recent passport-size photograph,"Eligibility Applicants must: Have passed Class 12 or an equivalent examination from a recognised board; Be pursuing professional, vocational, or technical courses as part of higher education; Be enrolled in a UGC/AICTE-recognised government or private institution; Demonstrate academic merit and fina",Selection process 1 Application submitted Your form is filed on the official portal. 2 Institute verification Your college confirms enrolment and documents. 3 State verification The state department reviews and approves. 4 Scholarship approval The sa,"Overview The AMP Scholarship Fund for Higher Education is an initiative by the Association of Muslim Professionals (AMP) to help deserving Muslim students continue their higher education without financial hardship. Selection Process: Candidates are evaluated on eligibility and financial need, with p",Not specified,2026-09-16
SCH_0096,Nikon Scholarship Program,Scholarship Provider / Partner,Foundation / Government,Scholar4Study,https://scholar4study.com/scholarships/nikon-scholarship-program,https://scholar4study.com/scholarships/nikon-scholarship-program,India,India,Indian,Undergraduate,Full-time,All,Not specified,Not specified,Verified marks in qualifying examination,60%+,Not specified,Any,General,Equal Opportunity,Not specified,"Up to ₹1,00,000",INR,Partial,Partial,Not specified,Not specified,Not specified,Free,2026-08-24,Annual,Multiple,Required documents Class 12 mark sheet Course admission proof Income certificate Aadhaar Card Bank passbook,"Eligibility Applicants must: Have passed Class 12 and be pursuing a photography-related professional course of minimum 3 months' duration; Have annual family income not exceeding ₹6,00,000. Children of employees of Nikon India and Buddy4Study are not eligible. Undergraduate Diploma Income ≤ ₹6,00,00",Selection process 1 Application submitted Your form is filed on the official portal. 2 Institute verification Your college confirms enrolment and documents. 3 State verification The state department reviews and approves. 4 Scholarship approval The sa,"Overview The Nikon Scholarship Program 2026-27, introduced by Nikon India Private Limited, supports creative minds by providing financial assistance for professional photography courses, helping students from economically weaker sections build skills and pursue a career in photography. Selection Pro",Not specified,2026-09-16
SCH_0097,Panasonic Ratti Chhatr Scholarship Program,Scholarship Provider / Partner,Foundation / Government,Scholar4Study,https://scholar4study.com/scholarships/panasonic-ratti-chhatr-scholarship,https://scholar4study.com/scholarships/panasonic-ratti-chhatr-scholarship,India,India,Indian,Undergraduate,Full-time,All,Not specified,Not specified,Verified marks in qualifying examination,60%+,Not specified,Any,General,Equal Opportunity,Not specified,"₹70,250/year",INR,Partial,Partial,Not specified,Not specified,Not specified,Free,2026-08-20,Annual,Multiple,Required documents Class 12 mark sheet Valid IIT admission letter First-semester fee receipt Income certificate Aadhaar Card Bank passbook,"Eligibility Applicants must: Be Indian students admitted to the first year of B.E./B.Tech at any IIT for the 2026-27 academic year; Have secured at least 75% marks in Class 12; Have annual family income from all sources not exceeding ₹8,00,000. Children of employees of Buddy4Study and Panasonic are",Selection process 1 Application submitted Your form is filed on the official portal. 2 Institute verification Your college confirms enrolment and documents. 3 State verification The state department reviews and approves. 4 Scholarship approval The sa,Overview The Panasonic Ratti Chhatr Scholarship Program 2026-27 is an initiative of Panasonic Life Solutions India Pvt. Ltd. to provide financial assistance to students from low-income families pursuing engineering at IITs. Selection Process: Scholars are selected through a multi-stage evaluation —,Yes,2026-09-16
SCH_0098,SBI Platinum Jubilee Asha Scholarship,Scholarship Provider / Partner,Foundation / Government,Scholar4Study,https://scholar4study.com/scholarships/sbi-platinum-jubilee-asha-scholarship,https://scholar4study.com/scholarships/sbi-platinum-jubilee-asha-scholarship,India,India,Indian,Undergraduate,Full-time,All,Not specified,Not specified,Verified marks in qualifying examination,60%+,Not specified,Any,General,Equal Opportunity,Not specified,"₹15,000 – ₹2,00,000",INR,Partial,Partial,Not specified,Not specified,Not specified,Free,2026-09-04,Annual,Multiple,Required documents Aadhaar Card Current year fee receipt Bank account details (SBI) Income proof (Form 16A/income certificate/salary slips) Admission proof Recent photograph Caste certificate (if applicable),"Eligibility Applicants must: Be Indian nationals studying from Class 9 onwards, undergraduate, postgraduate, or professional/overseas courses; Have secured at least 75% marks or 7 CGPA in the last qualifying exam (10% relaxation for SC/ST, 15% for PwBD); Have annual family income not exceeding ₹6,00",Selection process 1 Application submitted Your form is filed on the official portal. 2 Institute verification Your college confirms enrolment and documents. 3 State verification The state department reviews and approves. 4 Scholarship approval The sa,"Overview The SBI Platinum Jubilee Asha Scholarship, run by SBI Foundation, supports students from Class 9 through postgraduate, professional (MBBS, IIT, IIM) and overseas courses with annual, merit-cum-means-based financial assistance. Selection Process: Selection involves merit and financial-backgr",Not specified,2026-09-16
SCH_0099,"Stipend for Junior Technical Schools, Karnataka",Government of Karnataka,Foundation / Government,Scholar4Study,https://scholar4study.com/scholarships/karnataka-junior-technical-schools-stipend,https://scholar4study.com/scholarships/karnataka-junior-technical-schools-stipend,India,India,Indian,Undergraduate,Full-time,All,Not specified,Not specified,Verified marks in qualifying examination,60%+,Not specified,Any,General,Equal Opportunity,Karnataka,Stipend as per government norms,INR,Partial,Partial,Not specified,Not specified,Not specified,Free,2026-09-30,Annual,Multiple,Required documents Karnataka domicile proof Junior Technical School bonafide certificate / valid SATS ID Previous marksheet Bank account details,Eligibility Applicants must: Be studying in Classes 8 to 10 at a Junior Technical School (JTS); Be a domicile of Karnataka. There is no caste-based restriction for this scheme. Class 9-12 GOVERNMENT,Selection process 1 Application submitted Your form is filed on the official portal. 2 Institute verification Your college confirms enrolment and documents. 3 State verification The state department reviews and approves. 4 Scholarship approval The sa,"Overview A Karnataka government stipend for students in Classes 8 to 10 at Junior Technical Schools, with no caste restriction, administered through the State Scholarship Portal.",Not specified,2026-09-16
SCH_0100,"Pre-Matric Scholarship for Labour Department (Class 1-10), Karnataka",Government of Karnataka,Foundation / Government,Scholar4Study,https://scholar4study.com/scholarships/karnataka-pre-matric-labour-department,https://scholar4study.com/scholarships/karnataka-pre-matric-labour-department,India,India,Indian,School,Full-time,All,Not specified,Not specified,Verified marks in qualifying examination,60%+,Not specified,Any,General,Equal Opportunity,Karnataka,Financial assistance as per government norms,INR,Partial,Partial,Not specified,Not specified,Not specified,Free,2026-09-30,Annual,Multiple,Required documents Valid labour ID of the registered construction worker parent Karnataka domicile proof School bonafide certificate / valid SATS ID Previous marksheet Bank account details,Eligibility Applicants must: Be a ward of a registered construction worker holding a valid labour ID; Be a domicile of Karnataka; Be studying at the pre-matric level as notified by the Labour Department. School GOVERNMENT,Selection process 1 Application submitted Your form is filed on the official portal. 2 Institute verification Your college confirms enrolment and documents. 3 State verification The state department reviews and approves. 4 Scholarship approval The sa,"Overview A Karnataka Labour Department pre-matric scholarship for children of registered construction workers holding a valid labour ID, administered through the State Scholarship Portal.",Not specified,2026-09-16
SCH_0101,"Pre-Matric Scholarship for Minorities (Class 1-8), Karnataka",Government of Karnataka,Foundation / Government,Scholar4Study,https://scholar4study.com/scholarships/karnataka-pre-matric-minorities-class-1-8,https://scholar4study.com/scholarships/karnataka-pre-matric-minorities-class-1-8,India,India,Indian,School,Full-time,All,Not specified,Not specified,Verified marks in qualifying examination,60%+,Not specified,Any,Minority,Equal Opportunity,Karnataka,Financial assistance as per government norms,INR,Partial,Partial,Not specified,Not specified,Not specified,Free,2026-09-30,Annual,Multiple,Required documents Caste/category certificate Karnataka domicile proof Family income certificate School bonafide certificate / valid SATS ID Bank account details,"Eligibility Applicants must: Be studying in Classes 1 to 8; Belong to a notified minority community (Muslim, Christian, Jain, Sikh, Parsi, Buddhist and others); Have annual family income up to ₹1,00,000; Be a domicile of Karnataka. School Income ≤ ₹1,00,000/yr GOVERNMENT MINORITY",Selection process 1 Application submitted Your form is filed on the official portal. 2 Institute verification Your college confirms enrolment and documents. 3 State verification The state department reviews and approves. 4 Scholarship approval The sa,"Overview A Karnataka government pre-matric scholarship for students from notified minority communities in Classes 1 to 8, with annual family income up to ₹1 lakh.",Not specified,2026-09-16
SCH_0102,U-GO Scholarship Program,Scholarship Provider / Partner,Foundation / Government,Scholar4Study,https://scholar4study.com/scholarships/u-go-scholarship-program,https://scholar4study.com/scholarships/u-go-scholarship-program,India,India,Indian,Undergraduate,Full-time,All,Not specified,Not specified,Verified marks in qualifying examination,60%+,Not specified,Any,General,Equal Opportunity,Not specified,"₹40,000 – ₹60,000/year",INR,Partial,Partial,Not specified,Not specified,Not specified,Free,2026-08-20,Annual,Multiple,Required documents Class 10 & 12 mark sheets Admission proof (fee receipt/bonafide certificate/admission letter) Income certificate/ITR/salary slips Government-issued identity proof (Aadhaar/PAN/voter ID),"Eligibility Applicants must: Be Indian female students enrolled in a professional undergraduate course (Teaching, Nursing, Pharmacy, Medicine, Engineering, Architecture, Law, BCA, BSc, etc.), not in their final year; Have scored 70% or above in both Class 10 and Class 12; Have family income below ₹5",Selection process 1 Application submitted Your form is filed on the official portal. 2 Institute verification Your college confirms enrolment and documents. 3 State verification The state department reviews and approves. 4 Scholarship approval The sa,"Overview The U-GO Scholarship Program 2026-27 is an initiative of U-GO, a California-based non-profit, providing financial assistance to young women pursuing professional graduation courses in India. Selection Process: Applications are shortlisted based on academic merit and financial background, fo",Yes,2026-09-16
SCH_0103,Dr. Rajendra Prasad Scholarship Program,Scholarship Provider / Partner,Foundation / Government,Scholar4Study,https://scholar4study.com/scholarships/dr-rajendra-prasad-scholarship,https://scholar4study.com/scholarships/dr-rajendra-prasad-scholarship,India,India,Indian,Undergraduate,Full-time,All,Not specified,Not specified,Verified marks in qualifying examination,60%+,Not specified,Any,General,Equal Opportunity,Not specified,"Up to ₹30,000",INR,Partial,Partial,Not specified,Not specified,Not specified,Free,2026-08-31,Annual,Multiple,Required documents Class 10/12 mark sheet Income certificate Aadhaar Card Bank passbook Passport-size photograph,"Eligibility Applicants must: Have passed Class 10 in 2026, or Class 12 in 2025 or 2026, with at least 75% marks; Have family income not exceeding ₹8,00,000 per annum. Priority to government-school students, Persons with Disabilities, North-East region students, and students from aspirational distric",Selection process 1 Application submitted Your form is filed on the official portal. 2 Institute verification Your college confirms enrolment and documents. 3 State verification The state department reviews and approves. 4 Scholarship approval The sa,"Overview The Dr. Rajendra Prasad Scholarship Program 2026-27, launched in honour of India's first President, aims to support deserving and meritorious students from economically disadvantaged backgrounds continuing education in any stream. Selection Process: Candidates are shortlisted based on acade",Not specified,2026-09-16
SCH_0104,Muskaan Scholarship Program 2.0,Scholarship Provider / Partner,Foundation / Government,Scholar4Study,https://scholar4study.com/scholarships/muskaan-scholarship-program-2,https://scholar4study.com/scholarships/muskaan-scholarship-program-2,India,India,Indian,Undergraduate,Full-time,All,Not specified,Not specified,Verified marks in qualifying examination,60%+,Not specified,Any,General,Equal Opportunity,Not specified,"Up to ₹12,000",INR,Partial,Partial,Not specified,Not specified,Not specified,Free,2026-08-20,Annual,Multiple,Required documents Previous class mark sheet (signed and stamped original) School admission/enrollment proof Income certificate Proof of parent's profession (e.g. commercial driving licence) Applicant's own bank account details Recent photograph,"Eligibility Applicants must: Be studying in Classes 9–12 in Andhra Pradesh, Arunachal Pradesh, Assam, Bihar, Chhattisgarh, Jharkhand, Karnataka, Kerala, Manipur, Meghalaya, Mizoram, Nagaland, Odisha, Tripura, Puducherry, Sikkim, Tamil Nadu, Telangana, or West Bengal; Be children of commercial driver",Selection process 1 Application submitted Your form is filed on the official portal. 2 Institute verification Your college confirms enrolment and documents. 3 State verification The state department reviews and approves. 4 Scholarship approval The sa,"Overview The Muskaan Scholarship Program 2.0 (2026-27), a CSR initiative of Valvoline Cummins Private Ltd. (VCPL), provides financial relief, academic stability, and road-safety mentoring to underprivileged students across eligible southern, eastern, and northeastern states. Selection Process: Candi",Not specified,2026-09-16
SCH_0105,AICTE Pragati Scholarship for Girl Students,"AICTE, Govt. of India",Foundation / Government,Scholar4Study,https://scholar4study.com/scholarships/aicte-pragati-scholarship-girls,https://scholar4study.com/scholarships/aicte-pragati-scholarship-girls,India,India,Indian,Undergraduate,Full-time,All,Not specified,Not specified,Verified marks in qualifying examination,60%+,Not specified,Female,General,Equal Opportunity,Not specified,"₹50,000/year",INR,Partial,Partial,Not specified,Not specified,Not specified,Free,2026-10-31,Annual,Multiple,Required documents Aadhaar Card Class 12 mark sheet Admission proof Income certificate Bank passbook,"Eligibility Applicants must: Be girl students admitted to the 1st year (or 2nd year via lateral entry) of an AICTE-approved technical diploma/degree programme via centralised admission; Have annual family income not exceeding ₹8,00,000. Limited to two girls per family. Undergraduate Diploma Income ≤",Selection process 1 Application submitted Your form is filed on the official portal. 2 Institute verification Your college confirms enrolment and documents. 3 State verification The state department reviews and approves. 4 Scholarship approval The sa,"Overview The AICTE Pragati Scholarship for Girl Students 2026-27 is open to girl students pursuing technical degree or diploma courses at AICTE-approved institutions, administered through the National Scholarship Portal. Selection Process: Applications are submitted and verified through the National",Yes,2026-09-16
SCH_0106,Maharashtra Rajarshi Chhatrapati Shahu Maharaj Scholarship,Scholarship Provider / Partner,Foundation / Government,Scholar4Study,https://scholar4study.com/scholarships/maharashtra-eminence-scholarship,https://scholar4study.com/scholarships/maharashtra-eminence-scholarship,India,India,Indian,Undergraduate,Full-time,All,Not specified,Not specified,Verified marks in qualifying examination,60%+,Not specified,Any,General,Equal Opportunity,Not specified,Full tuition + exam fee,INR,Full,Partial,Not specified,Not specified,Not specified,Free,2026-09-30,Annual,Multiple,Required documents Income certificate Class 12 mark sheet Admission proof Aadhaar Card Bank passbook,"Eligibility Applicants must: Be a resident of Maharashtra admitted under the General or SEBC category at a government or aided institution in the state (private/self-financed colleges excluded); Have combined annual family income not exceeding ₹8,00,000; Maintain minimum 50% attendance in the previo",Selection process 1 Application submitted Your form is filed on the official portal. 2 Institute verification Your college confirms enrolment and documents. 3 State verification The state department reviews and approves. 4 Scholarship approval The sa,"Overview The Maharashtra Rajarshi Chhatrapati Shahu Maharaj Scholarship is a Government of Maharashtra initiative under the Department of Social Justice and Special Assistance to promote higher education among underprivileged students, particularly from SC, VJNT, and SBC categories, through tuition",Not specified,2026-09-16
SCH_0107,PM YASASVI Central Sector Scheme,Scholarship Provider / Partner,Foundation / Government,Scholar4Study,https://scholar4study.com/scholarships/pm-yasasvi-central-sector-scheme,https://scholar4study.com/scholarships/pm-yasasvi-central-sector-scheme,India,India,Indian,Undergraduate,Full-time,All,Not specified,Not specified,Verified marks in qualifying examination,60%+,Not specified,Any,General,Equal Opportunity,Not specified,"Up to ₹1,25,000/year",INR,Partial,Partial,Not specified,Not specified,Not specified,Free,2026-08-31,Annual,Multiple,Required documents Caste certificate (OBC/EBC/DNT) Income certificate Previous class mark sheet Aadhaar Card Bank passbook,"Eligibility Applicants must: Belong to OBC, EBC, or DNT communities; Be studying in Class 9 or Class 11 at a recognised institution; Have annual family income not exceeding ₹2,50,000; Have secured at least 60% marks in the previous class (Class 8 for Class 9 applicants, Class 10 for Class 11 applica",Selection process 1 Application submitted Your form is filed on the official portal. 2 Institute verification Your college confirms enrolment and documents. 3 State verification The state department reviews and approves. 4 Scholarship approval The sa,"Overview The PM YASASVI Central Sector Scheme, run by the Ministry of Social Justice & Empowerment, Government of India, recognises and promotes quality education among Other Backward Classes (OBC), Economically Backward Classes (EBC), and Denotified Tribes (DNT) students. Selection Process: Selecti",Yes,2026-09-16
SCH_0108,Post-Matric Scholarship for SC Students,Scholarship Provider / Partner,Foundation / Government,Scholar4Study,https://scholar4study.com/scholarships/post-matric-scholarship-sc-students,https://scholar4study.com/scholarships/post-matric-scholarship-sc-students,India,India,Indian,Undergraduate,Full-time,All,Not specified,Not specified,Verified marks in qualifying examination,60%+,Not specified,Any,SC,Equal Opportunity,Not specified,"Course-wise, up to ₹92,000/year",INR,Partial,Partial,Not specified,Not specified,Not specified,Free,2026-10-31,Annual,Multiple,Required documents Caste/community certificate Income certificate Previous year's mark sheets Aadhaar Card (bank-seeded) Bank passbook,"Eligibility Applicants must: Belong to the Scheduled Caste (SC) community with a valid caste/community certificate; Be enrolled in a recognised post-matric course from Class 11 onward (including diploma, UG, PG, PhD); Have annual family income not exceeding ₹2,50,000. Undergraduate Postgraduate Dipl",Selection process 1 Application submitted Your form is filed on the official portal. 2 Institute verification Your college confirms enrolment and documents. 3 State verification The state department reviews and approves. 4 Scholarship approval The sa,"Overview The Post-Matric Scholarship for SC Students is a Government of India scheme administered through the National Scholarship Portal, supporting SC students from Class 11 onward — including diploma, undergraduate, postgraduate, and PhD courses — with tuition and maintenance support. Selection P",Yes,2026-09-16
SCH_0111,Vidyasiri Scholarship for OBC (Karnataka),Government of Karnataka,Foundation / Government,Scholar4Study,https://scholar4study.com/scholarships/vidyasiri-karnataka-obc-scholarship,https://scholar4study.com/scholarships/vidyasiri-karnataka-obc-scholarship,India,India,Indian,Undergraduate,Full-time,All,Not specified,Not specified,Verified marks in qualifying examination,60%+,Not specified,Any,OBC,Equal Opportunity,Karnataka,"₹1,500/month × Course duration",INR,Partial,Partial,Not specified,Not specified,Not specified,Free,2026-08-31,Annual,Multiple,Required documents Caste certificate (OBC) Income certificate Mark sheet of qualifying exam College admission/bonafide certificate Aadhaar Card Bank passbook,"Eligibility Applicants must: Be Indian citizens and permanent residents of Karnataka belonging to the OBC category; Be studying outside their home district in a recognised college, not staying in a government/aided hostel; Have family income not exceeding ₹1,00,000 (rural) or ₹2,50,000 (urban); Have",Selection process 1 Application submitted Your form is filed on the official portal. 2 Institute verification Your college confirms enrolment and documents. 3 State verification The state department reviews and approves. 4 Scholarship approval The sa,"Overview The Vidyasiri Scholarship, offered by the Department of Backward Classes Welfare, Government of Karnataka, provides boarding and lodging assistance to OBC students pursuing post-matric courses outside their home district who could not secure a government/aided hostel seat. Selection Process",Not specified,2026-09-16
SCH_0112,Shri Paragbhai Desai Wagh Bakri Scholarship,Scholarship Provider / Partner,Foundation / Government,Scholar4Study,https://scholar4study.com/scholarships/wagh-bakri-scholarship,https://scholar4study.com/scholarships/wagh-bakri-scholarship,India,India,Indian,Undergraduate,Full-time,All,Not specified,Not specified,Verified marks in qualifying examination,60%+,Not specified,Any,General,Equal Opportunity,Not specified,"₹20,000 – ₹75,000",INR,Partial,Partial,Not specified,Not specified,Not specified,Free,2026-09-21,Annual,Multiple,Required documents Proof of identity Proof of address Class 10 mark sheet Previous academic mark sheets Income certificate/ITR/salary certificate Student bank passbook Admission letter Current year fee receipt/fee structure Bonafide certificate from institute,"Eligibility Applicants must: Be Indian citizens and permanent residents of Gujarat (all genders and categories eligible); Have secured at least 50% marks in the preceding academic year; Have family income below ₹5,00,000; Hold a bank account in the applicant's own name. Children of Wagh Bakri Tea Gr",Selection process 1 Application submitted Your form is filed on the official portal. 2 Institute verification Your college confirms enrolment and documents. 3 State verification The state department reviews and approves. 4 Scholarship approval The sa,"Overview The Shri Paragbhai Desai Wagh Bakri Scholarship, administered via the Vidyasaarathi portal, provides financial assistance to economically disadvantaged Gujarat students pursuing diploma, engineering, nursing, and medical courses. Selection Process: Candidates must demonstrate proficiency in",Not specified,2026-09-16
SCH_0113,Vahani Scholarship Program,Scholarship Provider / Partner,Foundation / Government,Scholar4Study,https://scholar4study.com/scholarships/vahani-scholarship,https://scholar4study.com/scholarships/vahani-scholarship,India,India,Indian,Undergraduate,Full-time,All,Not specified,Not specified,Verified marks in qualifying examination,60%+,Not specified,Any,General,Equal Opportunity,Not specified,"Full tuition + hostel fees + ₹45,000 laptop stipend",INR,Full,Partial,Not specified,Not specified,Not specified,Free,2026-11-01,Annual,Multiple,Required documents Class 10 marksheet Class 12 admit card / school ID Family income proof Aadhaar card copy Parent/guardian bank details Recent passport-size photograph,"Eligibility Applicants must: Be currently studying in Class 12; Have scored 85% or above in Class 10; Belong to a family with annual income below ₹3 lakh. Class 9-12 Income ≤ ₹3,00,000/yr NGO",Selection process 1 Application submitted Your form is filed on the official portal. 2 Institute verification Your college confirms enrolment and documents. 3 State verification The state department reviews and approves. 4 Scholarship approval The sa,"Overview The Vahani Scholarship covers full tuition and hostel fees for an entire undergraduate degree, plus a laptop, travel and internet stipend, for Class 12 students with 85%+ in Class 10 and family income below ₹3 lakh.",Not specified,2026-09-16
SCH_0114,Eastman Powerup Eduskill Scholarship Program,Scholarship Provider / Partner,Foundation / Government,Scholar4Study,https://scholar4study.com/scholarships/eastman-powerup-eduskill-scholarship,https://scholar4study.com/scholarships/eastman-powerup-eduskill-scholarship,India,India,Indian,Undergraduate,Full-time,All,Not specified,Not specified,Verified marks in qualifying examination,60%+,Not specified,Any,General,Equal Opportunity,Not specified,"Up to ₹20,000",INR,Partial,Partial,Not specified,Not specified,Not specified,Free,2026-08-31,Annual,Multiple,Required documents Mark sheets Admission/enrollment proof Income certificate Aadhaar Card Bank passbook,"Eligibility Applicants must: Be enrolled full-time in B.Tech (3rd/4th year, lateral entry, or graduating batch of 2026), M.Tech (2nd year or graduating batch of 2026), MBA/PGDM (Sales/Marketing specialisation), or 3rd-year Polytechnic Diploma at a recognised institution; Have maintained a minimum of",Selection process 1 Application submitted Your form is filed on the official portal. 2 Institute verification Your college confirms enrolment and documents. 3 State verification The state department reviews and approves. 4 Scholarship approval The sa,"Overview The Eastman Powerup Eduskill Scholarship Program 2026-27, an initiative by Eastman Auto and Power Limited (EAPL), connects engineering, management, and polytechnic students with structured, industry-aligned certification courses to boost employability. Selection Process: Financial assistanc",Not specified,2026-09-16
SCH_0115,St Mary's University Sports Scholarships,Scholarship Provider / Partner,Foundation / Government,Scholar4Study,https://scholar4study.com/scholarships/st-marys-university-sports-scholarships,https://scholar4study.com/scholarships/st-marys-university-sports-scholarships,International,International,All Nationalities,Undergraduate,Full-time,All,Not specified,Not specified,Verified marks in qualifying examination,60%+,Not specified,Any,General,Equal Opportunity,Not specified,"GBP 1,000 – GBP 2,000",GBP,Partial,Partial,Not specified,Not specified,Not specified,Free,2026-08-23,Annual,Multiple,Required documents Proof of competitive sporting achievement (regional/national/international level) Passport copy Academic transcripts Proof of university offer/enrolment,"Eligibility Applicants must: Be competing in their sport at regional, national or international level; Be applying to or enrolled at St Mary's University. Tier is based on competitive level — Gold (Olympic level), Silver (junior national level minimum), Bronze (county/regional level minimum). Underg",Selection process 1 Application submitted Your form is filed on the official portal. 2 Institute verification Your college confirms enrolment and documents. 3 State verification The state department reviews and approves. 4 Scholarship approval The sa,"Overview Gold, Silver and Bronze sports scholarships worth GBP 1,000-2,000 plus performance support services, for athletes competing at regional, national or international level joining St Mary's University, UK.",Not specified,2026-09-16
SCH_0116,AMBER Postdoctoral Fellowship,Scholarship Provider / Partner,Foundation / Government,Scholar4Study,https://scholar4study.com/scholarships/amber-postdoctoral-fellowship,https://scholar4study.com/scholarships/amber-postdoctoral-fellowship,India,India,Indian,PhD,Full-time,All,Not specified,Not specified,Verified marks in qualifying examination,60%+,Not specified,Any,General,Equal Opportunity,Not specified,3-year postdoctoral contract + benefits,INR,Partial,Partial,Not specified,Not specified,Not specified,Free,2026-08-24,Annual,Multiple,Required documents PhD certificate (or proof of expected completion within 6 months) At least one peer-reviewed publication CV and list of publications Two reference letters,Eligibility Applicants must: Have no more than 8 years' postdoctoral experience after completing their PhD; Have at least one original publication in a peer-reviewed journal; Meet the MSCA mobility rule (not have resided/worked in the host country for more than 12 months in the 3 years before the de,Selection process 1 Application submitted Your form is filed on the official portal. 2 Institute verification Your college confirms enrolment and documents. 3 State verification The state department reviews and approves. 4 Scholarship approval The sa,"Overview A 3-year postdoctoral fellowship in robotic imaging and synchrotron microscopy at EMBL, ESRF and PSI, for PhD holders with up to 8 years' postdoctoral experience and at least one peer-reviewed publication.",Yes,2026-09-16
SCH_0117,JSPN Scholarship,Scholarship Provider / Partner,Foundation / Government,Scholar4Study,https://scholar4study.com/scholarships/jspn-scholarship,https://scholar4study.com/scholarships/jspn-scholarship,India,India,Indian,Undergraduate,Full-time,All,Not specified,Not specified,Verified marks in qualifying examination,60%+,Not specified,Any,General,Equal Opportunity,Not specified,Financial assistance for tuition & education costs,INR,Partial,Partial,Not specified,Not specified,Not specified,Free,2026-08-30,Annual,Multiple,Required documents Proof of belonging to the Madhwa community Academic marksheets Proof of financial need/income Bonafide certificate from institution Bank account details,Eligibility Applicants must: Belong to the Madhwa community; Be pursuing higher studies at a recognised school or institution; Have a good academic record; Demonstrate need for financial assistance. Online applications close 30 August 2026; supporting documents are due by 5 September 2026. Undergrad,Selection process 1 Application submitted Your form is filed on the official portal. 2 Institute verification Your college confirms enrolment and documents. 3 State verification The state department reviews and approves. 4 Scholarship approval The sa,"Overview Financial assistance for students from the Madhwa community pursuing higher studies at a recognised school or institution, with a good academic record and demonstrated financial need.",Not specified,2026-09-16
SCH_0118,CERN Research Fellowship,Scholarship Provider / Partner,Foundation / Government,Scholar4Study,https://scholar4study.com/scholarships/cern-research-fellowship,https://scholar4study.com/scholarships/cern-research-fellowship,India,India,Indian,PhD,Full-time,All,Not specified,Not specified,Verified marks in qualifying examination,60%+,Not specified,Any,General,Equal Opportunity,Not specified,"CHF 7,004 – 7,425/month",INR,Partial,Partial,Not specified,Not specified,Not specified,Free,2026-08-30,Annual,Multiple,Required documents PhD certificate (or proof of expected completion within 6 months) CV and list of publications Two reference letters Proof of nationality (CERN Member/Associate Member State),"Eligibility Applicants must: Hold a PhD by the application deadline, or obtain it within six months, in Applied Physics or Engineering; Have no more than 3 years of research experience after their PhD; Be a national of a CERN Member or Associate Member State; Have a good working knowledge of English",Selection process 1 Application submitted Your form is filed on the official portal. 2 Institute verification Your college confirms enrolment and documents. 3 State verification The state department reviews and approves. 4 Scholarship approval The sa,"Overview A research fellowship in Applied Physics or Engineering at CERN for PhD holders with up to 3 years of post-PhD research experience, nationals of a CERN Member or Associate Member State.",Not specified,2026-09-16
SCH_0119,SBS International Masters Scholarship,Scholarship Provider / Partner,Foundation / Government,Scholar4Study,https://scholar4study.com/scholarships/sbs-international-masters-scholarship,https://scholar4study.com/scholarships/sbs-international-masters-scholarship,International,International,All Nationalities,Postgraduate,Full-time,All,Not specified,Not specified,Verified marks in qualifying examination,60%+,Not specified,Any,General,Equal Opportunity,Not specified,"GBP 7,000 – 9,000 tuition fee scholarship",GBP,Partial,Partial,Not specified,Not specified,Not specified,Free,2026-08-31,Annual,Multiple,Required documents Proof of offer for a full-time MSc programme at Strathclyde Business School Passport copy Proof of self-funded international fee status,Eligibility Applicants must: Hold an offer for a full-time MSc programme at Strathclyde Business School (online/blended programmes excluded); Be classified as an international student for tuition fee purposes; Be self-funded. Only one university scholarship is awarded per student per year. Postgradu,Selection process 1 Application submitted Your form is filed on the official portal. 2 Institute verification Your college confirms enrolment and documents. 3 State verification The state department reviews and approves. 4 Scholarship approval The sa,"Overview A GBP 7,000-9,000 tuition fee scholarship for self-funded international students joining a full-time MSc programme at Strathclyde Business School, University of Strathclyde.",Not specified,2026-09-16
SCH_0120,Coventry University Sports Scholarships,Scholarship Provider / Partner,Foundation / Government,Scholar4Study,https://scholar4study.com/scholarships/coventry-university-sports-scholarships,https://scholar4study.com/scholarships/coventry-university-sports-scholarships,International,International,All Nationalities,Undergraduate,Full-time,All,Not specified,Not specified,Verified marks in qualifying examination,60%+,Not specified,Any,General,Equal Opportunity,Not specified,"GBP 1,500 (national) / GBP 3,000 (international)",GBP,Partial,Partial,Not specified,Not specified,Not specified,Free,2026-08-31,Annual,Multiple,"Required documents Proof of competitive sporting achievement (national/international level, BUCS/Olympic/Paralympic sport) Proof of university offer/enrolment Passport copy","Eligibility Applicants must: Be an undergraduate or postgraduate student able to represent Coventry University; Demonstrate excellence in a BUCS, Olympic or Paralympic sport at national or international level. Undergraduate Postgraduate INTERNATIONAL SPORTS",Selection process 1 Application submitted Your form is filed on the official portal. 2 Institute verification Your college confirms enrolment and documents. 3 State verification The state department reviews and approves. 4 Scholarship approval The sa,"Overview GBP 1,500-3,000 sports scholarships plus physiotherapy, sports psychology, nutrition and mentoring support, for undergraduate and postgraduate athletes competing in BUCS, Olympic or Paralympic sports at Coventry University.",Not specified,2026-09-16
SCH_0121,Mahindra All India Talent Scholarship (MAITS),Scholarship Provider / Partner,Foundation / Government,Scholar4Study,https://scholar4study.com/scholarships/mahindra-all-india-talent-scholarship-maits,https://scholar4study.com/scholarships/mahindra-all-india-talent-scholarship-maits,India,India,Indian,Undergraduate,Full-time,All,Not specified,Not specified,Verified marks in qualifying examination,60%+,Not specified,Any,General,Equal Opportunity,Not specified,"₹10,000 per annum (up to 3 years)",INR,Partial,Partial,Not specified,Not specified,Not specified,Free,2026-08-31,Annual,Multiple,Required documents Class 10/12 marksheet Proof of admission to a diploma course at a government/recognised polytechnic Family income proof Aadhaar card copy Bank account details,Eligibility Applicants must: Have passed SSC/HSC (Class 10/12) with more than 60% marks; Be a first-year candidate enrolled in (or admitted to) a diploma course at a government or recognised polytechnic institute; Belong to a family with low annual income; Be an Indian national. Diploma PRIVATE,Selection process 1 Application submitted Your form is filed on the official portal. 2 Institute verification Your college confirms enrolment and documents. 3 State verification The state department reviews and approves. 4 Scholarship approval The sa,"Overview ₹10,000 per year for up to 3 years for first-year diploma students at government or recognised polytechnic institutes, from the K.C. Mahindra Education Trust.",Yes,2026-09-16
SCH_0122,PM YASASVI Post-Matric Scholarship (Sikkim),Scholarship Provider / Partner,Foundation / Government,Scholar4Study,https://scholar4study.com/scholarships/pm-yasasvi-post-matric-sikkim,https://scholar4study.com/scholarships/pm-yasasvi-post-matric-sikkim,India,India,Indian,Undergraduate,Full-time,All,Not specified,Not specified,Verified marks in qualifying examination,60%+,Not specified,Any,General,Equal Opportunity,Not specified,"Up to ₹20,000/year + freeship card",INR,Partial,Partial,Not specified,Not specified,Not specified,Free,2026-08-31,Annual,Multiple,Required documents OBC/EBC/DNT category certificate Sikkim domicile certificate Family income certificate Previous marksheet Bank account details linked to Aadhaar,"Eligibility Applicants must: Be pursuing a post-matriculation/post-secondary course at a recognised institution; Belong to the OBC, EBC or DNT category; Be domiciled in Sikkim and an Indian national; Have annual parental/guardian income not exceeding ₹2,50,000. Undergraduate Postgraduate Diploma Inc",Selection process 1 Application submitted Your form is filed on the official portal. 2 Institute verification Your college confirms enrolment and documents. 3 State verification The state department reviews and approves. 4 Scholarship approval The sa,"Overview A Government of India post-matric scholarship of up to ₹20,000 per year plus a fee-waiver freeship card, for OBC, EBC and DNT category students domiciled in Sikkim with family income up to ₹2.5 lakh.",Yes,2026-09-16
SCH_0123,TVS Cheema Scholarship,Scholarship Provider / Partner,Foundation / Government,Scholar4Study,https://scholar4study.com/scholarships/tvs-cheema-scholarship,https://scholar4study.com/scholarships/tvs-cheema-scholarship,India,India,Indian,Undergraduate,Full-time,All,Not specified,Not specified,Verified marks in qualifying examination,60%+,Not specified,Any,General,Equal Opportunity,Not specified,"Tuition, hostel/mess & transport support",INR,Partial,Partial,Not specified,Not specified,Not specified,Free,2026-08-31,Annual,Multiple,"Required documents Class 10/12 marksheet Tamil Nadu or Karnataka domicile proof Family income certificate Admission proof (merit list/TNEA/KCET counselling, as applicable) Bank account details","Eligibility Applicants must: Be domiciled in Tamil Nadu or Karnataka; For diploma courses — have at least 60% in Class 10 and family income up to ₹5 lakh, admitted via merit list; For engineering — at least 60% in Class 12, admitted via TNEA/KCET, family income up to ₹8 lakh; For nursing — at least",Selection process 1 Application submitted Your form is filed on the official portal. 2 Institute verification Your college confirms enrolment and documents. 3 State verification The state department reviews and approves. 4 Scholarship approval The sa,"Overview Financial assistance covering tuition, hostel/mess or transport costs for diploma, engineering and nursing students domiciled in Tamil Nadu or Karnataka, from the TVS Cheema Scholarship Foundation.",Not specified,2026-09-16
SCH_0124,BCWD Vidyasiri Food & Accommodation Scholarship (Karnataka),Government of Karnataka,Foundation / Government,Scholar4Study,https://scholar4study.com/scholarships/bcwd-vidyasiri-karnataka,https://scholar4study.com/scholarships/bcwd-vidyasiri-karnataka,India,India,Indian,Undergraduate,Full-time,All,Not specified,Not specified,Verified marks in qualifying examination,60%+,Not specified,Any,General,Equal Opportunity,Karnataka,"₹1,500/month for 10 months",INR,Partial,Partial,Not specified,Not specified,Not specified,Free,2026-08-31,Annual,Multiple,Required documents OBC caste certificate (central/state notified list) Karnataka domicile/residence proof Family income certificate Post-matric course admission proof Bank account details,Eligibility Applicants must: Be an Indian citizen and permanent resident of Karnataka; Belong to the OBC list notified by the central/state government; Be pursuing a post-matric course at a government/aided/recognised private institution located at least 5 km from home or in a different city/town; H,Selection process 1 Application submitted Your form is filed on the official portal. 2 Institute verification Your college confirms enrolment and documents. 3 State verification The state department reviews and approves. 4 Scholarship approval The sa,"Overview A monthly food and accommodation allowance of ₹1,500 for 10 months for OBC post-matric students in Karnataka living away from home, from the state's Backward Classes Welfare Department.",Not specified,2026-09-16
SCH_0125,BCWD Post-Matric Scholarship (Karnataka),Government of Karnataka,Foundation / Government,Scholar4Study,https://scholar4study.com/scholarships/bcwd-post-matric-karnataka,https://scholar4study.com/scholarships/bcwd-post-matric-karnataka,India,India,Indian,Undergraduate,Full-time,All,Not specified,Not specified,Verified marks in qualifying examination,60%+,Not specified,Any,General,Equal Opportunity,Karnataka,"Up to ₹20,000 per annum",INR,Partial,Partial,Not specified,Not specified,Not specified,Free,2026-08-31,Annual,Multiple,Required documents OBC caste certificate (central/state notified list) Karnataka domicile/residence proof Family income certificate Course admission/bonafide certificate Previous marksheet Bank account details,"Eligibility Applicants must: Be an OBC-listed permanent resident of Karnataka; Be pursuing a post-matric course at a government/local body/aided institution; Have annual family income not exceeding ₹2,50,000 (Category 1) or ₹1,00,000 (Categories 2A/3A/3B); Have scored at least 60% (Category 1) or 70",Selection process 1 Application submitted Your form is filed on the official portal. 2 Institute verification Your college confirms enrolment and documents. 3 State verification The state department reviews and approves. 4 Scholarship approval The sa,"Overview Up to ₹20,000 per annum in allowance and tuition support for OBC post-matric students studying at government, local body or aided institutions in Karnataka.",Not specified,2026-09-16
SCH_0126,Ian Parry Photojournalism Grant,Scholarship Provider / Partner,Foundation / Government,Scholar4Study,https://scholar4study.com/scholarships/ian-parry-photojournalism-grant,https://scholar4study.com/scholarships/ian-parry-photojournalism-grant,International,International,All Nationalities,Undergraduate,Full-time,All,Not specified,Not specified,Verified marks in qualifying examination,60%+,Not specified,Any,General,Equal Opportunity,Not specified,"GBP 10,000",GBP,Partial,Partial,Not specified,Not specified,Not specified,Free,2026-09-01,Annual,Multiple,Required documents Proof of enrolment in a full-time photographic course Proof of age/date of birth Project proposal Portfolio of work Proof of student status from course tutor (if aged 25+),Eligibility Applicants must: Be enrolled in a full-time photographic course; Not be more than 24 years of age (applicants 25+ need proof of student status from their course tutor). Undergraduate Postgraduate INTERNATIONAL CREATIVE-ARTS,Selection process 1 Application submitted Your form is filed on the official portal. 2 Institute verification Your college confirms enrolment and documents. 3 State verification The state department reviews and approves. 4 Scholarship approval The sa,"Overview A GBP 10,000 photojournalism grant, one-year Canon equipment loan and industry mentorship for full-time photography students aged 24 or under, from the Ian Parry Memorial Fund.",Not specified,2026-09-16
SCH_0127,SSP Pre-Matric Scholarship (Karnataka),Government of Karnataka,Foundation / Government,Scholar4Study,https://scholar4study.com/scholarships/ssp-pre-matric-karnataka,https://scholar4study.com/scholarships/ssp-pre-matric-karnataka,India,India,Indian,School,Full-time,All,Not specified,Not specified,Verified marks in qualifying examination,60%+,Not specified,Any,General,Equal Opportunity,Karnataka,As per government norms (varies by department & class),INR,Partial,Partial,Not specified,Not specified,Not specified,Free,2026-09-30,Annual,Multiple,"Required documents Valid SATS ID Caste/category certificate (SC/ST/OBC/minority, as applicable) Karnataka domicile proof Family income certificate School bonafide certificate","Eligibility Applicants must: Be a domicile of Karnataka studying in Class 1-10; Hold a valid SATS ID; Meet the category-specific income limit — e.g. up to ₹6 lakh (SC/ST, Class 1-8), ₹2.5 lakh (SC/ST, Class 9-10), or ₹1 lakh (minorities, Class 1-8); Belong to an eligible category (SC, ST, OBC, minor",Selection process 1 Application submitted Your form is filed on the official portal. 2 Institute verification Your college confirms enrolment and documents. 3 State verification The state department reviews and approves. 4 Scholarship approval The sa,"Overview A Karnataka government pre-matric scholarship for Class 1-10 students from SC/ST/OBC, minority and other eligible categories, covering educational expenses via direct bank transfer.",Not specified,2026-09-16
SCH_0128,Luxury Connect Business School Scholarship Program,Scholarship Provider / Partner,Foundation / Government,Scholar4Study,https://scholar4study.com/scholarships/luxury-connect-business-school-scholarship,https://scholar4study.com/scholarships/luxury-connect-business-school-scholarship,India,India,Indian,Undergraduate,Full-time,All,Not specified,Not specified,Verified marks in qualifying examination,60%+,Not specified,Any,General,Equal Opportunity,Not specified,"Up to ₹2,00,000 tuition waiver",INR,Partial,Partial,Not specified,Not specified,Not specified,Free,2026-08-26,Annual,Multiple,Required documents Bachelor's degree certificate/marksheets Family income proof Proof of LCBS admission/application Aadhaar card copy Recent passport-size photograph,"Eligibility Applicants must: Hold a bachelor's degree from a recognised university or institution (final-year undergraduates may also apply, subject to LCBS admission norms and submission of final documents before enrolment); Have annual parental income from all sources not exceeding ₹8,00,000. Post",Selection process 1 Application submitted Your form is filed on the official portal. 2 Institute verification Your college confirms enrolment and documents. 3 State verification The state department reviews and approves. 4 Scholarship approval The sa,"Overview A tuition fee waiver of up to ₹2,00,000 for the MBA in Luxury Brand Management, or up to ₹25,000 for the Advanced Diploma in Luxury Retail Management, for students with family income up to ₹8 lakh.",Not specified,2026-09-16
SCH_0129,Sussex Sport Scholarships Scheme,University of Sussex (UK),Foundation / Government,Scholar4Study,https://scholar4study.com/scholarships/sussex-sport-scholarships-scheme,https://scholar4study.com/scholarships/sussex-sport-scholarships-scheme,International,International,All Nationalities,Undergraduate,Full-time,All,Not specified,Not specified,Verified marks in qualifying examination,60%+,Not specified,Any,General,Equal Opportunity,Not specified,"Up to GBP 1,250 per year",GBP,Partial,Partial,Not specified,Not specified,Not specified,Free,2026-10-02,Annual,Multiple,Required documents Evidence of sporting achievement and competition level Proof of University of Sussex offer or enrolment Passport copy,Eligibility Applicants must: Demonstrate sporting excellence with supporting proof; Be a high-performing athlete studying at the University of Sussex. Undergraduate Postgraduate INTERNATIONAL SPORTS,Selection process 1 Application submitted Your form is filed on the official portal. 2 Institute verification Your college confirms enrolment and documents. 3 State verification The state department reviews and approves. 4 Scholarship approval The sa,"Overview Up to GBP 1,250 per year plus facilities, mentoring and in-kind support for high-performing athletes studying at the University of Sussex.",Yes,2026-09-16
SCH_0130,Education Future International Scholarship,Scholarship Provider / Partner,Foundation / Government,Scholar4Study,https://scholar4study.com/scholarships/education-future-international-scholarship,https://scholar4study.com/scholarships/education-future-international-scholarship,India,India,Indian,Undergraduate,Full-time,All,Not specified,Not specified,Verified marks in qualifying examination,60%+,Not specified,Any,General,Equal Opportunity,Not specified,"₹2,00,000 – ₹10,00,000",INR,Partial,Partial,Not specified,Not specified,Not specified,Free,2026-08-30,Annual,Multiple,Required documents Valid Indian passport Class 10 and Class 12 marksheets Admission/offer letter from the overseas university Proof of financial need Recent passport-size photograph,Eligibility Applicants must: Be an Indian national holding a valid passport; Be pursuing UG or PG studies at a recognised university or college outside India; Have secured at least 60% marks in Class 10 and Class 12; Demonstrate a lack of means to fund their education. The course must commence betwe,Selection process 1 Application submitted Your form is filed on the official portal. 2 Institute verification Your college confirms enrolment and documents. 3 State verification The state department reviews and approves. 4 Scholarship approval The sa,"Overview A ₹2–10 lakh scholarship for Indian nationals pursuing undergraduate or postgraduate studies at recognised universities outside India, with at least 60% marks in Class 10 and Class 12.",Not specified,2026-09-16
SCH_0131,Azim Premji Scholarship,Scholarship Provider / Partner,Foundation / Government,Scholar4Study,https://scholar4study.com/scholarships/azim-premji-scholarship,https://scholar4study.com/scholarships/azim-premji-scholarship,India,India,Indian,Undergraduate,Full-time,All,Not specified,Not specified,Verified marks in qualifying examination,60%+,Not specified,Any,General,Equal Opportunity,Not specified,"₹30,000 per annum",INR,Partial,Partial,Not specified,Not specified,Not specified,Free,2026-08-31,Annual,Multiple,Required documents Class 10 and Class 12 marksheets from a government school/college Proof of admission to a recognised UG degree or diploma Aadhaar card copy Bank account details Recent passport-size photograph,Eligibility Applicants must: Be female; Be a first-year student in a 2-5 year UG degree or diploma programme at a recognised government or private university in India; Have passed Class 10 and Class 12 as a regular student from a government school or college; Be from one of 20 specified states/UTs (,Selection process 1 Application submitted Your form is filed on the official portal. 2 Institute verification Your college confirms enrolment and documents. 3 State verification The state department reviews and approves. 4 Scholarship approval The sa,"Overview ₹30,000 per year for the full course duration, for female first-year undergraduate students who completed Class 10 and 12 as regular students at government schools across 20 specified states and union territories.",Not specified,2026-09-16
SCH_0132,Jawaharlal Nehru Memorial Fund Scholarships for Doctoral Studies,Scholarship Provider / Partner,Foundation / Government,Scholar4Study,https://scholar4study.com/scholarships/jawaharlal-nehru-memorial-fund-doctoral,https://scholar4study.com/scholarships/jawaharlal-nehru-memorial-fund-doctoral,India,India,Indian,Undergraduate,Full-time,All,Not specified,Not specified,Verified marks in qualifying examination,60%+,Not specified,Any,General,Equal Opportunity,Not specified,"₹18,000/month + ₹15,000/year contingency",INR,Partial,Partial,Not specified,Not specified,Not specified,Free,2026-08-31,Annual,Multiple,Required documents PhD registration/admission proof Postgraduate degree certificate and marksheets Proof of age/date of birth Category certificate (if applicable) Research proposal Two letters of recommendation,"Eligibility Applicants must: Be a full-time PhD scholar already registered or admitted at a recognised Indian university; Be an Indian or other Asian-country national; Be below 35 years as of 1 October (relaxation up to 5 years for OBC-NCL, ST, SC, PwD, women, third-gender applicants and armed force",Selection process 1 Application submitted Your form is filed on the official portal. 2 Institute verification Your college confirms enrolment and documents. 3 State verification The state department reviews and approves. 4 Scholarship approval The sa,"Overview ₹18,000 per month plus a ₹15,000 annual contingency allowance for full-time PhD scholars at recognised Indian universities, open to Indian and other Asian nationals under 35.",Yes,2026-09-16
SCH_0133,Allianz Climate Risk Award,Scholarship Provider / Partner,Foundation / Government,Scholar4Study,https://scholar4study.com/scholarships/allianz-climate-risk-award,https://scholar4study.com/scholarships/allianz-climate-risk-award,International,International,All Nationalities,Undergraduate,Full-time,All,Not specified,Not specified,Verified marks in qualifying examination,60%+,Not specified,Any,General,Equal Opportunity,Not specified,"€7,000 (Global Award winner)",EUR,Partial,Partial,Not specified,Not specified,Not specified,Free,2026-08-31,Annual,Multiple,"Required documents Proof of PhD enrolment, post-doc position, or PhD completion within the last two years Research paper or summary on climate risk Non-technical essay CV","Eligibility Applicants must: Be currently pursuing a PhD or post-doc, or be a recent PhD graduate within two years of their final defence; Submit research addressing climate change's link to extreme weather or climate resilience; Submit a non-technical essay; Agree to attend the Munich award event o",Selection process 1 Application submitted Your form is filed on the official portal. 2 Institute verification Your college confirms enrolment and documents. 3 State verification The state department reviews and approves. 4 Scholarship approval The sa,"Overview A €7,000 global research award from Allianz for PhD candidates, post-docs and recent PhD graduates whose work addresses climate change, extreme weather and climate resilience, plus a funded trip to Munich.",Not specified,2026-09-16
SCH_0134,Heinrich Böll Foundation Doctoral Scholarship,Heinrich Böll Foundation Doctoral,Foundation / Government,Scholar4Study,https://scholar4study.com/scholarships/heinrich-boll-foundation-doctoral-scholarship,https://scholar4study.com/scholarships/heinrich-boll-foundation-doctoral-scholarship,International,International,All Nationalities,Undergraduate,Full-time,All,Not specified,Not specified,Verified marks in qualifying examination,60%+,Not specified,Any,General,Equal Opportunity,Not specified,"€1,650/month + €100 mobility allowance",EUR,Partial,Partial,Not specified,Not specified,Not specified,Free,2026-09-01,Annual,Multiple,Required documents Proof of doctoral enrolment or doctoral position application German language proficiency certificate Reference confirming social/political commitment Two expert reports CV and research proposal,"Eligibility Applicants must: Be a German doctoral candidate pursuing a doctorate in Germany or the EU, or an international doctoral candidate (including refugees) seeking a doctoral position in Germany; Provide proof of German language proficiency, a social commitment reference and two expert report",Selection process 1 Application submitted Your form is filed on the official portal. 2 Institute verification Your college confirms enrolment and documents. 3 State verification The state department reviews and approves. 4 Scholarship approval The sa,"Overview A €1,650 monthly stipend plus mobility allowance for doctoral candidates pursuing a doctorate in Germany or the EU, with priority for applicants from DAC countries.",Not specified,2026-09-16
SCH_0135,University of Reading Global Sustainability Leaders Scholarship,Scholarship Provider / Partner,Foundation / Government,Scholar4Study,https://scholar4study.com/scholarships/reading-global-sustainability-leaders-scholarship,https://scholar4study.com/scholarships/reading-global-sustainability-leaders-scholarship,International,International,All Nationalities,Undergraduate,Full-time,All,Not specified,Not specified,Verified marks in qualifying examination,60%+,Not specified,Any,General,Equal Opportunity,Not specified,"GBP 6,000 per year (up to 4 years)",GBP,Partial,Partial,Not specified,Not specified,Not specified,Free,2026-09-03,Annual,Multiple,Required documents Offer letter for an eligible University of Reading undergraduate programme Academic transcripts Passport copy,Eligibility Applicants must: Be an undergraduate applicant holding an offer for an eligible University of Reading programme; Have grades of AAA or above (or AAB for students eligible for a contextualised offer); Be a UK or international fee-paying student. Students already receiving the Reading Exce,Selection process 1 Application submitted Your form is filed on the official portal. 2 Institute verification Your college confirms enrolment and documents. 3 State verification The state department reviews and approves. 4 Scholarship approval The sa,"Overview GBP 6,000 per year for up to four years, plus sustainability and career development support, for high-achieving undergraduates joining the University of Reading.",Yes,2026-09-16
SCH_0136,University of Kent International Scholarships for Undergraduate Students,Scholarship Provider / Partner,Foundation / Government,Scholar4Study,https://scholar4study.com/scholarships/university-of-kent-international-ug-scholarship,https://scholar4study.com/scholarships/university-of-kent-international-ug-scholarship,International,International,All Nationalities,Undergraduate,Full-time,All,Not specified,Not specified,Verified marks in qualifying examination,60%+,Not specified,Any,General,Equal Opportunity,Not specified,"Up to £5,000 toward tuition",GBP,Partial,Partial,Not specified,Not specified,Not specified,Free,2026-09-04,Annual,Multiple,Required documents Conditional or unconditional offer from the University of Kent UCAS application details Motivational essay Passport copy,"Eligibility Applicants must: Be beginning an undergraduate degree in September 2026; Hold a conditional or unconditional offer from the University of Kent; Be a self-funded overseas fee payer; Accept their offer by the deadline. Distance learning, foundation year and KMMS programmes are not eligible",Selection process 1 Application submitted Your form is filed on the official portal. 2 Institute verification Your college confirms enrolment and documents. 3 State verification The state department reviews and approves. 4 Scholarship approval The sa,"Overview Up to £5,000 in tuition support for self-funded overseas students beginning an undergraduate degree at the University of Kent in September 2026, selected on UCAS details and a motivational essay.",Not specified,2026-09-16
SCH_0137,University of Sussex India Scholarship (Masters),Scholarship Provider / Partner,Foundation / Government,Scholar4Study,https://scholar4study.com/scholarships/sussex-india-scholarship-masters,https://scholar4study.com/scholarships/sussex-india-scholarship-masters,International,International,All Nationalities,Postgraduate,Full-time,All,Not specified,Not specified,Verified marks in qualifying examination,60%+,Not specified,Any,General,Equal Opportunity,Not specified,"GBP 5,000 tuition fee waiver",GBP,Partial,Partial,Not specified,Not specified,Not specified,Free,2026-09-01,Annual,Multiple,Required documents Proof of Indian citizenship (passport) Offer for an eligible full-time Master's programme Academic transcripts Evidence of self-financing,"Eligibility Applicants must: Be an Indian citizen; Be classified as an overseas fee payer; Be self-financing their tuition fees; Be accepted onto an eligible full-time Master's programme. ISC, PGCE/Certificate/Diploma, BSMS, IDS, Early Years Education (with teacher status), Social Work with NHS burs",Selection process 1 Application submitted Your form is filed on the official portal. 2 Institute verification Your college confirms enrolment and documents. 3 State verification The state department reviews and approves. 4 Scholarship approval The sa,"Overview A GBP 5,000 tuition fee waiver for self-financing Indian students accepted onto a full-time Master's programme at the University of Sussex, awarded on academic merit and financial need.",Not specified,2026-09-16
SCH_0138,DRDO SSPL Junior Research Fellowship,Scholarship Provider / Partner,Foundation / Government,Scholar4Study,https://scholar4study.com/scholarships/drdo-sspl-junior-research-fellowship,https://scholar4study.com/scholarships/drdo-sspl-junior-research-fellowship,India,India,Indian,PhD,Full-time,All,Not specified,Not specified,Verified marks in qualifying examination,60%+,Not specified,Any,General,Equal Opportunity,Not specified,"₹37,000 per month",INR,Partial,Partial,Not specified,Not specified,Not specified,Free,2026-09-01,Annual,Multiple,Required documents M.Sc./B.E./B.Tech/M.E./M.Tech degree certificate and marksheets Valid NET or GATE scorecard Proof of age and Indian nationality Category certificate (if claiming relaxation) Updated CV,"Eligibility Applicants must: Hold an M.Sc. or equivalent in Physics/Electronics (first division) with valid NET, OR a B.E./B.Tech in Engineering Physics/Electronics (first division) with valid NET/GATE, OR an M.E./M.Tech with first division in both UG and PG; Be an Indian national; Be aged 28 or und",Selection process 1 Application submitted Your form is filed on the official portal. 2 Institute verification Your college confirms enrolment and documents. 3 State verification The state department reviews and approves. 4 Scholarship approval The sa,"Overview A ₹37,000 monthly Junior Research Fellowship at DRDO's Solid State Physics Laboratory for postgraduates and engineers in Physics or Electronics with a valid NET or GATE score, selected by walk-in interview.",Not specified,2026-09-16
SCH_0139,Schwarzman Scholars Programme,Scholarship Provider / Partner,Foundation / Government,Scholar4Study,https://scholar4study.com/scholarships/schwarzman-scholars-programme,https://scholar4study.com/scholarships/schwarzman-scholars-programme,India,India,Indian,Undergraduate,Full-time,All,Not specified,Not specified,Verified marks in qualifying examination,60%+,Not specified,Any,General,Equal Opportunity,Not specified,Fully funded Master's degree,INR,Full,Partial,Not specified,Not specified,Not specified,Free,2026-09-09,Annual,Multiple,Required documents Bachelor's degree certificate and transcripts English proficiency test score (TOEFL 100 / IELTS 7 / Cambridge Advanced 185 / Duolingo 130) Passport copy Letters of recommendation Personal statement,"Eligibility Applicants must: Have completed a bachelor's degree before 1 August of the enrollment year; Be aged 18-28 as of 1 August 2027; Meet the English requirement (TOEFL 100, IELTS 7, Cambridge Advanced 185 or Duolingo 130). Open internationally with no nationality restriction; transfer student",Selection process 1 Application submitted Your form is filed on the official portal. 2 Institute verification Your college confirms enrolment and documents. 3 State verification The state department reviews and approves. 4 Scholarship approval The sa,"Overview A fully funded one-year Master's at Schwarzman College, Tsinghua University in Beijing — covering tuition, room and board, travel, books, laptop, insurance and a personal stipend.",Not specified,2026-09-16
SCH_0141,Mitacs Globalink Research Internship,Scholarship Provider / Partner,Foundation / Government,Scholar4Study,https://scholar4study.com/scholarships/mitacs-globalink-research-internship,https://scholar4study.com/scholarships/mitacs-globalink-research-internship,India,India,Indian,Undergraduate,Full-time,All,Not specified,Not specified,Verified marks in qualifying examination,60%+,Not specified,Any,General,Equal Opportunity,Not specified,Funded research internship in Canada,INR,Partial,Partial,Not specified,Not specified,Not specified,Free,2026-09-16,Annual,Multiple,Required documents Academic transcripts (minimum 70% cumulative GPA) Proof of full-time UG or combined UG/Master's enrolment Passport copy CV Statement of interest,Eligibility Applicants must: Be at least 18 years old; Be enrolled full-time in an undergraduate or combined UG/Master's programme (B.E./B.Tech); Have a minimum cumulative GPA of 70%; Apply to at least three projects across at least three Canadian provinces; Be fluent in English or French; Be from a,Selection process 1 Application submitted Your form is filed on the official portal. 2 Institute verification Your college confirms enrolment and documents. 3 State verification The state department reviews and approves. 4 Scholarship approval The sa,"Overview A funded research internship in Canada covering airfare, housing, meals and insurance, for full-time undergraduate students with a minimum 70% GPA who apply to at least three projects across three provinces.",Not specified,2026-09-16
SCH_0142,Digital Humanism Fellowship,Scholarship Provider / Partner,Foundation / Government,Scholar4Study,https://scholar4study.com/scholarships/digital-humanism-fellowship,https://scholar4study.com/scholarships/digital-humanism-fellowship,International,International,All Nationalities,PhD,Full-time,All,Not specified,Not specified,Verified marks in qualifying examination,60%+,Not specified,Any,General,Equal Opportunity,Not specified,"€2,750 – €3,300 per month",EUR,Partial,Partial,Not specified,Not specified,Not specified,Free,2026-09-21,Annual,Multiple,Required documents Proof of doctoral enrolment or PhD certificate (obtained after 21 September 2022) Research proposal on digitalisation and society CV and publication list Letters of recommendation,"Eligibility Applicants must: Be enrolled in a doctoral programme, or have obtained a PhD within four years of the deadline (not before 21 September 2022); Propose research on digitalisation's intersection with society, economy or geopolitics, or a related humanities/social science topic. Only one ap",Selection process 1 Application submitted Your form is filed on the official portal. 2 Institute verification Your college confirms enrolment and documents. 3 State verification The state department reviews and approves. 4 Scholarship approval The sa,"Overview A monthly stipend of €2,750 (doctoral) or €3,300 (postdoctoral) at the Institute for Human Sciences in Vienna, for research on digitalisation's intersection with society, economy and geopolitics.",Not specified,2026-09-16
SCH_0143,Mahindra EmpowerHer Scholarship Program,Scholarship Provider / Partner,Foundation / Government,Scholar4Study,https://scholar4study.com/scholarships/mahindra-empowerher-scholarship,https://scholar4study.com/scholarships/mahindra-empowerher-scholarship,India,India,Indian,Undergraduate,Full-time,All,Not specified,Not specified,Verified marks in qualifying examination,60%+,Not specified,Female,General,Equal Opportunity,Not specified,"₹5,500",INR,Partial,Partial,Not specified,Not specified,Not specified,Free,2026-09-21,Annual,Multiple,Required documents Previous year/semester marksheet (minimum 50%) Family income proof Proof of enrolment at a recognised institution Category certificate (if applicable) Bank account details,"Eligibility Applicants must: Be a girl student in Classes 9-12 or pursuing a general UG/PG course at a recognised institution; Have secured at least 50% marks in the previous academic year or semester; Have annual family income not exceeding ₹4,00,000. Open across India, with preference to SC, ST, O",Selection process 1 Application submitted Your form is filed on the official portal. 2 Institute verification Your college confirms enrolment and documents. 3 State verification The state department reviews and approves. 4 Scholarship approval The sa,"Overview A ₹5,500 scholarship for girl students in Classes 9-12 or general UG/PG courses, with at least 50% marks and family income up to ₹4 lakh, with preference for SC/ST/OBC/PwD candidates.",Not specified,2026-09-16
SCH_0145,IIRS External Student Internship Program,Scholarship Provider / Partner,Foundation / Government,Scholar4Study,https://scholar4study.com/scholarships/iirs-external-student-internship,https://scholar4study.com/scholarships/iirs-external-student-internship,India,India,Indian,Undergraduate,Full-time,All,Not specified,Not specified,Verified marks in qualifying examination,60%+,Not specified,Any,General,Equal Opportunity,Not specified,Training certificate + ISRO research experience,INR,Partial,Partial,Not specified,Not specified,Not specified,Free,2026-10-30,Annual,Multiple,Required documents Academic transcripts (minimum 60% aggregate or 6.32 CGPA) Bonafide certificate from the institution Proof of Indian citizenship Statement of purpose No-objection certificate from the college,"Eligibility Applicants must: Be an Indian citizen; Be currently pursuing or have recently completed (within 6 months) a UG, PG or PhD in Science or Technology; Have a minimum 60% aggregate or 6.32 CGPA on a 10-point scale; Meet the semester requirement for their course — BE/BTech: completed 6th seme",Selection process 1 Application submitted Your form is filed on the official portal. 2 Institute verification Your college confirms enrolment and documents. 3 State verification The state department reviews and approves. 4 Scholarship approval The sa,"Overview A research internship at ISRO's Indian Institute of Remote Sensing for Indian science and technology students with at least 60% aggregate, offering ISRO mentorship, lab access and a training certificate.",Not specified,2026-09-16
SCH_0146,"Pre-Matric Scholarship for ST Students (Class 9-10), Karnataka",Government of Karnataka,Foundation / Government,Scholar4Study,https://scholar4study.com/scholarships/karnataka-pre-matric-st-class-9-10,https://scholar4study.com/scholarships/karnataka-pre-matric-st-class-9-10,India,India,Indian,School,Full-time,All,Not specified,Not specified,Verified marks in qualifying examination,60%+,Not specified,Any,ST,Equal Opportunity,Karnataka,Financial assistance as per government norms,INR,Partial,Partial,Not specified,Not specified,Not specified,Free,2026-09-30,Annual,Multiple,Required documents Caste/category certificate Karnataka domicile proof Family income certificate School bonafide certificate / valid SATS ID Bank account details,"Eligibility Applicants must: Be studying in Class 9 or 10; Belong to the Scheduled Tribe category; Have annual family income below ₹2,50,000; Be a domicile of Karnataka. Class 9-12 Income ≤ ₹2,50,000/yr GOVERNMENT ST",Selection process 1 Application submitted Your form is filed on the official portal. 2 Institute verification Your college confirms enrolment and documents. 3 State verification The state department reviews and approves. 4 Scholarship approval The sa,"Overview A Karnataka government pre-matric scholarship for Scheduled Tribe students in Classes 9 and 10 with annual family income below ₹2.5 lakh, administered through the State Scholarship Portal.",Not specified,2026-09-16
SCH_0147,"Pre-Matric Scholarship for ST Students (Class 1-8), Karnataka",Government of Karnataka,Foundation / Government,Scholar4Study,https://scholar4study.com/scholarships/karnataka-pre-matric-st-class-1-8,https://scholar4study.com/scholarships/karnataka-pre-matric-st-class-1-8,India,India,Indian,School,Full-time,All,Not specified,Not specified,Verified marks in qualifying examination,60%+,Not specified,Any,ST,Equal Opportunity,Karnataka,Financial assistance as per government norms,INR,Partial,Partial,Not specified,Not specified,Not specified,Free,2026-09-30,Annual,Multiple,Required documents Caste/category certificate Karnataka domicile proof Family income certificate School bonafide certificate / valid SATS ID Bank account details,"Eligibility Applicants must: Be studying in Classes 1 to 8; Belong to the Scheduled Tribe category; Have annual family income below ₹6,00,000; Be a domicile of Karnataka. School Income ≤ ₹6,00,000/yr GOVERNMENT ST",Selection process 1 Application submitted Your form is filed on the official portal. 2 Institute verification Your college confirms enrolment and documents. 3 State verification The state department reviews and approves. 4 Scholarship approval The sa,"Overview A Karnataka government pre-matric scholarship for Scheduled Tribe students in Classes 1 to 8 with annual family income below ₹6 lakh, administered through the State Scholarship Portal.",Not specified,2026-09-16
SCH_0148,"Pre-Matric Scholarship for SC Students (Class 9-10), Karnataka",Government of Karnataka,Foundation / Government,Scholar4Study,https://scholar4study.com/scholarships/karnataka-pre-matric-sc-class-9-10,https://scholar4study.com/scholarships/karnataka-pre-matric-sc-class-9-10,India,India,Indian,School,Full-time,All,Not specified,Not specified,Verified marks in qualifying examination,60%+,Not specified,Any,SC,Equal Opportunity,Karnataka,Financial assistance as per government norms,INR,Partial,Partial,Not specified,Not specified,Not specified,Free,2026-09-30,Annual,Multiple,Required documents Caste/category certificate Karnataka domicile proof Family income certificate School bonafide certificate / valid SATS ID Bank account details,"Eligibility Applicants must: Be studying in Class 9 or 10; Belong to the Scheduled Caste category; Have annual family income below ₹2,50,000; Be a domicile of Karnataka. Class 9-12 Income ≤ ₹2,50,000/yr GOVERNMENT SC",Selection process 1 Application submitted Your form is filed on the official portal. 2 Institute verification Your college confirms enrolment and documents. 3 State verification The state department reviews and approves. 4 Scholarship approval The sa,"Overview A Karnataka government pre-matric scholarship for Scheduled Caste students in Classes 9 and 10 with annual family income below ₹2.5 lakh, administered through the State Scholarship Portal.",Not specified,2026-09-16
SCH_0149,WBG Young Professionals Program (YPP),Scholarship Provider / Partner,Foundation / Government,Scholar4Study,https://scholar4study.com/scholarships/wbg-young-professionals-program,https://scholar4study.com/scholarships/wbg-young-professionals-program,India,India,Indian,Undergraduate,Full-time,All,Not specified,Not specified,Verified marks in qualifying examination,60%+,Not specified,Any,General,Equal Opportunity,Not specified,2-year term appointment + full benefits,INR,Full,Partial,Not specified,Not specified,Not specified,Free,2026-09-30,Annual,Multiple,Required documents Master's degree or higher certificate and transcripts Proof of 2-6 years' relevant professional experience Passport copy (World Bank Group member country nationality) CV and cover letter,Eligibility Applicants must: Hold a Master's degree or higher in a relevant field completed before the September start date; Have 2-6 years of relevant professional experience; Have excellent English (additional languages an advantage); Hold the nationality of a World Bank Group member country; Not,Selection process 1 Application submitted Your form is filed on the official portal. 2 Institute verification Your college confirms enrolment and documents. 3 State verification The state department reviews and approves. 4 Scholarship approval The sa,"Overview A two-year World Bank Group staff appointment with competitive salary, benefits, structured academy curriculum and mentorship, for early-career professionals with a Master's degree and 2-6 years' experience.",Yes,2026-09-16
SCH_0150,JK Lakshmi Vidya Scholarship,Scholarship Provider / Partner,Foundation / Government,Scholar4Study,https://scholar4study.com/scholarships/jk-lakshmi-vidya-scholarship,https://scholar4study.com/scholarships/jk-lakshmi-vidya-scholarship,India,India,Indian,Undergraduate,Full-time,All,Not specified,Not specified,Verified marks in qualifying examination,60%+,Not specified,Any,General,Equal Opportunity,Not specified,"₹5,000 – ₹40,000 depending on level",INR,Partial,Partial,Not specified,Not specified,Not specified,Free,2026-09-15,Annual,Multiple,"Required documents Previous qualifying exam marksheet (minimum 50%) Family income proof (below ₹5,00,000) Proof of current enrolment Aadhaar card copy Bank account details","Eligibility Applicants must: Be studying in Class 5 to 12, ITI, Diploma, or any UG or PG course; Have secured at least 50% marks in the preceding qualifying exam (Class 10/12/Diploma as applicable); Have annual family income below ₹5,00,000. Preference is given to applicants from Gujarat, Haryana, C",Selection process 1 Application submitted Your form is filed on the official portal. 2 Institute verification Your college confirms enrolment and documents. 3 State verification The state department reviews and approves. 4 Scholarship approval The sa,"Overview ₹5,000 to ₹40,000 depending on study level — from Class 5 through ITI, Diploma, UG and PG — for students with at least 50% marks and family income below ₹5 lakh, from JK Lakshmi Cement's CSR programme.",Not specified,2026-09-16
SCH_0151,ICANN Fellowship Program,Scholarship Provider / Partner,Foundation / Government,Scholar4Study,https://scholar4study.com/scholarships/icann-fellowship-program,https://scholar4study.com/scholarships/icann-fellowship-program,International,International,All Nationalities,PhD,Full-time,All,Not specified,Not specified,Verified marks in qualifying examination,60%+,Not specified,Any,General,Equal Opportunity,Not specified,"Fully funded (travel, stay + US$500 stipend)",USD,Full,Partial,Not specified,Not specified,Not specified,Free,2026-08-21,Annual,Multiple,Required documents Proof of age (21+) Passport copy Completion certificates for mandatory ICANN Learn courses Statement of interest CV,Eligibility Applicants must: Be aged 21 or older; Complete the mandatory ICANN Learn courses before applying; Have received no more than two prior ICANN Fellowships; Not be enrolled in a concurrent ICANN-supported programme. Open to applicants from all countries. The deadline is 23:59 UTC. Undergrad,Selection process 1 Application submitted Your form is filed on the official portal. 2 Institute verification Your college confirms enrolment and documents. 3 State verification The state department reviews and approves. 4 Scholarship approval The sa,"Overview A fully funded fellowship covering airfare, accommodation, meals and a US$500 stipend to attend an ICANN meeting in Portugal, open to applicants aged 21+ worldwide.",Not specified,2026-09-16
SCH_0152,Lester B. Pearson International Scholarship,Scholarship Provider / Partner,Foundation / Government,Scholar4Study,https://scholar4study.com/scholarships/lester-b-pearson-scholarship,https://scholar4study.com/scholarships/lester-b-pearson-scholarship,India,India,Indian,Undergraduate,Full-time,All,Not specified,Not specified,Verified marks in qualifying examination,60%+,Not specified,Any,General,Equal Opportunity,Not specified,Full tuition + residence for 4 years,INR,Full,Partial,Not specified,Not specified,Not specified,Free,2026-11-06,Annual,Multiple,Required documents School nomination (one per school per year) Secondary school transcripts Passport copy OUAC application Essays and supporting statements,Eligibility Applicants must: Be an international student (Canadian citizens are not eligible); Be in their final year of secondary school in 2026-27; Be nominated by their school (one nomination per school per year); Be starting a first-entry undergraduate programme in September 2027; Not be current,Selection process 1 Application submitted Your form is filed on the official portal. 2 Institute verification Your college confirms enrolment and documents. 3 State verification The state department reviews and approves. 4 Scholarship approval The sa,"Overview Full tuition, residence, books and incidental fees for four years at the University of Toronto, for approximately 37 international students nominated by their secondary school each year.",Yes,2026-09-16
SCH_0154,Boston University Presidential Scholarship,Scholarship Provider / Partner,Foundation / Government,Scholar4Study,https://scholar4study.com/scholarships/boston-university-presidential-scholarship,https://scholar4study.com/scholarships/boston-university-presidential-scholarship,International,International,All Nationalities,Undergraduate,Full-time,All,Not specified,Not specified,Verified marks in qualifying examination,60%+,Not specified,Any,General,Equal Opportunity,Not specified,"$25,000 per year (renewable up to 4 years)",USD,Partial,Partial,Not specified,Not specified,Not specified,Free,2026-12-01,Annual,Multiple,Required documents High school transcripts (top 5% of class) SAT (1500+) or ACT (33+) scores TOEFL/IELTS for non-native English speakers Boston University application,Eligibility Applicants must: Be a first-year undergraduate applicant (US or international); Rank in the top 5% of their high school class; Have strong test scores — SAT 1500+ or ACT 33+ preferred; Submit TOEFL/IELTS if a non-native English speaker. There is no separate scholarship application — cand,Selection process 1 Application submitted Your form is filed on the official portal. 2 Institute verification Your college confirms enrolment and documents. 3 State verification The state department reviews and approves. 4 Scholarship approval The sa,"Overview $25,000 per year renewable for up to four years at Boston University, awarded automatically to about 3% of first-year applicants in the top 5% of their high school class.",Yes,2026-09-16
SCH_0155,Bond University Leadership Scholarship,Scholarship Provider / Partner,Foundation / Government,Scholar4Study,https://scholar4study.com/scholarships/bond-university-leadership-scholarship,https://scholar4study.com/scholarships/bond-university-leadership-scholarship,India,India,Indian,Undergraduate,Full-time,All,Not specified,Not specified,Verified marks in qualifying examination,60%+,Not specified,Any,General,Equal Opportunity,Not specified,25% tuition fee remission,INR,Partial,Partial,Not specified,Not specified,Not specified,Free,2026-08-31,Annual,Multiple,Required documents Year 12 results (ATAR 84.00+ or IB 30+) Evidence of leadership and community involvement Passport copy Personal statement,"Eligibility Applicants must: Be completing Year 12 or equivalent; Have an ATAR of 84.00 or above, or an IB score of 30 or above; Demonstrate leadership and community involvement; Not have started tertiary study elsewhere. The Bond Medical Program and Diploma entry pathways are excluded. Open to both",Selection process 1 Application submitted Your form is filed on the official portal. 2 Institute verification Your college confirms enrolment and documents. 3 State verification The state department reviews and approves. 4 Scholarship approval The sa,"Overview A 25% tuition fee remission for undergraduate students at Bond University, Australia, with an ATAR of 84.00 or above (or IB 30+) and demonstrated leadership and community involvement.",Not specified,2026-09-16
SCH_0156,La Trobe High Achiever Scholarship,Scholarship Provider / Partner,Foundation / Government,Scholar4Study,https://scholar4study.com/scholarships/la-trobe-high-achiever-scholarship,https://scholar4study.com/scholarships/la-trobe-high-achiever-scholarship,India,India,Indian,Undergraduate,Full-time,All,Not specified,Not specified,Verified marks in qualifying examination,60%+,Not specified,Any,General,Equal Opportunity,Not specified,15% – 25% tuition reduction,INR,Partial,Partial,Not specified,Not specified,Not specified,Free,2026-12-31,Annual,Multiple,Required documents Academic transcripts La Trobe course offer letter Passport copy Evidence of financial capacity for the Genuine Student assessment,Eligibility Applicants must: Be an international student (Australian and New Zealand citizens are not eligible); Be enrolling in an undergraduate or postgraduate coursework programme at a Victorian campus; Be full fee-paying and non-sponsored; Pass the Genuine Student assessment including financial,Selection process 1 Application submitted Your form is filed on the official portal. 2 Institute verification Your college confirms enrolment and documents. 3 State verification The state department reviews and approves. 4 Scholarship approval The sa,"Overview A 15-25% tuition reduction for international students at La Trobe University's Victorian campuses, tiered by academic results and assessed automatically with no separate application.",Not specified,2026-09-16
SCH_0158,DAAD MIDE Scholarship,Scholarship Provider / Partner,Foundation / Government,Scholar4Study,https://scholar4study.com/scholarships/daad-mide-scholarship,https://scholar4study.com/scholarships/daad-mide-scholarship,International,International,All Nationalities,Undergraduate,Full-time,All,Not specified,Not specified,Verified marks in qualifying examination,60%+,Not specified,Any,General,Equal Opportunity,Not specified,€934/month + full programme fee,EUR,Full,Partial,Not specified,Not specified,Not specified,Free,2026-08-31,Annual,Multiple,Required documents Bachelor's degree with at least 180 ECTS credits (including 15 ECTS in Economics) Proof of at least 2 years' relevant work experience English proficiency certificate Motivation letter CV,Eligibility Applicants must: Hold a bachelor's degree with at least 180 ECTS credits including at least 15 ECTS in Economics; Have at least 2 years of relevant work experience; Have completed their degree within the last 6 years; Have strong English proficiency; Be from a developing or newly industr,Selection process 1 Application submitted Your form is filed on the official portal. 2 Institute verification Your college confirms enrolment and documents. 3 State verification The state department reviews and approves. 4 Scholarship approval The sa,"Overview A fully funded Master's scholarship at HTW Berlin covering the €2,500 programme fee, a €934 monthly stipend, travel and insurance, for applicants from developing and newly industrialised countries.",Not specified,2026-09-16
SCH_0159,OPCAR Foundation Scholarship,OPCAR Foundation,Foundation / Government,Scholar4Study,https://scholar4study.com/scholarships/opcar-foundation-scholarship,https://scholar4study.com/scholarships/opcar-foundation-scholarship,India,India,Indian,Undergraduate,Full-time,All,Not specified,Not specified,Verified marks in qualifying examination,60%+,Not specified,Any,General,Equal Opportunity,Not specified,Financial aid for tuition and education costs,INR,Partial,Partial,Not specified,Not specified,Not specified,Free,2026-08-22,Annual,Multiple,Required documents Income certificate (economically weaker section) Previous academic records School/college principal's signature and institutional stamp Aadhaar card copy Bank account details,Eligibility Applicants must: Be an Indian citizen studying in Classes 1 to 12 at a recognised school or college; Belong to an economically weaker section (income certificate required); Have satisfactory prior academic performance; Provide the principal's signature and institutional stamp on the appl,Selection process 1 Application submitted Your form is filed on the official portal. 2 Institute verification Your college confirms enrolment and documents. 3 State verification The state department reviews and approves. 4 Scholarship approval The sa,"Overview Financial aid for tuition and education costs for Indian students in Classes 1 to 12 from economically weaker sections, from the OPCAR Foundation, a registered Indian charitable trust.",Not specified,2026-09-16
SCH_0160,Boustany MBA Harvard Scholarship,Scholarship Provider / Partner,Foundation / Government,Scholar4Study,https://scholar4study.com/scholarships/boustany-mba-harvard-scholarship,https://scholar4study.com/scholarships/boustany-mba-harvard-scholarship,India,India,Indian,Postgraduate,Full-time,All,Not specified,Not specified,Verified marks in qualifying examination,60%+,Not specified,Any,General,Equal Opportunity,Not specified,75% of Harvard MBA tuition,INR,Partial,Partial,Not specified,Not specified,Not specified,Free,2027-05-31,Annual,Multiple,Required documents Harvard MBA offer letter GMAT scorecard Academic transcripts CV and essays Passport copy,"Eligibility Applicants must: Already hold an offer letter for the Harvard MBA; Have a strong GMAT score. Open to all nationalities, with priority given to candidates of Lebanese descent. The award is made once every two years to a single candidate. Postgraduate INTERNATIONAL MANAGEMENT",Selection process 1 Application submitted Your form is filed on the official portal. 2 Institute verification Your college confirms enrolment and documents. 3 State verification The state department reviews and approves. 4 Scholarship approval The sa,"Overview Covers 75% of Harvard MBA tuition plus a funded two-month internship in Monaco, awarded by the Boustany Foundation once every two years to a single candidate holding a Harvard MBA offer.",Not specified,2026-09-16
SCH_0161,ICAR UG and PG National Talent Scholarship,Scholarship Provider / Partner,Foundation / Government,Scholar4Study,https://scholar4study.com/scholarships/icar-national-talent-scholarship,https://scholar4study.com/scholarships/icar-national-talent-scholarship,India,India,Indian,Undergraduate,Full-time,All,Not specified,Not specified,Verified marks in qualifying examination,60%+,Not specified,Any,General,Equal Opportunity,Not specified,"₹3,000/month (UG) or ₹5,000/month (PG)",INR,Partial,Partial,Not specified,Not specified,Not specified,Free,2026-10-31,Annual,Multiple,Required documents ICAR AIEEA entrance exam scorecard Proof of admission at an ICAR-funded university outside the home state Academic transcripts with required CGPA Domicile certificate Bank account details linked to Aadhaar,Eligibility Applicants must: Be pursuing a Bachelor's or Master's in agriculture or allied sciences; Have qualified the ICAR AIEEA entrance exam; Be studying at an ICAR-funded university outside their home state of domicile; Maintain the required CGPA; Be a full-time enrolled Indian national who is,Selection process 1 Application submitted Your form is filed on the official portal. 2 Institute verification Your college confirms enrolment and documents. 3 State verification The state department reviews and approves. 4 Scholarship approval The sa,"Overview ₹3,000 per month for undergraduates and ₹5,000 per month for postgraduates in agriculture and allied sciences, for ICAR AIEEA-qualified students studying outside their home state.",Not specified,2026-09-16
SCH_0162,Shri Shanaishwar Foundation Scholarship,Shri Shanaishwar Foundation,Foundation / Government,Scholar4Study,https://scholar4study.com/scholarships/shri-shanaishwar-foundation-scholarship,https://scholar4study.com/scholarships/shri-shanaishwar-foundation-scholarship,India,India,Indian,Undergraduate,Full-time,All,Not specified,Not specified,Verified marks in qualifying examination,60%+,Not specified,Any,General,Equal Opportunity,Not specified,"Up to ₹10,000",INR,Partial,Partial,Not specified,Not specified,Not specified,Free,2026-10-31,Annual,Multiple,Required documents Maharashtra domicile/residence proof Proof of UG enrolment Family income proof Previous marksheet Bank account details,"Eligibility Applicants must: Be an undergraduate student in Medical, Engineering, Computer Science, Management, Basic Sciences or Fine Arts; Be a permanent resident of Maharashtra. Open to all genders and categories, with priority given to economically disadvantaged applicants. Undergraduate NGO",Selection process 1 Application submitted Your form is filed on the official portal. 2 Institute verification Your college confirms enrolment and documents. 3 State verification The state department reviews and approves. 4 Scholarship approval The sa,"Overview Up to ₹10,000 for undergraduate students permanently resident in Maharashtra studying Medical, Engineering, Computer Science, Management, Basic Sciences or Fine Arts.",Not specified,2026-09-16
SCH_0163,University of Milan DSU Scholarship,Scholarship Provider / Partner,Foundation / Government,Scholar4Study,https://scholar4study.com/scholarships/university-of-milan-dsu-scholarship,https://scholar4study.com/scholarships/university-of-milan-dsu-scholarship,International,International,All Nationalities,Undergraduate,Full-time,All,Not specified,Not specified,Verified marks in qualifying examination,60%+,Not specified,Any,General,Equal Opportunity,Not specified,"Up to €8,248/year + tuition exemption",EUR,Partial,Partial,Not specified,Not specified,Not specified,Free,2026-09-30,Annual,Multiple,"Required documents Admission confirmation for a Bachelor's, Single-Cycle Master's, Master's or PhD Family income and asset documentation Passport copy Academic transcripts","Eligibility Applicants must: Be newly admitted (not currently enrolled) to a Bachelor's, Single-Cycle Master's, Master's or PhD programme at the University of Milan; Maintain satisfactory academic progress; Not hold another scholarship in the same year. Open to both Italian and international student",Selection process 1 Application submitted Your form is filed on the official portal. 2 Institute verification Your college confirms enrolment and documents. 3 State verification The state department reviews and approves. 4 Scholarship approval The sa,"Overview Up to €8,248 per year plus tuition exemption, free meals and accommodation support at the University of Milan, with a 20% supplement for female STEM students.",Yes,2026-09-16
SCH_0164,McCall MacBain Scholarship,Scholarship Provider / Partner,Foundation / Government,Scholar4Study,https://scholar4study.com/scholarships/mccall-macbain-scholarship,https://scholar4study.com/scholarships/mccall-macbain-scholarship,International,International,All Nationalities,Undergraduate,Full-time,All,Not specified,Not specified,Verified marks in qualifying examination,60%+,Not specified,Any,General,Equal Opportunity,Not specified,"Full tuition + CAD $2,300/month",USD,Full,Partial,Not specified,Not specified,Not specified,Free,2026-08-19,Annual,Multiple,Required documents Bachelor's degree certificate and transcripts (minimum CGPA 3.0/4.0) McGill master's or professional programme application Letters of reference Essays and CV Passport copy,"Eligibility Applicants must: Be a recent bachelor's graduate (degree completed January 2021 or later), a final-year undergraduate graduating by August 2027, or a graduate 5+ years out aged 30 or under as of 1 January 2026; Have a minimum CGPA of 3.0/4.0; Be applying to a 45+ credit McGill master's o",Selection process 1 Application submitted Your form is filed on the official portal. 2 Institute verification Your college confirms enrolment and documents. 3 State verification The state department reviews and approves. 4 Scholarship approval The sa,"Overview Full tuition plus a CAD $2,300 monthly stipend, relocation grant and summer funding for a master's or professional degree at McGill University, open to all nationalities.",Not specified,2026-09-16
SCH_0165,Vidya Deevige Scholarship,Scholarship Provider / Partner,Foundation / Government,Scholar4Study,https://scholar4study.com/scholarships/vidya-deevige-scholarship,https://scholar4study.com/scholarships/vidya-deevige-scholarship,India,India,Indian,Undergraduate,Full-time,All,Not specified,Not specified,Verified marks in qualifying examination,60%+,Not specified,Any,General,Equal Opportunity,Not specified,"₹40,000 per annum",INR,Partial,Partial,Not specified,Not specified,Not specified,Free,2026-08-31,Annual,Multiple,"Required documents Proof of belonging to the Bunts community Bangalore Rural/Urban residence proof Previous exam marksheet (minimum 50%) Family income proof (up to ₹2,00,000) Bank account details","Eligibility Applicants must: Belong to the Bunts community; Be resident in Bangalore Rural or Bangalore Urban district; Have secured at least 50% marks in the previous exam; Have annual family income not exceeding ₹2,00,000; Be studying in Class 10-12, Engineering, a Bachelor's degree or a Diploma.",Selection process 1 Application submitted Your form is filed on the official portal. 2 Institute verification Your college confirms enrolment and documents. 3 State verification The state department reviews and approves. 4 Scholarship approval The sa,"Overview ₹40,000 per annum from Bunts Sangha Bangalore for Bunts community students in Bangalore Rural and Urban districts with at least 50% marks and family income up to ₹2 lakh.",Not specified,2026-09-16
SCH_0166,Mahabir Prasad Singh Foundation Scholarship,Mahabir Prasad Singh Foundation,Foundation / Government,Scholar4Study,https://scholar4study.com/scholarships/mahabir-prasad-singh-foundation-scholarship,https://scholar4study.com/scholarships/mahabir-prasad-singh-foundation-scholarship,India,India,Indian,Undergraduate,Full-time,All,Not specified,Not specified,Verified marks in qualifying examination,60%+,Not specified,Any,General,Equal Opportunity,Not specified,"₹10,000 per month",INR,Partial,Partial,Not specified,Not specified,Not specified,Free,2026-08-31,Annual,Multiple,Required documents Academic transcripts Proof of enrolment at a reputed Indian institution Family income proof Category certificate (if applicable) Bank account details,"Eligibility Applicants must: Be an Indian citizen pursuing a Bachelor's, Master's or PhD in Science, Engineering or Medicine; Be studying at a reputed Indian institution; Demonstrate financial need. Open to OBC, General, EWS, SC and ST candidates. Selection is based on merit, talent and financial ne",Selection process 1 Application submitted Your form is filed on the official portal. 2 Institute verification Your college confirms enrolment and documents. 3 State verification The state department reviews and approves. 4 Scholarship approval The sa,"Overview A monthly scholarship for Indian students pursuing Bachelor's, Master's or PhD studies in Science, Engineering or Medicine at reputed Indian institutions, selected on merit and financial need.",Not specified,2026-09-16
SCH_0167,Satya Scholarship Program,Scholarship Provider / Partner,Foundation / Government,Scholar4Study,https://scholar4study.com/scholarships/satya-scholarship-program,https://scholar4study.com/scholarships/satya-scholarship-program,India,India,Indian,Undergraduate,Full-time,All,Not specified,Not specified,Verified marks in qualifying examination,60%+,Not specified,Any,General,Equal Opportunity,Not specified,100% of annual course fees,INR,Partial,Partial,Not specified,Not specified,Not specified,Free,2026-08-31,Annual,Multiple,"Required documents Class 12 marksheet from a Punjab board (minimum 60%) Proof of first-year UG admission at an eligible institute Family income proof (up to ₹8,00,000) Aadhaar card copy Bank account details","Eligibility Applicants must: Be an Indian citizen who passed Class 12 from a Punjab board with at least 60%; Be a first-year undergraduate student in a 3-5 year course including Commerce, Engineering or Medical streams; Be admitted to one of 38 selected Ludhiana institutes, or to a top-50 NIRF insti",Selection process 1 Application submitted Your form is filed on the official portal. 2 Institute verification Your college confirms enrolment and documents. 3 State verification The state department reviews and approves. 4 Scholarship approval The sa,"Overview Covers 100% of annual course fees for first-year undergraduate students who passed Class 12 from a Punjab board with 60%+, admitted to selected Ludhiana institutes or top-50 NIRF colleges.",Not specified,2026-09-16
SCH_0168,Indiabulls Foundation Education Support Scholarship,Indiabulls Foundation Education Support,Foundation / Government,Scholar4Study,https://scholar4study.com/scholarships/indiabulls-foundation-education-support,https://scholar4study.com/scholarships/indiabulls-foundation-education-support,India,India,Indian,Undergraduate,Full-time,All,Not specified,Not specified,Verified marks in qualifying examination,60%+,Not specified,Any,General,Equal Opportunity,Not specified,Budgetary support for educational costs,INR,Partial,Partial,Not specified,Not specified,Not specified,Free,2026-09-30,Annual,Multiple,Required documents AAY (Antyodaya Anna Yojana) ration card Proof of admission for academic year 2026-27 Class 12 marksheet Proof of age (below 25) Bank account details,"Eligibility Applicants must: Belong to a family holding an AAY (Antyodaya Anna Yojana) ration card; Be below 25 years of age; Be pursuing graduation or higher study after Class 12; Have secured admission for academic year 2026-27. Eligible streams include Engineering, Medicine, Law, IT, ITI and Mana",Selection process 1 Application submitted Your form is filed on the official portal. 2 Institute verification Your college confirms enrolment and documents. 3 State verification The state department reviews and approves. 4 Scholarship approval The sa,"Overview Budgetary support for educational costs for students from AAY ration card families under 25, pursuing graduation or higher studies in Engineering, Medicine, Law, IT, ITI or Management.",Not specified,2026-09-16
SCH_0169,Rosa Luxemburg Foundation Scholarship,Rosa Luxemburg Foundation,Foundation / Government,Scholar4Study,https://scholar4study.com/scholarships/rosa-luxemburg-foundation-scholarship,https://scholar4study.com/scholarships/rosa-luxemburg-foundation-scholarship,International,International,All Nationalities,Undergraduate,Full-time,All,Not specified,Not specified,Verified marks in qualifying examination,60%+,Not specified,Any,General,Equal Opportunity,Not specified,"€1,400/month + allowances",EUR,Partial,Partial,Not specified,Not specified,Not specified,Free,2026-10-01,Annual,Multiple,Required documents Proof of admission to a PhD programme at a recognised German university German B2 proficiency certificate Academic transcripts Evidence of social/political/community engagement Research proposal,"Eligibility Applicants must: Be an international PhD student admitted to a PhD programme at a recognised German university (any field except Medicine); Have German language proficiency at B2 level; Have a strong academic record; Demonstrate social, political or community engagement. PhD INTERNATIONA",Selection process 1 Application submitted Your form is filed on the official portal. 2 Institute verification Your college confirms enrolment and documents. 3 State verification The state department reviews and approves. 4 Scholarship approval The sa,"Overview A €1,400 monthly stipend plus mobility allowance and healthcare subsidies for international PhD students admitted to a German university, with German B2 proficiency and social engagement.",Not specified,2026-09-16
SCH_0170,University of Twente Scholarship,Scholarship Provider / Partner,Foundation / Government,Scholar4Study,https://scholar4study.com/scholarships/university-of-twente-scholarship,https://scholar4study.com/scholarships/university-of-twente-scholarship,International,International,All Nationalities,Undergraduate,Full-time,All,Not specified,Not specified,Verified marks in qualifying examination,60%+,Not specified,Any,General,Equal Opportunity,Not specified,"€3,000 – €22,000 per year",EUR,Partial,Partial,Not specified,Not specified,Not specified,Free,2027-04-01,Annual,Multiple,Required documents Provisional or confirmed admission to a Master's programme starting September 2027 IELTS 6.5+ or TOEFL iBT 90+ score Academic transcripts Passport copy Motivation letter,Eligibility Applicants must: Have provisional or confirmed admission to a Master's programme starting September 2027; Be a non-EU/EEA applicant meeting Dutch visa requirements; Have IELTS 6.5+ or TOEFL iBT 90+; Have a strong academic record and leadership potential. Current University of Twente stud,Selection process 1 Application submitted Your form is filed on the official portal. 2 Institute verification Your college confirms enrolment and documents. 3 State verification The state department reviews and approves. 4 Scholarship approval The sa,"Overview €3,000 to €22,000 per year for non-EU/EEA students admitted to a Master's programme at the University of Twente, with an additional Kipaji Scholarship of up to €12,000 available.",Yes,2026-09-16
SCH_0171,RR Kabel Star Scholarship,Scholarship Provider / Partner,Foundation / Government,Scholar4Study,https://scholar4study.com/scholarships/rr-kabel-star-scholarship,https://scholar4study.com/scholarships/rr-kabel-star-scholarship,India,India,Indian,Undergraduate,Full-time,All,Not specified,Not specified,Verified marks in qualifying examination,60%+,Not specified,Any,General,Equal Opportunity,Not specified,Share of a ₹3 crore+ scholarship pool,INR,Partial,Partial,Not specified,Not specified,Not specified,Free,2026-08-31,Annual,Multiple,"Required documents Proof of parent's electrician registration on the RR Connect App Class 10 board marksheet (2025-26 session, first attempt) Proof of enrolment in higher studies Aadhaar card copy Bank account details",Eligibility Applicants must: Be the child of an electrician registered via the RR Connect App; Be an Indian citizen; Have passed the Class 10 board exams in the first attempt in the 2025-26 session; Be enrolled in higher studies starting 2025-26. Any recognised board or stream is eligible. Class 9-1,Selection process 1 Application submitted Your form is filed on the official portal. 2 Institute verification Your college confirms enrolment and documents. 3 State verification The state department reviews and approves. 4 Scholarship approval The sa,"Overview A share of an over ₹3 crore scholarship pool distributed among 3,000+ children of electricians registered on the RR Connect App who passed Class 10 in first attempt.",Not specified,2026-09-16
SCH_0172,"Savitribai Phule Scholarship for OBC Girl Students, Maharashtra",Scholarship Provider / Partner,Foundation / Government,Scholar4Study,https://scholar4study.com/scholarships/savitribai-phule-scholarship-obc-girls-maharashtra,https://scholar4study.com/scholarships/savitribai-phule-scholarship-obc-girls-maharashtra,India,India,Indian,Undergraduate,Full-time,All,Not specified,Not specified,Verified marks in qualifying examination,60%+,Not specified,Female,OBC,Equal Opportunity,Not specified,Monthly stipend (varies by class),INR,Partial,Partial,Not specified,Not specified,Not specified,Free,2026-09-30,Annual,Multiple,Required documents OBC caste certificate Maharashtra domicile proof School bonafide certificate Attendance record Bank account details,Eligibility Applicants must: Be a female student from the OBC category; Be studying in Classes 5 to 10 at a government-recognised school in Maharashtra; Maintain regular attendance; Not be receiving another scholarship. There is no income limit for this scheme. School Class 9-12 Female applicants GO,Selection process 1 Application submitted Your form is filed on the official portal. 2 Institute verification Your college confirms enrolment and documents. 3 State verification The state department reviews and approves. 4 Scholarship approval The sa,"Overview A Maharashtra government monthly stipend for OBC girl students in Classes 5 to 10 at government-recognised schools, paid directly to the student's bank account with no income limit.",Not specified,2026-09-16
SCH_0173,Vice-Chancellor's International Excellence Scholarship,Scholarship Provider / Partner,Foundation / Government,Scholar4Study,https://scholar4study.com/scholarships/waikato-vice-chancellors-international-excellence,https://scholar4study.com/scholarships/waikato-vice-chancellors-international-excellence,International,International,All Nationalities,Undergraduate,Full-time,All,Not specified,Not specified,Verified marks in qualifying examination,60%+,Not specified,Any,General,Equal Opportunity,Not specified,"Up to NZD $15,000 (UG) / NZD $10,000 (PG)",USD,Partial,Partial,Not specified,Not specified,Not specified,Free,2026-08-31,Annual,Multiple,Required documents Conditional or unconditional offer from the University of Waikato Academic transcripts (B+ GPA equivalent or higher) English proficiency certificate Passport copy,Eligibility Applicants must: Be an international student residing outside New Zealand and not currently enrolled at Waikato; Hold a conditional or unconditional offer; Be a first-time UG or PG applicant on a full-time course of at least 12 months; Have a B+ GPA equivalent or higher and meet English,Selection process 1 Application submitted Your form is filed on the official portal. 2 Institute verification Your college confirms enrolment and documents. 3 State verification The state department reviews and approves. 4 Scholarship approval The sa,"Overview Up to NZD $15,000 for undergraduate and NZD $10,000 for postgraduate international students joining the University of Waikato with a B+ GPA equivalent or higher.",Not specified,2026-09-16
SCH_0174,Kind Circle Scholarship,Scholarship Provider / Partner,Foundation / Government,Scholar4Study,https://scholar4study.com/scholarships/kind-circle-scholarship,https://scholar4study.com/scholarships/kind-circle-scholarship,India,India,Indian,Undergraduate,Full-time,All,Not specified,Not specified,Verified marks in qualifying examination,60%+,Not specified,Any,General,Equal Opportunity,Not specified,"From ₹6,000 per year",INR,Partial,Partial,Not specified,Not specified,Not specified,Free,2027-03-31,Annual,Multiple,"Required documents Previous year marksheet (minimum 60%) Family income proof (up to ₹6,00,000) Proof of enrolment at a recognised institution Aadhaar card copy Bank account details","Eligibility Applicants must: Be enrolled from Class 1 through postgraduate level at a recognised Indian institution; Have secured at least 60% marks in the previous academic year; Have annual family income not exceeding ₹6,00,000; Be a regular full-time student. All streams are eligible. School Clas",Selection process 1 Application submitted Your form is filed on the official portal. 2 Institute verification Your college confirms enrolment and documents. 3 State verification The state department reviews and approves. 4 Scholarship approval The sa,"Overview From ₹6,000 per year covering tuition, books, exam fees and uniforms, for students from Class 1 to postgraduate level with at least 60% marks and family income up to ₹6 lakh.",Yes,2026-09-16
SCH_0175,Swanath Scholarship,Scholarship Provider / Partner,Foundation / Government,Scholar4Study,https://scholar4study.com/scholarships/swanath-scholarship,https://scholar4study.com/scholarships/swanath-scholarship,India,India,Indian,Undergraduate,Full-time,All,Not specified,Not specified,Verified marks in qualifying examination,80%+,Not specified,Any,General,Equal Opportunity,Not specified,"₹50,000 per year",INR,Partial,Partial,Not specified,Not specified,Not specified,Free,2026-10-31,Annual,Multiple,"Required documents Death certificate of parent(s) / COVID-19 death proof / martyr certificate / disability or critical illness certificate Family income proof (below ₹8,00,000) Proof of admission to an AICTE-approved institution Previous marksheet Bank account details","Eligibility Applicants must: Be an orphan, a child of COVID-deceased parents, a ward of martyred Armed Forces or paramilitary personnel, or a student with a parent having a critical illness or 80%+ disability; Be a first-year or lateral-entry second-year Diploma or Degree student; Have family income",Selection process 1 Application submitted Your form is filed on the official portal. 2 Institute verification Your college confirms enrolment and documents. 3 State verification The state department reviews and approves. 4 Scholarship approval The sa,"Overview ₹50,000 per year from AICTE for orphans, children of COVID-deceased parents, wards of martyred armed forces personnel, and students with a critically ill or severely disabled parent.",Yes,2026-09-16
SCH_0176,Yuva Unstoppable Scholarship,Scholarship Provider / Partner,Foundation / Government,Scholar4Study,https://scholar4study.com/scholarships/yuva-unstoppable-scholarship,https://scholar4study.com/scholarships/yuva-unstoppable-scholarship,India,India,Indian,Undergraduate,Full-time,All,Not specified,Not specified,Verified marks in qualifying examination,60%+,Not specified,Any,General,Equal Opportunity,Not specified,"₹50,000/year (Class 11-12) or ₹25,000/year (higher education)",INR,Partial,Partial,Not specified,Not specified,Not specified,Free,2026-08-31,Annual,Multiple,"Required documents Class 10 or Class 12 marksheet (80th-90th percentile) Family income proof (up to ₹3,00,000) Proof of enrolment Aadhaar card copy Bank account details","Eligibility Applicants must: Be an Indian citizen; Have scored in the 80th to 90th percentile in Grade X or XII; Have annual family income not exceeding ₹3,00,000. Open to all genders, communities and categories. Selection is merit-based with a screening test and interview. Class 9-12 Undergraduate",Selection process 1 Application submitted Your form is filed on the official portal. 2 Institute verification Your college confirms enrolment and documents. 3 State verification The state department reviews and approves. 4 Scholarship approval The sa,"Overview ₹50,000 per year for Classes 11-12 or ₹25,000 per year for higher education, plus mentorship and skill workshops, for students in the 80th-90th percentile with family income up to ₹3 lakh.",Yes,2026-09-16
SCH_0177,National Overseas Scholarship for Karnataka Minority Students,Government of Karnataka,Foundation / Government,Scholar4Study,https://scholar4study.com/scholarships/national-overseas-scholarship-karnataka-minority,https://scholar4study.com/scholarships/national-overseas-scholarship-karnataka-minority,India,India,Indian,Undergraduate,Full-time,All,Not specified,Not specified,Verified marks in qualifying examination,60%+,Not specified,Any,General,Equal Opportunity,Karnataka,Up to ₹30 lakh,INR,Partial,Partial,Not specified,Not specified,Not specified,Free,2026-10-31,Annual,Multiple,"Required documents Karnataka domicile certificate Minority community certificate Admission letter from a QS Top 500 university (Top 100 for PG Medical/Law) Last qualifying degree marksheet (minimum 60%) Family income certificate (up to ₹16,00,000) Aadhaar-NPCI mapped bank account details","Eligibility Applicants must: Be a Karnataka domicile from a minority community (Muslim, Christian, Jain, Buddhist, Sikh, Parsi or Jewish); Be pursuing a full-time Master's or post-doctorate at an overseas university for 2026-27; Be aged 40 or under; Have family income not exceeding ₹16,00,000; Have",Selection process 1 Application submitted Your form is filed on the official portal. 2 Institute verification Your college confirms enrolment and documents. 3 State verification The state department reviews and approves. 4 Scholarship approval The sa,Overview Up to ₹30 lakh plus airfare and contingency grants for Karnataka minority students pursuing a full-time Master's or post-doctorate at a QS Top 500 university abroad.,Not specified,2026-09-16
SCH_0178,Nilam Patel Bahushrut Foundation Scholarships,Nilam Patel Bahushrut Foundation,Foundation / Government,Scholar4Study,https://scholar4study.com/scholarships/nilam-patel-bahushrut-foundation-scholarships,https://scholar4study.com/scholarships/nilam-patel-bahushrut-foundation-scholarships,India,India,Indian,Undergraduate,Full-time,All,Not specified,Not specified,Verified marks in qualifying examination,60%+,Not specified,Any,General,Equal Opportunity,Not specified,"Merit-based scholarships, prizes & study-abroad awards",INR,Partial,Partial,Not specified,Not specified,Not specified,Free,2026-08-31,Annual,Multiple,Required documents Disability certificate Marksheets for the relevant level (SSC/HSC/Graduate/PG) Proof of residence (Maharashtra or Gujarat) Recent passport-size photograph,"Eligibility Applicants must: Be hearing-impaired students; Be residents of Maharashtra or Gujarat; Be studying at SSC, HSC, Graduate or Post Graduate level; Be selected on merit. Class 9-12 Undergraduate Postgraduate NGO PWD",Selection process 1 Application submitted Your form is filed on the official portal. 2 Institute verification Your college confirms enrolment and documents. 3 State verification The state department reviews and approves. 4 Scholarship approval The sa,"Overview Merit-based scholarships, prizes and study-abroad awards for hearing-impaired students from Maharashtra and Gujarat, at SSC, HSC, Graduate and Post Graduate level, from the Nilam Patel Bahushrut Foundation.",Not specified,2026-09-16
SCH_0179,Boehringer Ingelheim Fonds (BIF) MD Fellowships,Corporate CSR / Foundation / University,Corporate / Foundation / Academic,Buddy4Study,https://www.buddy4study.com/scholarship/boehringer-ingelheim-fonds-bif-md-fellowships,https://www.buddy4study.com/scholarship/boehringer-ingelheim-fonds-bif-md-fellowships,India,India,Indian,PhD,Full-time,All,Not specified,Not specified,Academic merit as per program guidelines,Good academic record,Not specified,Any,General,Equal Opportunity,Indian resident,Deadline Always Open dummy text Home Scholarships boehringer-ingelheim-fonds-bif-md-fellowships Abou,INR,Fellowship,Partial,Not specified,Travel allowance included,Not specified,Free,Always Open,1 to 2 years,Multiple,"Marksheet, Academic certificates, ID proof, CV/Proposal where applicable",an applicant must:- be studying human medicine in Germany have a good academic record be willing to put their study on hold and relocate for their research and work for the duration of the MD Fellowship (at least for 10 consecutive months) apply within eight years of obtaining their university entra,"Merit assessment, academic record, and verification.",Boehringer Ingelheim Fonds (BIF) MD Fellowships offered by Corporate CSR / Foundation / University.,Not specified,2026-09-16
SCH_0180,Humboldt Research Fellowship,Alexander von Humboldt-Stiftung,Corporate / Foundation / Academic,Buddy4Study,https://www.buddy4study.com/scholarship/humboldt-research-fellowship,https://www.buddy4study.com/scholarship/humboldt-research-fellowship,India,India,Indian,PhD,Full-time,All,Not specified,Not specified,Academic merit as per program guidelines,Good academic record,Not specified,Any,General,Equal Opportunity,Indian resident,Deadline Always Open dummy text Home Scholarships humboldt-research-fellowship About The Program The,INR,Fellowship,Partial,Not specified,Travel allowance included,Not specified,Free,Always Open,1 to 2 years,Multiple,"Marksheet, Academic certificates, ID proof, CV/Proposal where applicable",an applicant must:- hold a doctorate or equivalent (Ph.,"Merit assessment, academic record, and verification.",Humboldt Research Fellowship offered by Alexander von Humboldt-Stiftung.,Not specified,2026-09-16
SCH_0181,Indian Institute of Astrophysics (IIA) Post-Doctoral Fellowships 2024,"the Indian Institute of Astrophysics, Banglore,",Corporate / Foundation / Academic,Buddy4Study,https://www.buddy4study.com/scholarship/indian-institute-of-astrophysics-iia-post-doctoral-fellowships-2024,https://www.buddy4study.com/scholarship/indian-institute-of-astrophysics-iia-post-doctoral-fellowships-2024,India,India,Indian,PhD,Full-time,All,Not specified,Not specified,Academic merit as per program guidelines,Good academic record,Not specified,Any,General,Equal Opportunity,Indian resident,Deadline Closed dummy text Home Scholarships indian-institute-of-astrophysics-iia-post-doctoral-fell,INR,Fellowship,Partial,Not specified,Not specified,Not specified,Free,Not specified,1 to 2 years,Multiple,"Marksheet, Academic certificates, ID proof, CV/Proposal where applicable",an applicant must:- be below 36 years of age hold a Ph.,"Merit assessment, academic record, and verification.","Indian Institute of Astrophysics (IIA) Post-Doctoral Fellowships 2024 offered by the Indian Institute of Astrophysics, Banglore,.",Not specified,2026-09-16
SCH_0182,Goonj Setu Fellowship 2027,the Goonj organisation,Corporate / Foundation / Academic,Buddy4Study,https://www.buddy4study.com/scholarship/goonj-setu-fellowship,https://www.buddy4study.com/scholarship/goonj-setu-fellowship,India,India,Indian,PhD,Full-time,All,Not specified,Not specified,Academic merit as per program guidelines,Good academic record,Not specified,Any,General,Equal Opportunity,Indian resident,"The selected candidates will receive a fixed monthly stipend ranging between ₹20,000 - ₹22,000, depe",INR,Fellowship,Partial,Not specified,Travel allowance included,Not specified,Free,30 April 2026,1 to 2 years,Multiple,"Marksheet, Academic certificates, ID proof, CV/Proposal where applicable","an applicant must:- be aged between 21 and 30 years as of 31 July 2026 have graduated from a recognised institution by 31 July 2026 have a basic understanding of English/Hindi possess basic computer knowledge Benefits The selected candidates will receive a fixed monthly stipend ranging between ₹20,0","Merit assessment, academic record, and verification.",Goonj Setu Fellowship 2027 offered by the Goonj organisation.,Not specified,2026-09-16
SCH_0183,KARM Fellowship 2024-25,KARM Trust (a registered public charitable trust),Corporate / Foundation / Academic,Buddy4Study,https://www.buddy4study.com/scholarship/karm-fellowship-2024-25,https://www.buddy4study.com/scholarship/karm-fellowship-2024-25,India,India,Indian,PhD,Full-time,All,Not specified,Not specified,Academic merit as per program guidelines,Good academic record,Not specified,Any,General,Equal Opportunity,Indian resident,Deadline Closed dummy text Home Scholarships karm-fellowship-2024-25 About The Program KARM Fellowsh,INR,Fellowship,Partial,Not specified,Not specified,Not specified,Free,Not specified,1 to 2 years,Multiple,"Marksheet, Academic certificates, ID proof, CV/Proposal where applicable","an applicant must:- be a female student be currently studying in Class 12 be willing to pursue a UG course in one of the colleges of Delhi University have an annual family income below ₹5,00,000 have basic proficiency in English and use of technology Benefits The selected candidates will receive the","Merit assessment, academic record, and verification.",KARM Fellowship 2024-25 offered by KARM Trust (a registered public charitable trust).,Not specified,2026-09-16
SCH_0184,Narayana Admission cum Scholarship Test (N-ACST),Corporate CSR / Foundation / University,Corporate / Foundation / Academic,Buddy4Study,https://www.buddy4study.com/scholarship/narayana-admission-cum-scholarship-test-n-acst,https://www.buddy4study.com/scholarship/narayana-admission-cum-scholarship-test-n-acst,India,India,Indian,Undergraduate,Full-time,All,Not specified,Not specified,Academic merit as per program guidelines,Good academic record,Not specified,Any,General,Equal Opportunity,Indian resident,The selected candidates will receive up to 90% scholarship towards tuition fees for Narayana's progr,INR,Partial,Partial,Not specified,Not specified,Not specified,Free,Always Open,1 to 2 years,Multiple,"Marksheet, Academic certificates, ID proof, CV/Proposal where applicable",an applicant must: be studying in Classes 8 to 12 be aspirants for JEE/NEET examination Benefits The selected candidates will receive up to 90% scholarship towards tuition fees for Narayana's programs.,"Merit assessment, academic record, and verification.",Narayana Admission cum Scholarship Test (N-ACST) offered by Corporate CSR / Foundation / University.,Not specified,2026-09-16
SCH_0185,Satya Scholarship Program 2025-26 [Win 100% tuition fee coverage for the entire course duration],Corporate CSR / Foundation / University,Corporate / Foundation / Academic,Buddy4Study,https://www.buddy4study.com/scholarship/satya-scholarship-program,https://www.buddy4study.com/scholarship/satya-scholarship-program,India,India,Indian,Undergraduate,Full-time,All,Not specified,Not specified,Academic merit as per program guidelines,Good academic record,Not specified,Any,General,Equal Opportunity,Indian resident,Financial assistance / Grant,INR,Grant,Partial,Not specified,Not specified,Not specified,Free,Always Open,1 to 2 years,Multiple,"Marksheet, Academic certificates, ID proof, CV/Proposal where applicable",Refer to official scheme notification.,"Merit assessment, academic record, and verification.",Satya Scholarship Program 2025-26 [Win 100% tuition fee coverage for the entire course duration] offered by Corporate CSR / Foundation / University.,Not specified,2026-09-16
SCH_0186,Prof. C.R. Rao National Award in Statistics 2024-25,Corporate CSR / Foundation / University,Corporate / Foundation / Academic,Buddy4Study,https://www.buddy4study.com/scholarship/prof-c-r-rao-national-award-in-statistics-2024-25,https://www.buddy4study.com/scholarship/prof-c-r-rao-national-award-in-statistics-2024-25,India,India,Indian,Undergraduate,Full-time,All,Not specified,Not specified,Academic merit as per program guidelines,Good academic record,Not specified,Any,General,Equal Opportunity,Indian resident,"The selected candidate will receive the following benefits:- ₹5,00,000 cash prize Citation signed by",INR,Partial,Partial,Not specified,Travel allowance included,Not specified,Free,Not specified,1 to 2 years,Multiple,"Marksheet, Academic certificates, ID proof, CV/Proposal where applicable",an applicant must:- be an Indian national be less than 45 years of age on 31st December 2025 have significant contributions in the field of statistics Note:- Individuals who are/were a part of the selection process and their family members are ineligible for this award.,"Merit assessment, academic record, and verification.",Prof. C.R. Rao National Award in Statistics 2024-25 offered by Corporate CSR / Foundation / University.,Not specified,2026-09-16
SCH_0187,IISER Berhampur Post-Doctoral Research Fellowship (PDRF) 2025-26,Corporate CSR / Foundation / University,Corporate / Foundation / Academic,Buddy4Study,https://www.buddy4study.com/scholarship/iiser-berhampur-post-doctoral-research-fellowship-pdrf-2025-26,https://www.buddy4study.com/scholarship/iiser-berhampur-post-doctoral-research-fellowship-pdrf-2025-26,India,India,Indian,PhD,Full-time,All,Not specified,Not specified,Academic merit as per program guidelines,Good academic record,Not specified,Any,General,Equal Opportunity,Indian resident,Deadline 31-Dec-2026 dummy text Home Scholarships iiser-berhampur-post-doctoral-research-fellowship-,INR,Fellowship,Partial,Not specified,Not specified,Not specified,Free,Not specified,1 to 2 years,Multiple,"Marksheet, Academic certificates, ID proof, CV/Proposal where applicable",an applicant must:- be an Indian or foreign national be below the age of 35 years on the date of application hold a Ph.,"Merit assessment, academic record, and verification.",IISER Berhampur Post-Doctoral Research Fellowship (PDRF) 2025-26 offered by Corporate CSR / Foundation / University.,Not specified,2026-09-16
SCH_0188,Janhit Jagran Funding Initiative for Social Entrepreneurs 2025,Corporate CSR / Foundation / University,Corporate / Foundation / Academic,Buddy4Study,https://www.buddy4study.com/scholarship/janhit-jagran-funding-initiative-for-social-entrepreneurs-2025,https://www.buddy4study.com/scholarship/janhit-jagran-funding-initiative-for-social-entrepreneurs-2025,International,International,All Nationalities,School,Full-time,All,Not specified,Not specified,Academic merit as per program guidelines,Good academic record,Not specified,Any,General,Equal Opportunity,Not specified,Deadline Closed dummy text Home Scholarships janhit-jagran-funding-initiative-for-social-entrepreneu,EUR,Partial,Partial,Included in stipend,Not specified,Not specified,Free,Not specified,1 to 2 years,Multiple,"Marksheet, Academic certificates, ID proof, CV/Proposal where applicable",an applicant must:- be an Indian national be a student and young entrepreneur aged between 18 to 25 years have passed Class 12 be a part of an educational institution OR be a for-profit organisation registered under the Company Act 2013 be at least 3 years old organisation has a proof of concept OR,"Merit assessment, academic record, and verification.",Janhit Jagran Funding Initiative for Social Entrepreneurs 2025 offered by Corporate CSR / Foundation / University.,Not specified,2026-09-16
SCH_0189,IKS Post Doctoral Fellowship 2025-26,Corporate CSR / Foundation / University,Corporate / Foundation / Academic,Buddy4Study,https://www.buddy4study.com/scholarship/iks-post-doctoral-fellowship-2025-26,https://www.buddy4study.com/scholarship/iks-post-doctoral-fellowship-2025-26,India,India,Indian,PhD,Full-time,All,Not specified,Not specified,Academic merit as per program guidelines,Good academic record,Not specified,Any,General,Equal Opportunity,Indian resident,Deadline Closed dummy text Home Scholarships iks-post-doctoral-fellowship-2025-26 About The Program,INR,Fellowship,Partial,Not specified,Travel allowance included,Not specified,Free,Not specified,1 to 2 years,Multiple,"Marksheet, Academic certificates, ID proof, CV/Proposal where applicable",an applicant must: be an Indian citizen/Overseas citizen of India (OCI) be holding a Ph.,"Merit assessment, academic record, and verification.",IKS Post Doctoral Fellowship 2025-26 offered by Corporate CSR / Foundation / University.,Not specified,2026-09-16
SCH_0190,IIT Tirupati Graduates/Diploma Apprenticeship Training Program 2025,Corporate CSR / Foundation / University,Corporate / Foundation / Academic,Buddy4Study,https://www.buddy4study.com/scholarship/iit-tirupati-graduates-diploma-apprenticeship-training-program-2025,https://www.buddy4study.com/scholarship/iit-tirupati-graduates-diploma-apprenticeship-training-program-2025,India,India,Indian,School,Full-time,All,Not specified,Not specified,Academic merit as per program guidelines,Good academic record,Not specified,Any,General,Equal Opportunity,Indian resident,"Particulars Stipend per month Graduate ₹20,000 Diploma ₹18,000 Note:- No TA/DA will be paid to the a",INR,Partial,Partial,Not specified,Not specified,Not specified,Free,Not specified,1 to 2 years,Multiple,"Marksheet, Academic certificates, ID proof, CV/Proposal where applicable",an applicant must: be an Indian national be qualified from Indian Institutions recognised by Appropriate Statutory Authority be a graduate or a diploma holder in the field of science (B.,"Merit assessment, academic record, and verification.",IIT Tirupati Graduates/Diploma Apprenticeship Training Program 2025 offered by Corporate CSR / Foundation / University.,Not specified,2026-09-16
SCH_0191,USF STEM Fellowship 2025-27,Corporate CSR / Foundation / University,Corporate / Foundation / Academic,Buddy4Study,https://www.buddy4study.com/scholarship/usf-stem-fellowship-2025-27,https://www.buddy4study.com/scholarship/usf-stem-fellowship-2025-27,India,India,Indian,PhD,Full-time,All,Not specified,Not specified,Academic merit as per program guidelines,Good academic record,Not specified,Any,General,Equal Opportunity,Indian resident,"Particualrs Stipend Per Month First Year of Fellowship ₹20,000 Second Year of Fellowship ₹22,500 Doc",INR,Fellowship,Partial,Not specified,Not specified,Not specified,Free,15 February 2025,1 to 2 years,Multiple,"Marksheet, Academic certificates, ID proof, CV/Proposal where applicable","an applicant must:- be a citizen of India be above 20 years of age have skills in MS Office have ence for science, IT, and engineering backgrounds have knowledge of Marathi, Hindi, and English languages Note:- Applicants with no work experience are eligible for this fellowship.","Merit assessment, academic record, and verification.",USF STEM Fellowship 2025-27 offered by Corporate CSR / Foundation / University.,Not specified,2026-09-16
SCH_0192,Sant Sohirobanath Ambiye Dnyanvruddhi Shishyavrutti Bursary Scheme 2024-25,Corporate CSR / Foundation / University,Corporate / Foundation / Academic,Buddy4Study,https://www.buddy4study.com/scholarship/sant-sohirobanath-ambiye-dnyanvruddhi-shishyavrutti-bursary-scheme-2024-25,https://www.buddy4study.com/scholarship/sant-sohirobanath-ambiye-dnyanvruddhi-shishyavrutti-bursary-scheme-2024-25,India,India,Indian,School,Full-time,All,Not specified,Not specified,Academic merit as per program guidelines,Good academic record,Not specified,Any,General,Equal Opportunity,Indian resident,"The awardees receive an Entitled Fee of up to ₹40,000 that includes university registration fees, tu",INR,Partial,Partial,Not specified,Not specified,Not specified,Free,Not specified,1 to 2 years,Multiple,"Marksheet, Academic certificates, ID proof, CV/Proposal where applicable","an applicant must:- be pursuing courses for a maximum duration of 5 years from institutions located in Goa and affiliated recognising authority have passed Classes 10, 12, diploma (as applicable) and/or last qualifying examination from an institution in Goa have an annual family income of less than","Merit assessment, academic record, and verification.",Sant Sohirobanath Ambiye Dnyanvruddhi Shishyavrutti Bursary Scheme 2024-25 offered by Corporate CSR / Foundation / University.,Not specified,2026-09-16
SCH_0193,Azim Premji University Need-Based Scholarships 2025,Corporate CSR / Foundation / University,Corporate / Foundation / Academic,Buddy4Study,https://www.buddy4study.com/scholarship/azim-premji-university-need-based-scholarships-2025,https://www.buddy4study.com/scholarship/azim-premji-university-need-based-scholarships-2025,India,India,Indian,Postgraduate,Full-time,All,Not specified,Not specified,Academic merit as per program guidelines,Good academic record,Not specified,Any,General,Equal Opportunity,Indian resident,Deadline Always Open dummy text Home Scholarships azim-premji-university-need-based-scholarships-202,INR,Partial,Partial,Not specified,Not specified,Not specified,Free,Always Open,1 to 2 years,Multiple,"Marksheet, Academic certificates, ID proof, CV/Proposal where applicable","an applicant must: be in need of financial assistance be pursuing UG and PG courses at the Azim Premji University have annual income less than less ₹10,00,000 (for UG) or ₹8,00,000 (for PG)) Note : In addition, in certain postgraduate programmes, students with work experience may qualify for a parti","Merit assessment, academic record, and verification.",Azim Premji University Need-Based Scholarships 2025 offered by Corporate CSR / Foundation / University.,Not specified,2026-09-16
SCH_0194,IIT Hyderabad Summer Undergraduate Research Exposure (SURE) Internships 2025,Corporate CSR / Foundation / University,Corporate / Foundation / Academic,Buddy4Study,https://www.buddy4study.com/scholarship/iit-hyderabad-summer-undergraduate-research-exposure-sure-internships-2025,https://www.buddy4study.com/scholarship/iit-hyderabad-summer-undergraduate-research-exposure-sure-internships-2025,India,India,Indian,Postgraduate,Full-time,All,Not specified,Not specified,Academic merit as per program guidelines,Good academic record,Not specified,Any,General,Equal Opportunity,Indian resident,"- Duration Stipend 2 Months ₹15,000 1 Month ₹7,500 1.",INR,Partial,Partial,Not specified,Not specified,Not specified,Free,Not specified,1 to 2 years,Multiple,"Marksheet, Academic certificates, ID proof, CV/Proposal where applicable",an applicant must: be a non-IIT undergraduate or postgraduate student be studying in one of the following courses: M.,"Merit assessment, academic record, and verification.",IIT Hyderabad Summer Undergraduate Research Exposure (SURE) Internships 2025 offered by Corporate CSR / Foundation / University.,Not specified,2026-09-16
SCH_0195,NHPC Sports Scholarship Scheme 2025,Corporate CSR / Foundation / University,Corporate / Foundation / Academic,Buddy4Study,https://www.buddy4study.com/scholarship/nhpc-sports-scholarship-scheme-2025,https://www.buddy4study.com/scholarship/nhpc-sports-scholarship-scheme-2025,India,India,Indian,Postgraduate,Full-time,All,Not specified,Not specified,Academic merit as per program guidelines,Good academic record,Not specified,Any,General,Equal Opportunity,Indian resident,"a maximum amount of ₹5,000 for each candidate towards the purchase of a sports kit.",INR,Partial,Partial,Not specified,Travel allowance included,Not specified,Free,Not specified,1 to 2 years,Multiple,"Marksheet, Academic certificates, ID proof, CV/Proposal where applicable","an applicant must:- be an Indian national be between 14 to 19 years old (for junior players ) or 14 to 24 years old (for para-sports ) For applicants as an Elite Scholar, they must:- be representing the country at the junior or senior level ( in a team game ) have secured a National or international","Merit assessment, academic record, and verification.",NHPC Sports Scholarship Scheme 2025 offered by Corporate CSR / Foundation / University.,Not specified,2026-09-16
SCH_0196,The inStem Summer Research Fellowships Program (SuRF) 2026,Corporate CSR / Foundation / University,Corporate / Foundation / Academic,Buddy4Study,https://www.buddy4study.com/scholarship/the-instem-summer-research-fellowships-program-surf-2026,https://www.buddy4study.com/scholarship/the-instem-summer-research-fellowships-program-surf-2026,India,India,Indian,PhD,Full-time,All,Not specified,Not specified,Academic merit as per program guidelines,Good academic record,Not specified,Any,General,Equal Opportunity,Indian resident,"The selected students will receive orientation, laboratory research, lecture series, presentations,",INR,Fellowship,Partial,Not specified,Not specified,Not specified,Free,Not specified,1 to 2 years,Multiple,"Marksheet, Academic certificates, ID proof, CV/Proposal where applicable",an applicant must be students: Entering the 2nd year of M.,"Merit assessment, academic record, and verification.",The inStem Summer Research Fellowships Program (SuRF) 2026 offered by Corporate CSR / Foundation / University.,Not specified,2026-09-16
SCH_0197,Ahmedabad University Summer Internship Programme 2025,Corporate CSR / Foundation / University,Corporate / Foundation / Academic,Buddy4Study,https://www.buddy4study.com/scholarship/ahmedabad-university-summer-internship-programme-2025,https://www.buddy4study.com/scholarship/ahmedabad-university-summer-internship-programme-2025,India,India,Indian,Postgraduate,Full-time,All,Not specified,Not specified,Academic merit as per program guidelines,Good academic record,Not specified,Any,General,Equal Opportunity,Indian resident,Deadline Closed dummy text Home Scholarships ahmedabad-university-summer-internship-programme-2025 A,INR,Partial,Partial,Not specified,Travel allowance included,Not specified,Free,Not specified,1 to 2 years,Multiple,"Marksheet, Academic certificates, ID proof, CV/Proposal where applicable",an applicant must:- be enrolled in a full-time Bachelor’s or Master’s programme in a recognised University/Institution in India or abroad must have good academic record Note:- Students who have appeared for the final examination or have just completed their Bachelor’s or Master’s programme are also,"Merit assessment, academic record, and verification.",Ahmedabad University Summer Internship Programme 2025 offered by Corporate CSR / Foundation / University.,Not specified,2026-09-16
SCH_0198,IIIT Delhi Summer Internships 2025,the Indraprastha Institute of In,Corporate / Foundation / Academic,Buddy4Study,https://www.buddy4study.com/scholarship/iiit-delhi-summer-internships-2025,https://www.buddy4study.com/scholarship/iiit-delhi-summer-internships-2025,India,India,Indian,Undergraduate,Full-time,All,Not specified,Not specified,Academic merit as per program guidelines,Good academic record,Not specified,Any,General,Equal Opportunity,Indian resident,"The selected candidates will receive a monthly stipend of ₹5,000.",INR,Partial,Partial,Not specified,Not specified,Not specified,Free,Not specified,1 to 2 years,Multiple,"Marksheet, Academic certificates, ID proof, CV/Proposal where applicable",an applicant must:- be currently enrolled in B.,"Merit assessment, academic record, and verification.",IIIT Delhi Summer Internships 2025 offered by the Indraprastha Institute of In.,Not specified,2026-09-16
SCH_0199,CSIR-CMERI Summer Internship 2025,Corporate CSR / Foundation / University,Corporate / Foundation / Academic,Buddy4Study,https://www.buddy4study.com/scholarship/csir-cmeri-summer-internship-2025,https://www.buddy4study.com/scholarship/csir-cmeri-summer-internship-2025,India,India,Indian,School,Full-time,All,Not specified,Not specified,Academic merit as per program guidelines,Good academic record,Not specified,Any,General,Equal Opportunity,Indian resident,"The selected candidate will receive the following benefits:- Hands-on experience on, ongoing researc",INR,Partial,Partial,Not specified,Not specified,Not specified,Free,Not specified,1 to 2 years,Multiple,"Marksheet, Academic certificates, ID proof, CV/Proposal where applicable",an applicant must: be an Indian student have passed Class 10 and 12 with a first division have scored 7.,"Merit assessment, academic record, and verification.",CSIR-CMERI Summer Internship 2025 offered by Corporate CSR / Foundation / University.,Not specified,2026-09-16
SCH_0200,NESAC Student Internship 2025,"the North Eastern Space Applications Centre (NESAC), Department of Space, Government of In",Corporate / Foundation / Academic,Buddy4Study,https://www.buddy4study.com/scholarship/nesac-student-internship-2025,https://www.buddy4study.com/scholarship/nesac-student-internship-2025,India,India,Indian,Undergraduate,Full-time,All,Not specified,Not specified,Academic merit as per program guidelines,Good academic record,Not specified,Any,General,Equal Opportunity,Indian resident,The selected students will receive a certificate of appreciation upon the completion of the internsh,INR,Partial,Partial,Not specified,Not specified,Not specified,Free,Not specified,1 to 2 years,Multiple,"Marksheet, Academic certificates, ID proof, CV/Proposal where applicable",applicants must:- be a citizen of India be pursuing B.,"Merit assessment, academic record, and verification.","NESAC Student Internship 2025 offered by the North Eastern Space Applications Centre (NESAC), Departm.",Not specified,2026-09-16
SCH_0201,IIIT Vadodara Research Internship 2025,the Indian Institute of In,Corporate / Foundation / Academic,Buddy4Study,https://www.buddy4study.com/scholarship/iiit-vadodara-research-internship-2025,https://www.buddy4study.com/scholarship/iiit-vadodara-research-internship-2025,India,India,Indian,Undergraduate,Full-time,All,Not specified,Not specified,Academic merit as per program guidelines,Good academic record,Not specified,Any,General,Equal Opportunity,Indian resident,Deadline Closed dummy text Home Scholarships iiit-vadodara-research-internship-2025 About The Progra,INR,Partial,Partial,Not specified,Not specified,Not specified,Free,Not specified,1 to 2 years,Multiple,"Marksheet, Academic certificates, ID proof, CV/Proposal where applicable","applicants must:- be a non-IIIT Vadodara student have thoroughly read at least one research paper, preferably with completed or ongoing research work Benefits The selected students will receive a mentorship under the guidance of esteemed faculty.","Merit assessment, academic record, and verification.",IIIT Vadodara Research Internship 2025 offered by the Indian Institute of In.,Not specified,2026-09-16
SCH_0202,NIT Tiruchirappalli Summer Internship 2025,Corporate CSR / Foundation / University,Corporate / Foundation / Academic,Buddy4Study,https://www.buddy4study.com/scholarship/nit-tiruchirappalli-summer-internship-2025,https://www.buddy4study.com/scholarship/nit-tiruchirappalli-summer-internship-2025,India,India,Indian,Undergraduate,Full-time,All,Not specified,Not specified,Academic merit as per program guidelines,Good academic record,Not specified,Any,General,Equal Opportunity,Indian resident,An opportunity to interact and work with experienced faculty at NIT Tiruchirappalli.,INR,Partial,Partial,Not specified,Not specified,Not specified,Free,Not specified,1 to 2 years,Multiple,"Marksheet, Academic certificates, ID proof, CV/Proposal where applicable",applicants must: be pursuing undergraduate studies be admitted to a full-time regular course Benefits The selected candidates will receive the following benefits: An opportunity to interact and work with experienced faculty at NIT Tiruchirappalli.,"Merit assessment, academic record, and verification.",NIT Tiruchirappalli Summer Internship 2025 offered by Corporate CSR / Foundation / University.,Not specified,2026-09-16
SCH_0203,AICTE Sarswati Scholarship Scheme 2024-25,Corporate CSR / Foundation / University,Corporate / Foundation / Academic,Buddy4Study,https://www.buddy4study.com/scholarship/aicte-sarswati-scholarship-scheme-2024-25,https://www.buddy4study.com/scholarship/aicte-sarswati-scholarship-scheme-2024-25,India,India,Indian,School,Full-time,All,Not specified,Not specified,Academic merit as per program guidelines,Good academic record,Not specified,Any,General,Equal Opportunity,Indian resident,"The selected candidates will receive ₹25,000 per annum for 3 years of study.",INR,Partial,Partial,Not specified,Not specified,Not specified,Free,Not specified,1 to 2 years,Multiple,"Marksheet, Academic certificates, ID proof, CV/Proposal where applicable","an applicant must:- be an Indian national be a female student be admitted to the first year of the BBA, BCA, and BMS degree-level in any of the AICTE-approved institutions have an annual family income less than ₹8,00,000 from all sources Note:- A maximum of 2 girl children in a family are eligible f","Merit assessment, academic record, and verification.",AICTE Sarswati Scholarship Scheme 2024-25 offered by Corporate CSR / Foundation / University.,Not specified,2026-09-16
SCH_0204,NIT Warangal Summer Internship Programme 2025,Corporate CSR / Foundation / University,Corporate / Foundation / Academic,Buddy4Study,https://www.buddy4study.com/scholarship/nit-warangal-summer-internship-programme-2025,https://www.buddy4study.com/scholarship/nit-warangal-summer-internship-programme-2025,India,India,Indian,Undergraduate,Full-time,All,Not specified,Not specified,Academic merit as per program guidelines,Good academic record,Not specified,Any,General,Equal Opportunity,Indian resident,The selected candidate will receive free accommodation at the NIT Warangal hostel while working on c,INR,Partial,Partial,Not specified,Not specified,Not specified,Free,Not specified,1 to 2 years,Multiple,"Marksheet, Academic certificates, ID proof, CV/Proposal where applicable",an applicant must: be B.,"Merit assessment, academic record, and verification.",NIT Warangal Summer Internship Programme 2025 offered by Corporate CSR / Foundation / University.,Not specified,2026-09-16
SCH_0205,Prime Minister's Scheme for Mentoring Young Authors 2025,Corporate CSR / Foundation / University,Corporate / Foundation / Academic,Buddy4Study,https://www.buddy4study.com/scholarship/prime-minister-s-scheme-for-mentoring-young-authors-2025,https://www.buddy4study.com/scholarship/prime-minister-s-scheme-for-mentoring-young-authors-2025,India,India,Indian,Undergraduate,Full-time,All,Not specified,Not specified,Academic merit as per program guidelines,Good academic record,Not specified,Any,General,Equal Opportunity,Indian resident,Deadline Closed dummy text Home Scholarships prime-minister-s-scheme-for-mentoring-young-authors-202,INR,Partial,Partial,Not specified,Not specified,Not specified,Free,Not specified,1 to 2 years,Multiple,"Marksheet, Academic certificates, ID proof, CV/Proposal where applicable",an applicant must: be an Indian national be below 30 years of age be PIOs or NRIs holding Indian passports Note:- Applicants who had qualified for the PM-YUVA Scheme 1.,"Merit assessment, academic record, and verification.",Prime Minister's Scheme for Mentoring Young Authors 2025 offered by Corporate CSR / Foundation / University.,Not specified,2026-09-16
SCH_0206,Satyendra Nath Bose Summer Internship Program 2025,Corporate CSR / Foundation / University,Corporate / Foundation / Academic,Buddy4Study,https://www.buddy4study.com/scholarship/satyendra-nath-bose-summer-internship-program-2025,https://www.buddy4study.com/scholarship/satyendra-nath-bose-summer-internship-program-2025,India,India,Indian,Undergraduate,Full-time,All,Not specified,Not specified,Academic merit as per program guidelines,Good academic record,Not specified,Any,General,Equal Opportunity,Indian resident,Deadline Closed dummy text Home Scholarships satyendra-nath-bose-summer-internship-program-2025 Abou,INR,Partial,Partial,Not specified,Not specified,Not specified,Free,Not specified,1 to 2 years,Multiple,"Marksheet, Academic certificates, ID proof, CV/Proposal where applicable",an applicant must: be a Pre-final year B.,"Merit assessment, academic record, and verification.",Satyendra Nath Bose Summer Internship Program 2025 offered by Corporate CSR / Foundation / University.,Not specified,2026-09-16
SCH_0207,AAI Sports Contract Scheme 2025-26,Corporate CSR / Foundation / University,Corporate / Foundation / Academic,Buddy4Study,https://www.buddy4study.com/scholarship/aai-sports-contract-scheme-2025-26,https://www.buddy4study.com/scholarship/aai-sports-contract-scheme-2025-26,India,India,Indian,Undergraduate,Full-time,All,Not specified,Not specified,Academic merit as per program guidelines,Good academic record,Not specified,Any,General,Equal Opportunity,Indian resident,Deadline Closed dummy text Home Scholarships aai-sports-contract-scheme-2025-26 About The Program AA,INR,Partial,Partial,Not specified,Travel allowance included,Not specified,Free,Not specified,1 to 2 years,Multiple,"Marksheet, Academic certificates, ID proof, CV/Proposal where applicable",an applicant must:- be a sportsperson be aged between 14 to 24 years as on 31st March 2025 have been playing for the last two to three years at sub-junior or national level Eligible games under this scheme: Carrom Chess Badminton Kho Kho Table Tennis Note:- No other games will be entertained under t,"Merit assessment, academic record, and verification.",AAI Sports Contract Scheme 2025-26 offered by Corporate CSR / Foundation / University.,Not specified,2026-09-16
SCH_0208,IIIT Hyderabad Summer Internship 2025,Corporate CSR / Foundation / University,Corporate / Foundation / Academic,Buddy4Study,https://www.buddy4study.com/scholarship/iiit-hyderabad-summer-internship-2025,https://www.buddy4study.com/scholarship/iiit-hyderabad-summer-internship-2025,India,India,Indian,Undergraduate,Full-time,All,Not specified,Not specified,Academic merit as per program guidelines,Good academic record,Not specified,Any,General,Equal Opportunity,Indian resident,Deadline Closed dummy text Home Scholarships iiit-hyderabad-summer-internship-2025 About The Program,INR,Partial,Partial,Not specified,Not specified,Not specified,Free,Not specified,1 to 2 years,Multiple,"Marksheet, Academic certificates, ID proof, CV/Proposal where applicable",an applicant must:- be UG/PG students or recent graduates have written and spoken fluently in one of the following indigenous languages: Gondi Koya Kolami Naikdi Chenchu Kaikadi (Yerukala) Lambadi Nakkala Konda Kammara have basic proficiency in English or Telugu have a genuine interest in preserving,"Merit assessment, academic record, and verification.",IIIT Hyderabad Summer Internship 2025 offered by Corporate CSR / Foundation / University.,Not specified,2026-09-16
SCH_0209,NIIT University Scholarship-cum-Admission Seat Programme 2025-26 [Up to 100% tuition fee waiver],Corporate CSR / Foundation / University,Corporate / Foundation / Academic,Buddy4Study,https://www.buddy4study.com/scholarship/niit-university-scholarship-cum-admission-seat-programme-2025,https://www.buddy4study.com/scholarship/niit-university-scholarship-cum-admission-seat-programme-2025,India,India,Indian,Undergraduate,Full-time,All,Not specified,Not specified,Academic merit as per program guidelines,Good academic record,Not specified,Any,General,Equal Opportunity,Indian resident,Financial assistance / Grant,INR,Grant,Partial,Not specified,Not specified,Not specified,Free,Always Open,1 to 2 years,Multiple,"Marksheet, Academic certificates, ID proof, CV/Proposal where applicable",Refer to official scheme notification.,"Merit assessment, academic record, and verification.",NIIT University Scholarship-cum-Admission Seat Programme 2025-26 [Up to 100% tuition fee waiver] offered by Corporate CSR / Foundation / University.,Not specified,2026-09-16
SCH_0210,"Pre-Matric Scholarship for SC, ST and MBC Students (Component-II), Odisha 2024-25",Corporate CSR / Foundation / University,Corporate / Foundation / Academic,Buddy4Study,https://www.buddy4study.com/scholarship/pre-matric-scholarship-for-sc-st-and-mbc-students-component-odisha-2024-25,https://www.buddy4study.com/scholarship/pre-matric-scholarship-for-sc-st-and-mbc-students-component-odisha-2024-25,India,India,Indian,School,Full-time,All,Not specified,Not specified,Academic merit as per program guidelines,Good academic record,Not specified,Any,General,Equal Opportunity,Indian resident,Selected candidates will receive annual scholarships according to their respective courses and durat,INR,Partial,Partial,Not specified,Not specified,Not specified,Free,Not specified,1 to 2 years,Multiple,"Marksheet, Academic certificates, ID proof, CV/Proposal where applicable","an applicant must:- be a domicile of Odisha belong to Scheduled Caste (SC), Scheduled Tribe (ST), Other Backward Classes (OBC), Socially and Economically Backward Classes (SEBC) or Economically Backward Classes (EBC) be pursuing studies in Classes 1 or 10 be a ward of the parents engaged in an uncle","Merit assessment, academic record, and verification.","Pre-Matric Scholarship for SC, ST and MBC Students (Component-II), Odisha 2024-25 offered by Corporate CSR / Foundation / University.",Not specified,2026-09-16
SCH_0211,AAI Sports Scholarship Scheme for Outstanding Sportspersons 2025-26,Corporate CSR / Foundation / University,Corporate / Foundation / Academic,Buddy4Study,https://www.buddy4study.com/scholarship/aai-sports-scholarship-scheme-for-outstanding-sportspersons-2025-26,https://www.buddy4study.com/scholarship/aai-sports-scholarship-scheme-for-outstanding-sportspersons-2025-26,India,India,Indian,Undergraduate,Full-time,All,Not specified,Not specified,Academic merit as per program guidelines,Good academic record,Not specified,Any,General,Equal Opportunity,Indian resident,Deadline Closed dummy text Home Scholarships aai-sports-scholarship-scheme-for-outstanding-sportsper,INR,Partial,Partial,Not specified,Not specified,Not specified,Free,Not specified,1 to 2 years,Multiple,"Marksheet, Academic certificates, ID proof, CV/Proposal where applicable",an applicant must:- be a sportsperson be aged between 14 to 24 years as on 31st March 2025 be played at sub-junior or national level Eligible games under this scheme: Carrom Chess Badminton Kho Kho Table Tennis Archery (recurve) Cricket Football Volleyball Long jump High Jump Triple Jump Javelin Thr,"Merit assessment, academic record, and verification.",AAI Sports Scholarship Scheme for Outstanding Sportspersons 2025-26 offered by Corporate CSR / Foundation / University.,Not specified,2026-09-16
SCH_0212,Dibrugarh University Pragati Summer Internship Programme 2025,Corporate CSR / Foundation / University,Corporate / Foundation / Academic,Buddy4Study,https://www.buddy4study.com/scholarship/dibrugarh-university-pragati-summer-internship-programme-2025,https://www.buddy4study.com/scholarship/dibrugarh-university-pragati-summer-internship-programme-2025,India,India,Indian,Postgraduate,Full-time,All,Not specified,Not specified,Academic merit as per program guidelines,Good academic record,Not specified,Any,General,Equal Opportunity,Indian resident,"- A consolidated remuneration of ₹5,000 for 30 UG students and ₹7,500 for 20 PG students.",INR,Partial,Partial,Not specified,Not specified,Not specified,Free,Not specified,1 to 2 years,Multiple,"Marksheet, Academic certificates, ID proof, CV/Proposal where applicable",an applicant must:- be students from colleges affiliated with Dibrugarh University be studying in the 4th year of their UG (four-year course) or 2nd year PG programme not have active academic backlogs have scored a minimum 7.,"Merit assessment, academic record, and verification.",Dibrugarh University Pragati Summer Internship Programme 2025 offered by Corporate CSR / Foundation / University.,Not specified,2026-09-16
SCH_0213,Griffith University International Student Academic Excellence Scholarship 2025,Corporate CSR / Foundation / University,Corporate / Foundation / Academic,Buddy4Study,https://www.buddy4study.com/scholarship/griffith-university-international-student-academic-excellence-scholarship-2025,https://www.buddy4study.com/scholarship/griffith-university-international-student-academic-excellence-scholarship-2025,India,India,Indian,Postgraduate,Full-time,All,Not specified,Not specified,Academic merit as per program guidelines,Good academic record,Not specified,Any,General,Equal Opportunity,Indian resident,The selected candidates will receive 25% of their tuition fees for the entire duration of their cour,INR,Partial,Partial,Not specified,Not specified,Not specified,Free,Not specified,1 to 2 years,Multiple,"Marksheet, Academic certificates, ID proof, CV/Proposal where applicable","an applicant must:- be full-time international fee-paying students at Griffith University starting in 2024, 2025 or 2026 satisfy all the academic and English language requirements in their selected course.","Merit assessment, academic record, and verification.",Griffith University International Student Academic Excellence Scholarship 2025 offered by Corporate CSR / Foundation / University.,Not specified,2026-09-16
SCH_0214,University of Essex International Health Bursary Postgraduate Scholarship 2024-25,Corporate CSR / Foundation / University,Corporate / Foundation / Academic,Buddy4Study,https://www.buddy4study.com/scholarship/university-of-essex-international-health-bursary-postgraduate-scholarship-2024-25,https://www.buddy4study.com/scholarship/university-of-essex-international-health-bursary-postgraduate-scholarship-2024-25,International,International,All Nationalities,Postgraduate,Full-time,All,Not specified,Not specified,Academic merit as per program guidelines,Good academic record,Not specified,Any,General,Equal Opportunity,Not specified,The selected candidates can receive an Immigration Health Surcharge (IHS) of up to £776 (approx.,GBP,Partial,Partial,Included in stipend,Not specified,Not specified,Free,Not specified,1 to 2 years,Multiple,"Marksheet, Academic certificates, ID proof, CV/Proposal where applicable",an applicant must:- be an international students have registered at the University of Essex in October 2024 or January 2025 for a Master’s course have paid both the installments of their tuition fees for the academic year 2024-25 have provided proof of their current visa permission Non-Eligibility C,"Merit assessment, academic record, and verification.",University of Essex International Health Bursary Postgraduate Scholarship 2024-25 offered by Corporate CSR / Foundation / University.,Not specified,2026-09-16
SCH_0215,Margdarshan Mentorship Program by CNH – ITC [Mentorship support to students studying in Delhi-NCR region],Corporate CSR / Foundation / University,Corporate / Foundation / Academic,Buddy4Study,https://www.buddy4study.com/scholarship/margdarshan-mentorship-program-by-cnh-itc,https://www.buddy4study.com/scholarship/margdarshan-mentorship-program-by-cnh-itc,India,India,Indian,Undergraduate,Full-time,All,Not specified,Not specified,Academic merit as per program guidelines,Good academic record,Not specified,Any,General,Equal Opportunity,Indian resident,Financial assistance / Grant,INR,Grant,Partial,Not specified,Not specified,Not specified,Free,Always Open,1 to 2 years,Multiple,"Marksheet, Academic certificates, ID proof, CV/Proposal where applicable",Refer to official scheme notification.,"Merit assessment, academic record, and verification.",Margdarshan Mentorship Program by CNH – ITC [Mentorship support to students studying in Delhi-NCR region] offered by Corporate CSR / Foundation / University.,Not specified,2026-09-16
SCH_0216,"Panasonic Ratti Chhatr Scholarship 2025-26 [Win scholarship worth INR 42,500]",Corporate CSR / Foundation / University,Corporate / Foundation / Academic,Buddy4Study,https://www.buddy4study.com/scholarship/panasonic-ratti-chhatr-scholarship-2025-26,https://www.buddy4study.com/scholarship/panasonic-ratti-chhatr-scholarship-2025-26,India,India,Indian,Undergraduate,Full-time,All,Not specified,Not specified,Academic merit as per program guidelines,Good academic record,Not specified,Any,General,Equal Opportunity,Indian resident,Financial assistance / Grant,INR,Grant,Partial,Not specified,Not specified,Not specified,Free,Always Open,1 to 2 years,Multiple,"Marksheet, Academic certificates, ID proof, CV/Proposal where applicable",Refer to official scheme notification.,"Merit assessment, academic record, and verification.","Panasonic Ratti Chhatr Scholarship 2025-26 [Win scholarship worth INR 42,500] offered by Corporate CSR / Foundation / University.",Not specified,2026-09-16
SCH_0217,"Scholarship for M.Tech. Students, Ladakh 2025-26",the Government of UT Ladakh,Corporate / Foundation / Academic,Buddy4Study,https://www.buddy4study.com/scholarship/scholarship-for-m-tech-students-ladakh-2025-26,https://www.buddy4study.com/scholarship/scholarship-for-m-tech-students-ladakh-2025-26,India,India,Indian,Postgraduate,Full-time,All,Not specified,Not specified,Academic merit as per program guidelines,Good academic record,Not specified,Any,General,Equal Opportunity,Indian resident,The students selected for the M.,INR,Partial,Partial,Not specified,Not specified,Not specified,Free,Not specified,1 to 2 years,Multiple,"Marksheet, Academic certificates, ID proof, CV/Proposal where applicable",an applicant must: be domiciled in Ladakh have completed a UG degree in engineering have scored a minimum of 60% marks or 6.,"Merit assessment, academic record, and verification.","Scholarship for M.Tech. Students, Ladakh 2025-26 offered by the Government of UT Ladakh.",Not specified,2026-09-16
SCH_0218,AICTE Waterbody Rejuvenation Internship for Engineering Students 2025,"the Housing and Urban Development Department, Government of Odisha,",Corporate / Foundation / Academic,Buddy4Study,https://www.buddy4study.com/scholarship/aicte-waterbody-rejuvenation-internship-for-engineering-students-2025,https://www.buddy4study.com/scholarship/aicte-waterbody-rejuvenation-internship-for-engineering-students-2025,India,India,Indian,Undergraduate,Full-time,All,Not specified,Not specified,Academic merit as per program guidelines,Good academic record,Not specified,Any,General,Equal Opportunity,Indian resident,"The selected 50 candidates will receive a monthly stipend of ₹1,000 for a duration of 12 months.",INR,Partial,Partial,Not specified,Not specified,Not specified,Free,Not specified,1 to 2 years,Multiple,"Marksheet, Academic certificates, ID proof, CV/Proposal where applicable",the applicants must: be an Indian citizen be studying in B.,"Merit assessment, academic record, and verification.","AICTE Waterbody Rejuvenation Internship for Engineering Students 2025 offered by the Housing and Urban Development Department, Government of .",Not specified,2026-09-16
SCH_0219,AICTE SAMARTHAN Internship Connect 2025,Corporate CSR / Foundation / University,Corporate / Foundation / Academic,Buddy4Study,https://www.buddy4study.com/scholarship/aicte-samarthan-internship-connect-2025,https://www.buddy4study.com/scholarship/aicte-samarthan-internship-connect-2025,India,India,Indian,Postgraduate,Full-time,All,Not specified,Not specified,Academic merit as per program guidelines,Good academic record,Not specified,Any,General,Equal Opportunity,Indian resident,Deadline Closed dummy text Home Scholarships aicte-samarthan-internship-connect-2025 About The Progr,INR,Partial,Partial,Not specified,Not specified,Not specified,Free,Not specified,1 to 2 years,Multiple,"Marksheet, Academic certificates, ID proof, CV/Proposal where applicable","an applicant must:- be undergraduate or postgraduate students be domiciled in Jammu, Kashmir, Ladakh, Andaman and Nicobar Islands or North Eastern states be pursuing the following courses in AICTE-approved institutions: Engineering & Technology Management Design Applied Arts and Crafts BBA BCA Hotel","Merit assessment, academic record, and verification.",AICTE SAMARTHAN Internship Connect 2025 offered by Corporate CSR / Foundation / University.,Not specified,2026-09-16
SCH_0220,Strathclyde International Master’s Scholarships 2025,Corporate CSR / Foundation / University,Corporate / Foundation / Academic,Buddy4Study,https://www.buddy4study.com/scholarship/strathclyde-international-master-s-scholarships-2025,https://www.buddy4study.com/scholarship/strathclyde-international-master-s-scholarships-2025,International,International,All Nationalities,Postgraduate,Full-time,All,Not specified,Not specified,Academic merit as per program guidelines,Good academic record,Not specified,Any,General,Equal Opportunity,Not specified,"The selected candidates will receive a scholarship of £5,000 (approximately ₹4.",GBP,Partial,Partial,Included in stipend,Not specified,Not specified,Free,Not specified,1 to 2 years,Multiple,"Marksheet, Academic certificates, ID proof, CV/Proposal where applicable",an applicant must:- be a full-time international (non-EU) fee-paying student be starting an on-campus postgraduate taught course at the Faculty of Sciences at the University of Strathclyde in September 2025 be pursuing the following courses: Biochemistry Biology & biological sciences Biomedical scie,"Merit assessment, academic record, and verification.",Strathclyde International Master’s Scholarships 2025 offered by Corporate CSR / Foundation / University.,Not specified,2026-09-16
SCH_0221,Green Hub Central India Fellowship 2025-26,Corporate CSR / Foundation / University,Corporate / Foundation / Academic,Buddy4Study,https://www.buddy4study.com/scholarship/green-hub-central-india-fellowship-2025-26,https://www.buddy4study.com/scholarship/green-hub-central-india-fellowship-2025-26,India,India,Indian,PhD,Full-time,All,Not specified,Not specified,Academic merit as per program guidelines,Good academic record,Not specified,Any,General,Equal Opportunity,Indian resident,"The selected candidates will receive a chance to enhance their skills in video making, which engages",INR,Fellowship,Partial,Not specified,Not specified,Not specified,Free,Not specified,1 to 2 years,Multiple,"Marksheet, Academic certificates, ID proof, CV/Proposal where applicable","an applicant must: be a resident of Madhya Pradesh, Jharkhand, Chhattisgarh, Maharashtra, Odisha, Rajasthan, Gujarat and West Bengal (Uttar Dinajpur and below) be aged between 18 to 35 years have physical strength (need to submit the fitness certificate) be willing to complete a 10-month fellowship","Merit assessment, academic record, and verification.",Green Hub Central India Fellowship 2025-26 offered by Corporate CSR / Foundation / University.,Not specified,2026-09-16
SCH_0222,GRT Endowment Scholarship 2025-26,the GRT Jewellers Private Limited,Corporate / Foundation / Academic,Buddy4Study,https://www.buddy4study.com/scholarship/grt-endowment-scholarship-2025-26,https://www.buddy4study.com/scholarship/grt-endowment-scholarship-2025-26,India,India,Indian,School,Full-time,All,Not specified,Not specified,Academic merit as per program guidelines,Good academic record,Not specified,Any,General,Equal Opportunity,Indian resident,The selected candidates will recieve financial assistance.,INR,Partial,Partial,Not specified,Not specified,Not specified,Free,Not specified,1 to 2 years,Multiple,"Marksheet, Academic certificates, ID proof, CV/Proposal where applicable","an application must: be domiciled in Tamil Nadu, Pondicherry, Andhra Pradesh, Telangana and Karnataka have completed Class 12 with 70% marks in each subject have scored at least 70% marks in the last semester be pursuing a regular course in a recognised institution have a good academic record have a","Merit assessment, academic record, and verification.",GRT Endowment Scholarship 2025-26 offered by the GRT Jewellers Private Limited.,Not specified,2026-09-16
SCH_0223,"Rolls-Royce Wings4Her Scholarship for Women Engineering Students [Receive INR 35,000 scholarship]",Corporate CSR / Foundation / University,Corporate / Foundation / Academic,Buddy4Study,https://www.buddy4study.com/scholarship/rolls-royce-wings4her-scholarship-for-women-engineering-students-1,https://www.buddy4study.com/scholarship/rolls-royce-wings4her-scholarship-for-women-engineering-students-1,India,India,Indian,Undergraduate,Full-time,All,Not specified,Not specified,Academic merit as per program guidelines,Good academic record,Not specified,Female,General,Equal Opportunity,Indian resident,Financial assistance / Grant,INR,Grant,Partial,Not specified,Not specified,Not specified,Free,Always Open,1 to 2 years,Multiple,"Marksheet, Academic certificates, ID proof, CV/Proposal where applicable",Refer to official scheme notification.,"Merit assessment, academic record, and verification.","Rolls-Royce Wings4Her Scholarship for Women Engineering Students [Receive INR 35,000 scholarship] offered by Corporate CSR / Foundation / University.",Not specified,2026-09-16
SCH_0224,Amity University Scholarship 2025,Corporate CSR / Foundation / University,Corporate / Foundation / Academic,Buddy4Study,https://www.buddy4study.com/scholarship/amity-university-scholarship,https://www.buddy4study.com/scholarship/amity-university-scholarship,India,India,Indian,Postgraduate,Full-time,All,Not specified,Not specified,Academic merit as per program guidelines,Good academic record,Not specified,Any,General,Equal Opportunity,Indian resident,Selected candidates will receive a scholarship up to a 100% fee waiver for the 1 year of the undergr,INR,Partial,Partial,Not specified,Not specified,Not specified,Free,Not specified,1 to 2 years,Multiple,"Marksheet, Academic certificates, ID proof, CV/Proposal where applicable",Refer to official scheme notification.,"Merit assessment, academic record, and verification.",Amity University Scholarship 2025 offered by Corporate CSR / Foundation / University.,Not specified,2026-09-16
SCH_0225,Panjab University Post Doctoral Fellowship 2025,"Panjab University, Chandigarh, under the RUSA 2",Corporate / Foundation / Academic,Buddy4Study,https://www.buddy4study.com/scholarship/post-doctoral-fellowship-under-rusa,https://www.buddy4study.com/scholarship/post-doctoral-fellowship-under-rusa,India,India,Indian,PhD,Full-time,All,Not specified,Not specified,Academic merit as per program guidelines,Good academic record,Not specified,Any,General,Equal Opportunity,Indian resident,"Selected fellows will receive an amount of ₹1,00,000 per month, and a contingency grant of ₹1,00,000",INR,Grant,Partial,Not specified,Not specified,Not specified,Free,Not specified,1 to 2 years,Multiple,"Marksheet, Academic certificates, ID proof, CV/Proposal where applicable","an applicant must:- be below the age of 40 hold a doctoral degree have some published research work Note:- Relaxation in age for 5 years is applicable for SC, ST, OBC and women candidates.","Merit assessment, academic record, and verification.","Panjab University Post Doctoral Fellowship 2025 offered by Panjab University, Chandigarh, under the RUSA 2.",Not specified,2026-09-16
SCH_0226,Infosys Foundation STEM Stars Scholarship Program 2025-26 [Receive a scholarship of up to ₹1 lakh per annum],Corporate CSR / Foundation / University,Corporate / Foundation / Academic,Buddy4Study,https://www.buddy4study.com/scholarship/infosys-foundation-stem-stars-scholarship-program-2025-26,https://www.buddy4study.com/scholarship/infosys-foundation-stem-stars-scholarship-program-2025-26,India,India,Indian,Undergraduate,Full-time,All,Not specified,Not specified,Academic merit as per program guidelines,Good academic record,Not specified,Any,General,Equal Opportunity,Indian resident,Financial assistance / Grant,INR,Grant,Partial,Not specified,Not specified,Not specified,Free,Always Open,1 to 2 years,Multiple,"Marksheet, Academic certificates, ID proof, CV/Proposal where applicable",Refer to official scheme notification.,"Merit assessment, academic record, and verification.",Infosys Foundation STEM Stars Scholarship Program 2025-26 [Receive a scholarship of up to ₹1 lakh per annum] offered by Corporate CSR / Foundation / University.,Not specified,2026-09-16
SCH_0227,"Raman Kant Munjal Scholarships 2025-26 [Receive scholarships ranging from INR 40,000 to INR 5,50,000 per year]",Corporate CSR / Foundation / University,Corporate / Foundation / Academic,Buddy4Study,https://www.buddy4study.com/scholarship/raman-kant-munjal-scholarship-2025-26,https://www.buddy4study.com/scholarship/raman-kant-munjal-scholarship-2025-26,India,India,Indian,Undergraduate,Full-time,All,Not specified,Not specified,Academic merit as per program guidelines,Good academic record,Not specified,Any,General,Equal Opportunity,Indian resident,Financial assistance / Grant,INR,Grant,Partial,Not specified,Not specified,Not specified,Free,Always Open,1 to 2 years,Multiple,"Marksheet, Academic certificates, ID proof, CV/Proposal where applicable",Refer to official scheme notification.,"Merit assessment, academic record, and verification.","Raman Kant Munjal Scholarships 2025-26 [Receive scholarships ranging from INR 40,000 to INR 5,50,000 per year] offered by Corporate CSR / Foundation / University.",Not specified,2026-09-16
SCH_0228,"Unnati 2-Towards a Better Future Scholarship [Win INR 18,000 per year]",Corporate CSR / Foundation / University,Corporate / Foundation / Academic,Buddy4Study,https://www.buddy4study.com/scholarship/unnati-2-towards-a-better-future-scholarship-for-iti-diploma-students-2025-26,https://www.buddy4study.com/scholarship/unnati-2-towards-a-better-future-scholarship-for-iti-diploma-students-2025-26,India,India,Indian,Undergraduate,Full-time,All,Not specified,Not specified,Academic merit as per program guidelines,Good academic record,Not specified,Any,General,Equal Opportunity,Indian resident,Financial assistance / Grant,INR,Grant,Partial,Not specified,Not specified,Not specified,Free,Always Open,1 to 2 years,Multiple,"Marksheet, Academic certificates, ID proof, CV/Proposal where applicable",Refer to official scheme notification.,"Merit assessment, academic record, and verification.","Unnati 2-Towards a Better Future Scholarship [Win INR 18,000 per year] offered by Corporate CSR / Foundation / University.",Not specified,2026-09-16
SCH_0229,"Colgate Keep India Smiling Scholarship 2025-26 for BDS students [One-time scholarship of INR 75,000]",Corporate CSR / Foundation / University,Corporate / Foundation / Academic,Buddy4Study,https://www.buddy4study.com/scholarship/colgate-keep-india-smiling-scholarship-for-bds-students-2025-26,https://www.buddy4study.com/scholarship/colgate-keep-india-smiling-scholarship-for-bds-students-2025-26,India,India,Indian,Undergraduate,Full-time,All,Not specified,Not specified,Academic merit as per program guidelines,Good academic record,Not specified,Any,General,Equal Opportunity,Indian resident,Financial assistance / Grant,INR,Grant,Partial,Not specified,Not specified,Not specified,Free,Always Open,1 to 2 years,Multiple,"Marksheet, Academic certificates, ID proof, CV/Proposal where applicable",Refer to official scheme notification.,"Merit assessment, academic record, and verification.","Colgate Keep India Smiling Scholarship 2025-26 for BDS students [One-time scholarship of INR 75,000] offered by Corporate CSR / Foundation / University.",Not specified,2026-09-16
SCH_0230,"Colgate Keep India Smiling Scholarship 2025-26 for MDS students [One-time scholarship of INR 75,000]",Corporate CSR / Foundation / University,Corporate / Foundation / Academic,Buddy4Study,https://www.buddy4study.com/scholarship/colgate-keep-india-smiling-scholarship-for-mds-students-2025-26,https://www.buddy4study.com/scholarship/colgate-keep-india-smiling-scholarship-for-mds-students-2025-26,India,India,Indian,Undergraduate,Full-time,All,Not specified,Not specified,Academic merit as per program guidelines,Good academic record,Not specified,Any,General,Equal Opportunity,Indian resident,Financial assistance / Grant,INR,Grant,Partial,Not specified,Not specified,Not specified,Free,Always Open,1 to 2 years,Multiple,"Marksheet, Academic certificates, ID proof, CV/Proposal where applicable",Refer to official scheme notification.,"Merit assessment, academic record, and verification.","Colgate Keep India Smiling Scholarship 2025-26 for MDS students [One-time scholarship of INR 75,000] offered by Corporate CSR / Foundation / University.",Not specified,2026-09-16
SCH_0231,"Corteva Agriscience Scholarship Program for Undergraduate Students 2025-26 [Receive scholarship up to INR 25,000]",Corporate CSR / Foundation / University,Corporate / Foundation / Academic,Buddy4Study,https://www.buddy4study.com/scholarship/corteva-agriscience-scholarship-program-for-undergraduate-students-2025-26,https://www.buddy4study.com/scholarship/corteva-agriscience-scholarship-program-for-undergraduate-students-2025-26,India,India,Indian,Undergraduate,Full-time,All,Not specified,Not specified,Academic merit as per program guidelines,Good academic record,Not specified,Any,General,Equal Opportunity,Indian resident,Financial assistance / Grant,INR,Grant,Partial,Not specified,Not specified,Not specified,Free,Always Open,1 to 2 years,Multiple,"Marksheet, Academic certificates, ID proof, CV/Proposal where applicable",Refer to official scheme notification.,"Merit assessment, academic record, and verification.","Corteva Agriscience Scholarship Program for Undergraduate Students 2025-26 [Receive scholarship up to INR 25,000] offered by Corporate CSR / Foundation / University.",Not specified,2026-09-16
SCH_0232,"Corteva Agriscience Scholarship Program for Postgraduate Students 2025-26 [Receive scholarship up to INR 35,000]",Corporate CSR / Foundation / University,Corporate / Foundation / Academic,Buddy4Study,https://www.buddy4study.com/scholarship/corteva-agriscience-scholarship-program-for-postgraduate-students-2025-26,https://www.buddy4study.com/scholarship/corteva-agriscience-scholarship-program-for-postgraduate-students-2025-26,India,India,Indian,Postgraduate,Full-time,All,Not specified,Not specified,Academic merit as per program guidelines,Good academic record,Not specified,Any,General,Equal Opportunity,Indian resident,Financial assistance / Grant,INR,Grant,Partial,Not specified,Not specified,Not specified,Free,Always Open,1 to 2 years,Multiple,"Marksheet, Academic certificates, ID proof, CV/Proposal where applicable",Refer to official scheme notification.,"Merit assessment, academic record, and verification.","Corteva Agriscience Scholarship Program for Postgraduate Students 2025-26 [Receive scholarship up to INR 35,000] offered by Corporate CSR / Foundation / University.",Not specified,2026-09-16
SCH_0233,Kotak Kanya Scholarship 2025 [Win up to INR 1.5 lakh per year],Corporate CSR / Foundation / University,Corporate / Foundation / Academic,Buddy4Study,https://www.buddy4study.com/scholarship/kotak-kanya-scholarship-2025-26,https://www.buddy4study.com/scholarship/kotak-kanya-scholarship-2025-26,India,India,Indian,Undergraduate,Full-time,All,Not specified,Not specified,Academic merit as per program guidelines,Good academic record,Not specified,Any,General,Equal Opportunity,Indian resident,Financial assistance / Grant,INR,Grant,Partial,Not specified,Not specified,Not specified,Free,Always Open,1 to 2 years,Multiple,"Marksheet, Academic certificates, ID proof, CV/Proposal where applicable",Refer to official scheme notification.,"Merit assessment, academic record, and verification.",Kotak Kanya Scholarship 2025 [Win up to INR 1.5 lakh per year] offered by Corporate CSR / Foundation / University.,Not specified,2026-09-16
SCH_0234,nurtr Nurturing Minds with Chess Program (50% fee waiver),Corporate CSR / Foundation / University,Corporate / Foundation / Academic,Buddy4Study,https://www.buddy4study.com/scholarship/nurtr-nurturing-minds-with-chess-program-50-fee-waiver-2025-26,https://www.buddy4study.com/scholarship/nurtr-nurturing-minds-with-chess-program-50-fee-waiver-2025-26,India,India,Indian,Undergraduate,Full-time,All,Not specified,Not specified,Academic merit as per program guidelines,Good academic record,Not specified,Any,General,Equal Opportunity,Indian resident,Financial assistance / Grant,INR,Grant,Partial,Not specified,Not specified,Not specified,Free,Always Open,1 to 2 years,Multiple,"Marksheet, Academic certificates, ID proof, CV/Proposal where applicable",Refer to official scheme notification.,"Merit assessment, academic record, and verification.",nurtr Nurturing Minds with Chess Program (50% fee waiver) offered by Corporate CSR / Foundation / University.,Not specified,2026-09-16
SCH_0235,nurtr Nurturing Minds with Chess Program (90% fee waiver),Corporate CSR / Foundation / University,Corporate / Foundation / Academic,Buddy4Study,https://www.buddy4study.com/scholarship/nurtr-nurturing-minds-with-chess-program-90-fee-waiver-2025-26,https://www.buddy4study.com/scholarship/nurtr-nurturing-minds-with-chess-program-90-fee-waiver-2025-26,India,India,Indian,Undergraduate,Full-time,All,Not specified,Not specified,Academic merit as per program guidelines,Good academic record,Not specified,Any,General,Equal Opportunity,Indian resident,Financial assistance / Grant,INR,Grant,Partial,Not specified,Not specified,Not specified,Free,Always Open,1 to 2 years,Multiple,"Marksheet, Academic certificates, ID proof, CV/Proposal where applicable",Refer to official scheme notification.,"Merit assessment, academic record, and verification.",nurtr Nurturing Minds with Chess Program (90% fee waiver) offered by Corporate CSR / Foundation / University.,Not specified,2026-09-16
SCH_0236,nurtr Nurturing Minds with Chess Program (Actual Cost),Corporate CSR / Foundation / University,Corporate / Foundation / Academic,Buddy4Study,https://www.buddy4study.com/scholarship/nurtr-nurturing-minds-with-chess-program-actual-cost,https://www.buddy4study.com/scholarship/nurtr-nurturing-minds-with-chess-program-actual-cost,India,India,Indian,Undergraduate,Full-time,All,Not specified,Not specified,Academic merit as per program guidelines,Good academic record,Not specified,Any,General,Equal Opportunity,Indian resident,Financial assistance / Grant,INR,Grant,Partial,Not specified,Not specified,Not specified,Free,Always Open,1 to 2 years,Multiple,"Marksheet, Academic certificates, ID proof, CV/Proposal where applicable",Refer to official scheme notification.,"Merit assessment, academic record, and verification.",nurtr Nurturing Minds with Chess Program (Actual Cost) offered by Corporate CSR / Foundation / University.,Not specified,2026-09-16
SCH_0237,"OakNorth STEM Scholarship Programme 2025– 26 [Receive scholarship worth INR 30,000]",Corporate CSR / Foundation / University,Corporate / Foundation / Academic,Buddy4Study,https://www.buddy4study.com/scholarship/oaknorth-stem-scholarship-program-2025-26,https://www.buddy4study.com/scholarship/oaknorth-stem-scholarship-program-2025-26,India,India,Indian,Undergraduate,Full-time,All,Not specified,Not specified,Academic merit as per program guidelines,Good academic record,Not specified,Any,General,Equal Opportunity,Indian resident,Financial assistance / Grant,INR,Grant,Partial,Not specified,Not specified,Not specified,Free,Always Open,1 to 2 years,Multiple,"Marksheet, Academic certificates, ID proof, CV/Proposal where applicable",Refer to official scheme notification.,"Merit assessment, academic record, and verification.","OakNorth STEM Scholarship Programme 2025– 26 [Receive scholarship worth INR 30,000] offered by Corporate CSR / Foundation / University.",Not specified,2026-09-16
SCH_0238,"U-Go Scholarship Program 2025-26 [Win up to INR 60,000 per year for up to 4 years]",Corporate CSR / Foundation / University,Corporate / Foundation / Academic,Buddy4Study,https://www.buddy4study.com/scholarship/u-go-scholarship-program-2025-26,https://www.buddy4study.com/scholarship/u-go-scholarship-program-2025-26,India,India,Indian,Undergraduate,Full-time,All,Not specified,Not specified,Academic merit as per program guidelines,Good academic record,Not specified,Any,General,Equal Opportunity,Indian resident,Financial assistance / Grant,INR,Grant,Partial,Not specified,Not specified,Not specified,Free,Always Open,1 to 2 years,Multiple,"Marksheet, Academic certificates, ID proof, CV/Proposal where applicable",Refer to official scheme notification.,"Merit assessment, academic record, and verification.","U-Go Scholarship Program 2025-26 [Win up to INR 60,000 per year for up to 4 years] offered by Corporate CSR / Foundation / University.",Not specified,2026-09-16
SCH_0239,"Free Coaching for DNT Students under SEED (Receive coaching fees assistance up to ₹1,20,000)",Corporate CSR / Foundation / University,Corporate / Foundation / Academic,Buddy4Study,https://www.buddy4study.com/scholarship/free-coaching-for-dnt-students-under-seed-scheme-2025-26,https://www.buddy4study.com/scholarship/free-coaching-for-dnt-students-under-seed-scheme-2025-26,India,India,Indian,Undergraduate,Full-time,All,Not specified,Not specified,Academic merit as per program guidelines,Good academic record,Not specified,Any,General,Equal Opportunity,Indian resident,Financial assistance / Grant,INR,Grant,Partial,Not specified,Not specified,Not specified,Free,Always Open,1 to 2 years,Multiple,"Marksheet, Academic certificates, ID proof, CV/Proposal where applicable",Refer to official scheme notification.,"Merit assessment, academic record, and verification.","Free Coaching for DNT Students under SEED (Receive coaching fees assistance up to ₹1,20,000) offered by Corporate CSR / Foundation / University.",Not specified,2026-09-16
SCH_0240,Aspire Scholarship Program 2025-26 [Receive scholarship based on the actual fee structure],Corporate CSR / Foundation / University,Corporate / Foundation / Academic,Buddy4Study,https://www.buddy4study.com/scholarship/aspire-scholarship-program-2025-26,https://www.buddy4study.com/scholarship/aspire-scholarship-program-2025-26,India,India,Indian,Undergraduate,Full-time,All,Not specified,Not specified,Academic merit as per program guidelines,Good academic record,Not specified,Any,General,Equal Opportunity,Indian resident,Financial assistance / Grant,INR,Grant,Partial,Not specified,Not specified,Not specified,Free,Always Open,1 to 2 years,Multiple,"Marksheet, Academic certificates, ID proof, CV/Proposal where applicable",Refer to official scheme notification.,"Merit assessment, academic record, and verification.",Aspire Scholarship Program 2025-26 [Receive scholarship based on the actual fee structure] offered by Corporate CSR / Foundation / University.,Not specified,2026-09-16
SCH_0241,"NextGen Edu Scholarship 2025-26 [Receive scholarship worth INR 15,000]",Corporate CSR / Foundation / University,Corporate / Foundation / Academic,Buddy4Study,https://www.buddy4study.com/scholarship/ey-gds-nextgen-edu-scholarship-program-2025-26,https://www.buddy4study.com/scholarship/ey-gds-nextgen-edu-scholarship-program-2025-26,India,India,Indian,Undergraduate,Full-time,All,Not specified,Not specified,Academic merit as per program guidelines,Good academic record,Not specified,Any,General,Equal Opportunity,Indian resident,Financial assistance / Grant,INR,Grant,Partial,Not specified,Not specified,Not specified,Free,Always Open,1 to 2 years,Multiple,"Marksheet, Academic certificates, ID proof, CV/Proposal where applicable",Refer to official scheme notification.,"Merit assessment, academic record, and verification.","NextGen Edu Scholarship 2025-26 [Receive scholarship worth INR 15,000] offered by Corporate CSR / Foundation / University.",Not specified,2026-09-16
SCH_0242,"Shri Tulsi Tanti Scholarship Program 2025-26 [Receive scholarship of up to INR 1,20,000 per year]",Corporate CSR / Foundation / University,Corporate / Foundation / Academic,Buddy4Study,https://www.buddy4study.com/scholarship/shri-tulsi-tanti-shakti-scholarship-program-for-class-09th-girl-students-2025-26,https://www.buddy4study.com/scholarship/shri-tulsi-tanti-shakti-scholarship-program-for-class-09th-girl-students-2025-26,India,India,Indian,Undergraduate,Full-time,All,Not specified,Not specified,Academic merit as per program guidelines,Good academic record,Not specified,Any,General,Equal Opportunity,Indian resident,Financial assistance / Grant,INR,Grant,Partial,Not specified,Not specified,Not specified,Free,Always Open,1 to 2 years,Multiple,"Marksheet, Academic certificates, ID proof, CV/Proposal where applicable",Refer to official scheme notification.,"Merit assessment, academic record, and verification.","Shri Tulsi Tanti Scholarship Program 2025-26 [Receive scholarship of up to INR 1,20,000 per year] offered by Corporate CSR / Foundation / University.",Not specified,2026-09-16
SCH_0243,"DXC Progressing Minds Scholarship for Graduation Students in STEM 2025-26 (Receive scholarship worth INR 50,000)",Corporate CSR / Foundation / University,Corporate / Foundation / Academic,Buddy4Study,https://www.buddy4study.com/scholarship/dxc-progressing-minds-scholarship-for-graduation-students-in-stem-2025-26,https://www.buddy4study.com/scholarship/dxc-progressing-minds-scholarship-for-graduation-students-in-stem-2025-26,India,India,Indian,Undergraduate,Full-time,All,Not specified,Not specified,Academic merit as per program guidelines,Good academic record,Not specified,Any,General,Equal Opportunity,Indian resident,Financial assistance / Grant,INR,Grant,Partial,Not specified,Not specified,Not specified,Free,Always Open,1 to 2 years,Multiple,"Marksheet, Academic certificates, ID proof, CV/Proposal where applicable",Refer to official scheme notification.,"Merit assessment, academic record, and verification.","DXC Progressing Minds Scholarship for Graduation Students in STEM 2025-26 (Receive scholarship worth INR 50,000) offered by Corporate CSR / Foundation / University.",Not specified,2026-09-16
SCH_0244,L'Oréal India for Young Women in Science Scholarships 2025-26 for PG and PhD Students (Receive scholarship worth 1 lakh),Corporate CSR / Foundation / University,Corporate / Foundation / Academic,Buddy4Study,https://www.buddy4study.com/scholarship/l-oreal-india-for-young-women-in-science-scholarships-2025-26-for-pg-and-phd-students,https://www.buddy4study.com/scholarship/l-oreal-india-for-young-women-in-science-scholarships-2025-26-for-pg-and-phd-students,India,India,Indian,Undergraduate,Full-time,All,Not specified,Not specified,Academic merit as per program guidelines,Good academic record,Not specified,Female,General,Equal Opportunity,Indian resident,Financial assistance / Grant,INR,Grant,Partial,Not specified,Not specified,Not specified,Free,Always Open,1 to 2 years,Multiple,"Marksheet, Academic certificates, ID proof, CV/Proposal where applicable",Refer to official scheme notification.,"Merit assessment, academic record, and verification.",L'Oréal India for Young Women in Science Scholarships 2025-26 for PG and PhD Students (Receive scholarship worth 1 lakh) offered by Corporate CSR / Foundation / University.,Not specified,2026-09-16
SCH_0245,L’Oréal For Young Women in Science Program 2025-26 for UG Students [Receive scholarship worth INR 62500],Corporate CSR / Foundation / University,Corporate / Foundation / Academic,Buddy4Study,https://www.buddy4study.com/scholarship/l-oreal-india-for-young-women-in-science-scholarships-2025-26-for-ug-students,https://www.buddy4study.com/scholarship/l-oreal-india-for-young-women-in-science-scholarships-2025-26-for-ug-students,India,India,Indian,Undergraduate,Full-time,All,Not specified,Not specified,Academic merit as per program guidelines,Good academic record,Not specified,Female,General,Equal Opportunity,Indian resident,Financial assistance / Grant,INR,Grant,Partial,Not specified,Not specified,Not specified,Free,Always Open,1 to 2 years,Multiple,"Marksheet, Academic certificates, ID proof, CV/Proposal where applicable",Refer to official scheme notification.,"Merit assessment, academic record, and verification.",L’Oréal For Young Women in Science Program 2025-26 for UG Students [Receive scholarship worth INR 62500] offered by Corporate CSR / Foundation / University.,Not specified,2026-09-16
SCH_0246,Agaram Namadhupalli Fellowship 2025,Corporate CSR / Foundation / University,Corporate / Foundation / Academic,Buddy4Study,https://www.buddy4study.com/scholarship/agaram-namadhupalli-fellowship-2025,https://www.buddy4study.com/scholarship/agaram-namadhupalli-fellowship-2025,India,India,Indian,PhD,Full-time,All,Not specified,Not specified,Academic merit as per program guidelines,Good academic record,Not specified,Any,General,Equal Opportunity,Indian resident,Deadline Closed dummy text Home Scholarships agaram-namadhupalli-fellowship-2025 About The Program T,INR,Fellowship,Partial,Not specified,Travel allowance included,Not specified,Free,30 June 2025,1 to 2 years,Multiple,"Marksheet, Academic certificates, ID proof, CV/Proposal where applicable",an applicant must:- have a Bachelor’s degree be willing to reside in the rural areas for 2 years (in the Jawadhu & Kalvarayan Hills) be ready to be a part of intensive training and workshops be driven towards personal growth and creating a social impact Benefits Selected candidates will receive:- St,"Merit assessment, academic record, and verification.",Agaram Namadhupalli Fellowship 2025 offered by Corporate CSR / Foundation / University.,Not specified,2026-09-16
SCH_0247,Kotak Life Insurance Scholarship Program 2025-2026,Corporate CSR / Foundation / University,Corporate / Foundation / Academic,Buddy4Study,https://www.buddy4study.com/scholarship/kotak-life-insurance-scholarship-program-2025-26,https://www.buddy4study.com/scholarship/kotak-life-insurance-scholarship-program-2025-26,India,India,Indian,Undergraduate,Full-time,All,Not specified,Not specified,Academic merit as per program guidelines,Good academic record,Not specified,Any,General,Equal Opportunity,Indian resident,Financial assistance / Grant,INR,Grant,Partial,Not specified,Not specified,Not specified,Free,Always Open,1 to 2 years,Multiple,"Marksheet, Academic certificates, ID proof, CV/Proposal where applicable",Refer to official scheme notification.,"Merit assessment, academic record, and verification.",Kotak Life Insurance Scholarship Program 2025-2026 offered by Corporate CSR / Foundation / University.,Not specified,2026-09-16
SCH_0248,"Ericsson Empowering Girl Scholarship Program 2025–26 [Win INR 75,000 per year]",Corporate CSR / Foundation / University,Corporate / Foundation / Academic,Buddy4Study,https://www.buddy4study.com/scholarship/ericsson-empowering-girl-scholarship-program-2025-26,https://www.buddy4study.com/scholarship/ericsson-empowering-girl-scholarship-program-2025-26,India,India,Indian,Undergraduate,Full-time,All,Not specified,Not specified,Academic merit as per program guidelines,Good academic record,Not specified,Female,General,Equal Opportunity,Indian resident,Financial assistance / Grant,INR,Grant,Partial,Not specified,Not specified,Not specified,Free,Always Open,1 to 2 years,Multiple,"Marksheet, Academic certificates, ID proof, CV/Proposal where applicable",Refer to official scheme notification.,"Merit assessment, academic record, and verification.","Ericsson Empowering Girl Scholarship Program 2025–26 [Win INR 75,000 per year] offered by Corporate CSR / Foundation / University.",Not specified,2026-09-16
SCH_0249,Schaeffler India Social Innovator Fellowship Program 2025 [Win fellowship grants worth INR 17.5 Lakh],Corporate CSR / Foundation / University,Corporate / Foundation / Academic,Buddy4Study,https://www.buddy4study.com/scholarship/schaeffler-india-social-innovator-fellowship-program-2025,https://www.buddy4study.com/scholarship/schaeffler-india-social-innovator-fellowship-program-2025,India,India,Indian,PhD,Full-time,All,Not specified,Not specified,Academic merit as per program guidelines,Good academic record,Not specified,Any,General,Equal Opportunity,Indian resident,Financial assistance / Grant,INR,Grant,Partial,Not specified,Not specified,Not specified,Free,Always Open,1 to 2 years,Multiple,"Marksheet, Academic certificates, ID proof, CV/Proposal where applicable",Refer to official scheme notification.,"Merit assessment, academic record, and verification.",Schaeffler India Social Innovator Fellowship Program 2025 [Win fellowship grants worth INR 17.5 Lakh] offered by Corporate CSR / Foundation / University.,Not specified,2026-09-16
SCH_0250,"JK Tyre Shiksha Sarthi Scholarship Program 2025-26 [Win up to INR 25,000]",Corporate CSR / Foundation / University,Corporate / Foundation / Academic,Buddy4Study,https://www.buddy4study.com/scholarship/jk-tyre-shiksha-sarthi-scholarship-program-2025-26,https://www.buddy4study.com/scholarship/jk-tyre-shiksha-sarthi-scholarship-program-2025-26,India,India,Indian,Undergraduate,Full-time,All,Not specified,Not specified,Academic merit as per program guidelines,Good academic record,Not specified,Any,General,Equal Opportunity,Indian resident,Financial assistance / Grant,INR,Grant,Partial,Not specified,Not specified,Not specified,Free,Always Open,1 to 2 years,Multiple,"Marksheet, Academic certificates, ID proof, CV/Proposal where applicable",Refer to official scheme notification.,"Merit assessment, academic record, and verification.","JK Tyre Shiksha Sarthi Scholarship Program 2025-26 [Win up to INR 25,000] offered by Corporate CSR / Foundation / University.",Not specified,2026-09-16
SCH_0251,"ZScholars Program for General Undergraduate Students 2025-26 [Win scholarship worth INR 20,000 for one year]",Corporate CSR / Foundation / University,Corporate / Foundation / Academic,Buddy4Study,https://www.buddy4study.com/scholarship/zs-scholarship-program-2025-26,https://www.buddy4study.com/scholarship/zs-scholarship-program-2025-26,India,India,Indian,Undergraduate,Full-time,All,Not specified,Not specified,Academic merit as per program guidelines,Good academic record,Not specified,Any,General,Equal Opportunity,Indian resident,Financial assistance / Grant,INR,Grant,Partial,Not specified,Not specified,Not specified,Free,Always Open,1 to 2 years,Multiple,"Marksheet, Academic certificates, ID proof, CV/Proposal where applicable",Refer to official scheme notification.,"Merit assessment, academic record, and verification.","ZScholars Program for General Undergraduate Students 2025-26 [Win scholarship worth INR 20,000 for one year] offered by Corporate CSR / Foundation / University.",Not specified,2026-09-16
SCH_0252,"ZScholars Program for Professional Undergraduate Courses 2025-26 [Win scholarship worth INR 50,000 for one year]",Corporate CSR / Foundation / University,Corporate / Foundation / Academic,Buddy4Study,https://www.buddy4study.com/scholarship/zs-scholarship-program-for-general-undergraduate-courses-2025-26,https://www.buddy4study.com/scholarship/zs-scholarship-program-for-general-undergraduate-courses-2025-26,India,India,Indian,Undergraduate,Full-time,All,Not specified,Not specified,Academic merit as per program guidelines,Good academic record,Not specified,Any,General,Equal Opportunity,Indian resident,Financial assistance / Grant,INR,Grant,Partial,Not specified,Not specified,Not specified,Free,Always Open,1 to 2 years,Multiple,"Marksheet, Academic certificates, ID proof, CV/Proposal where applicable",Refer to official scheme notification.,"Merit assessment, academic record, and verification.","ZScholars Program for Professional Undergraduate Courses 2025-26 [Win scholarship worth INR 50,000 for one year] offered by Corporate CSR / Foundation / University.",Not specified,2026-09-16
SCH_0253,"Tata AIA PARAS Scholarship Program 2025-26 [Receive scholarship of ₹15,000]",Corporate CSR / Foundation / University,Corporate / Foundation / Academic,Buddy4Study,https://www.buddy4study.com/scholarship/tata-aia-paras-scholarship-program-2025-26,https://www.buddy4study.com/scholarship/tata-aia-paras-scholarship-program-2025-26,India,India,Indian,Undergraduate,Full-time,All,Not specified,Not specified,Academic merit as per program guidelines,Good academic record,Not specified,Any,General,Equal Opportunity,Indian resident,Financial assistance / Grant,INR,Grant,Partial,Not specified,Not specified,Not specified,Free,Always Open,1 to 2 years,Multiple,"Marksheet, Academic certificates, ID proof, CV/Proposal where applicable",Refer to official scheme notification.,"Merit assessment, academic record, and verification.","Tata AIA PARAS Scholarship Program 2025-26 [Receive scholarship of ₹15,000] offered by Corporate CSR / Foundation / University.",Not specified,2026-09-16
SCH_0254,"Reliance Foundation Postgraduate Scholarships 2025-26 [Win up to INR 6,00,000]",Corporate CSR / Foundation / University,Corporate / Foundation / Academic,Buddy4Study,https://www.buddy4study.com/scholarship/reliance-foundation-postgraduate-scholarships-2025-26,https://www.buddy4study.com/scholarship/reliance-foundation-postgraduate-scholarships-2025-26,India,India,Indian,Postgraduate,Full-time,All,Not specified,Not specified,Academic merit as per program guidelines,Good academic record,Not specified,Any,General,Equal Opportunity,Indian resident,Financial assistance / Grant,INR,Grant,Partial,Not specified,Not specified,Not specified,Free,Always Open,1 to 2 years,Multiple,"Marksheet, Academic certificates, ID proof, CV/Proposal where applicable",Refer to official scheme notification.,"Merit assessment, academic record, and verification.","Reliance Foundation Postgraduate Scholarships 2025-26 [Win up to INR 6,00,000] offered by Corporate CSR / Foundation / University.",Not specified,2026-09-16
SCH_0255,"Reliance Foundation Undergraduate Scholarships 2025-26 [Win up to INR 2,00,000]",Corporate CSR / Foundation / University,Corporate / Foundation / Academic,Buddy4Study,https://www.buddy4study.com/scholarship/reliance-foundation-undergraduate-scholarships-2025-26,https://www.buddy4study.com/scholarship/reliance-foundation-undergraduate-scholarships-2025-26,India,India,Indian,Undergraduate,Full-time,All,Not specified,Not specified,Academic merit as per program guidelines,Good academic record,Not specified,Any,General,Equal Opportunity,Indian resident,Financial assistance / Grant,INR,Grant,Partial,Not specified,Not specified,Not specified,Free,Always Open,1 to 2 years,Multiple,"Marksheet, Academic certificates, ID proof, CV/Proposal where applicable",Refer to official scheme notification.,"Merit assessment, academic record, and verification.","Reliance Foundation Undergraduate Scholarships 2025-26 [Win up to INR 2,00,000] offered by Corporate CSR / Foundation / University.",Not specified,2026-09-16
SCH_0256,AAUW International Fellowship,American Association of University Women (AAUW),University,IEFA,https://www.aauw.org/resources/programs/fellowships-grants/current-opportunities/international/,https://www.aauw.org/resources/programs/fellowships-grants/current-opportunities/international/,USA,USA,Any (non-US citizens),PhD,Full-time,All,22.0,50.0,Bachelor degree completed,Not specified,Not specified,Female,General,Equal Opportunity,Not specified,"$18,000-$30,000",USD,Partial,Partial or Waiver,Not specified,Not specified,Not specified,Free,2026-11-15,1 to 4 years,Varies by cohort,"Transcripts, References, Proposal, English proficiency",Bachelor degree completed; Any (non-US citizens) candidates; PhD level.,"Academic merit, financial background, and eligibility evaluation.",For women pursuing full-time study in the USA at the graduate level.,Not specified,2026-09-16
SCH_0257,Rotary Foundation Global Grant Scholarship,Rotary Foundation,Foundation / Corporate,IEFA,https://www.rotary.org/en/our-programs/scholarships,https://www.rotary.org/en/our-programs/scholarships,USA,Any Rotary district,Any,Postgraduate,Full-time,Peace/Disease Prevention/Water/Economic Dev/Agriculture/Education,22.0,40.0,Bachelor plus work experience,Not specified,Not specified,Any,General,Equal Opportunity,Not specified,"Min. $30,000 USD",USD,Full,Full,Included,Not specified,Not specified,Free,2027-05-31,1 to 4 years,Varies by cohort,"Transcripts, Rotary sponsor letter, References, Language proof",Bachelor plus work experience; Any candidates; Postgraduate level.,"Academic merit, financial background, and eligibility evaluation.",Supports graduate-level study in Rotary six areas of focus.,Not specified,2026-09-16
SCH_0258,Inlaks Shivdasani Scholarships,Inlaks Foundation,Foundation / Corporate,IEFA,https://www.inlaksfoundation.org/scholarships/,https://www.inlaksfoundation.org/scholarships/,India,USA,Indian,Postgraduate,Full-time,All (excluding MBA),22.0,30.0,Very good undergraduate record,Not specified,Not specified,Any,General,Equal Opportunity,Not specified,"Up to $100,000",INR,Full,Full,Included,Not specified,Not specified,Free,2026-02-28,1 to 4 years,Varies by cohort,"Transcripts, References, Statement of purpose, Research plan",Very good undergraduate record; Indian candidates; Postgraduate level.,"Academic merit, financial background, and eligibility evaluation.",Prestigious scholarship for young Indians of exceptional ability to study at top global universities.,Not specified,2026-09-16
SCH_0259,New Zealand International Scholarships (NZIS),New Zealand Ministry of Foreign Affairs and Trade,Government,IEFA,https://www.mfat.govt.nz/en/aid-and-development/new-zealand-scholarships/,https://www.mfat.govt.nz/en/aid-and-development/new-zealand-scholarships/,New Zealand,New Zealand,Developing country nationals including India,Postgraduate,Full-time,Development-related subjects,18.0,40.0,Good undergraduate degree,Not specified,Not specified,Any,General,Equal Opportunity,Not specified,Full tuition plus living allowance plus flights plus insurance,USD,Full,Full,Included,Not specified,Not specified,Free,2026-03-28,1 to 4 years,Varies by cohort,"Transcripts, English proficiency, CV, References, Motivation letter",Good undergraduate degree; Developing country nationals including India candidates; Postgraduate level.,"Academic merit, financial background, and eligibility evaluation.",New Zealand government scholarship for students from developing countries.,Not specified,2026-09-16
SCH_0260,Hubert Humphrey Fellowship Program,U.S. Department of State / Bureau of Educational and Cultural Affairs,Foundation / Corporate,IEFA,https://www.humphreyfellowship.org/,https://www.humphreyfellowship.org/,USA,USA,Developing country professionals including India,Postgraduate,Full-time,Public Policy/Economics/Education/Law/Journalism/Public Health,25.0,45.0,Bachelor plus 5 years professional experience,Not specified,Not specified,Any,General,Equal Opportunity,Not specified,Full program cost plus living plus travel,USD,Full,Full,Included,Not specified,Not specified,Free,2026-09-01,1 to 4 years,Varies by cohort,"CV, Essays, References, Degree certificate, English proficiency",Bachelor plus 5 years professional experience; Developing country professionals including India candidates; Postgraduate level.,"Academic merit, financial background, and eligibility evaluation.",10-month professional development program in USA for mid-career professionals.,Not specified,2026-09-16
SCH_0261,Joint Japan World Bank Graduate Scholarship Program,World Bank / Government of Japan,Foundation / Corporate,IEFA,https://www.worldbank.org/en/programs/scholarships,https://www.worldbank.org/en/programs/scholarships,USA,USA,Developing country nationals including India,Postgraduate,Full-time,Development-related: Economics/Public Policy/Social Sciences,25.0,45.0,Bachelor plus 3 years development work experience,Not specified,Not specified,Any,General,Equal Opportunity,Not specified,Full tuition plus living allowance plus flights,USD,Full,Full,Included,Not specified,Not specified,Free,2026-04-30,1 to 4 years,Varies by cohort,"Transcripts, Work experience proof, References, Essays, Admission letter",Bachelor plus 3 years development work experience; Developing country nationals including India candidates; Postgraduate level.,"Academic merit, financial background, and eligibility evaluation.",Supports experienced development professionals from developing countries to pursue masters degrees.,Not specified,2026-09-16
SCH_0262,East-West Center Scholarships,East-West Center,Foundation / Corporate,IEFA,https://www.eastwestcenter.org/education/student-financial-support,https://www.eastwestcenter.org/education/student-financial-support,USA,USA,Asia-Pacific region including India,PhD,Full-time,Policy/Environmental/Cultural studies related to Asia-Pacific,22.0,45.0,Strong academic record,Not specified,Not specified,Any,General,Equal Opportunity,Not specified,Partial to full funding (varies),USD,Partial,Partial or Waiver,Not specified,Not specified,Not specified,Free,2026-11-01,1 to 4 years,Varies by cohort,"Transcripts, Statement of purpose, References, Admission to UH Manoa",Strong academic record; Asia-Pacific region including India candidates; PhD level.,"Academic merit, financial background, and eligibility evaluation.",Financial support for graduate students from Asia-Pacific studying at University of Hawaii.,Not specified,2026-09-16
SCH_0263,Aga Khan Foundation International Scholarship,Aga Khan Foundation,Foundation / Corporate,IEFA,https://www.akdn.org/our-agencies/aga-khan-foundation/international-scholarship-programme,https://www.akdn.org/our-agencies/aga-khan-foundation/international-scholarship-programme,Multiple,Any (top global universities),Developing country nationals (select countries),Postgraduate,Full-time,All,22.0,30.0,Exceptional academic record,Not specified,400000.0,Any,General,Equal Opportunity,Not specified,50% grant plus 50% loan (full cost),USD,Full,Full,Included,Not specified,Not specified,Free,2026-03-31,1 to 4 years,Varies by cohort,"Transcripts, Financial assessment, References, Statement of purpose",Exceptional academic record; Developing country nationals (select countries) candidates; Postgraduate level.,"Academic merit, financial background, and eligibility evaluation.",Competitive scholarship for meritorious students from developing countries for postgraduate study.,Not specified,2026-09-16
SCH_0264,Soros Fellowships for New Americans,Paul and Daisy Soros Foundations,Foundation / Corporate,IEFA,https://www.pdsoros.org/,https://www.pdsoros.org/,USA,USA,Immigrants or children of immigrants in USA,Postgraduate,Full-time,All,20.0,30.0,Strong academic record,Not specified,Not specified,Any,General,Equal Opportunity,Not specified,"$90,000 (tuition plus living over 2 years)",USD,Partial,Partial or Waiver,Not specified,Not specified,Not specified,Free,2026-11-01,1 to 4 years,Varies by cohort,"Transcripts, Essays, References, Immigration status proof",Strong academic record; Immigrants or children of immigrants in USA candidates; Postgraduate level.,"Academic merit, financial background, and eligibility evaluation.",For outstanding immigrants and their children pursuing graduate education in the USA.,Yes,2026-09-16
SCH_0265,MPOWER Monthly Scholarship,MPOWER Financing,Organization / Foundation,IEFA,https://www.iefa.org/scholarships/3596/MPOWER_Monthly_Scholarship,https://www.iefa.org/scholarships/3596/MPOWER_Monthly_Scholarship,Canada,USA,Unrestricted,Any,Full-time,Unrestricted,Not specified,Not specified,Enrolled or accepted in eligible accredited institution,Good academic standing,Not specified,Any,General,Equal Opportunity,International student or foreign national,Varies by award,USD,Partial,Partial,Not specified,Not specified,Not specified,Free,Varies (See official site),Annual / Semester award,Multiple,"Academic transcript, Proof of enrollment, Recommendation letter, Essay",Nationalities: Unrestricted; Host country: Canada and United States; Fields: Unrestricted.,"Merit, essay response, and academic verification.","We’re thrilled to announce our Summer Series of Scholarships! MPOWER will be awarding $8,000 USD this summer to support...",Not specified,2026-09-16
SCH_0266,MPOWER Women in STEM Scholarship,MPOWER Financing,Organization / Foundation,IEFA,https://www.iefa.org/scholarships/3589/MPOWER_Women_in_STEM_Scholarship,https://www.iefa.org/scholarships/3589/MPOWER_Women_in_STEM_Scholarship,Canada,USA,Unrestricted,Any,Full-time,"Biology/Life Sciences, Computer & Information Systems, Engineering...",Not specified,Not specified,Enrolled or accepted in eligible accredited institution,Good academic standing,Not specified,Female,General,Equal Opportunity,International student or foreign national,Varies by award,USD,Partial,Partial,Not specified,Not specified,Not specified,Free,Varies (See official site),Annual / Semester award,Multiple,"Academic transcript, Proof of enrollment, Recommendation letter, Essay","Nationalities: Unrestricted; Host country: Canada and United States; Fields: Biology/Life Sciences, Computer & Information Systems, Engineering....","Merit, essay response, and academic verification.",Scholarships awarded annually to female international/DACA students who are currently enrolled or accepted to study full-time in a STEM degree...,Not specified,2026-09-16
SCH_0267,New International Scholarship Opportunities Monthly,International Organization / Foundation,Organization / Foundation,IEFA,https://www.iefa.org/scholarships/3676/New_International_Scholarship_Opportunities_Monthly,https://www.iefa.org/scholarships/3676/New_International_Scholarship_Opportunities_Monthly,Canada,USA,Unrestricted,Any,Full-time,Unrestricted,Not specified,Not specified,Enrolled or accepted in eligible accredited institution,Good academic standing,Not specified,Any,General,Equal Opportunity,International student or foreign national,Varies by award,USD,Partial,Partial,Not specified,Not specified,Not specified,Free,Varies (See official site),Annual / Semester award,Multiple,"Academic transcript, Proof of enrollment, Recommendation letter, Essay",Nationalities: Unrestricted; Host country: Canada and United States; Fields: Unrestricted.,"Merit, essay response, and academic verification.","Monthly Scholarships for International Students MPOWER is awarding US $48,000 this year to help 36 international students fund their education dreams. How...",Not specified,2026-09-16
SCH_0268,Chasing Dreams Scholarship,"China, with awards up",Organization / Foundation,IEFA,https://www.iefa.org/scholarships/3688/Chasing_Dreams_Scholarship,https://www.iefa.org/scholarships/3688/Chasing_Dreams_Scholarship,Canada,USA,China,Postgraduate,Full-time,Unrestricted,Not specified,Not specified,Enrolled or accepted in eligible accredited institution,Good academic standing,Not specified,Any,General,Equal Opportunity,International student or foreign national,Varies by award,USD,Partial,Partial,Not specified,Not specified,Not specified,Free,Varies (See official site),Annual / Semester award,Multiple,"Academic transcript, Proof of enrollment, Recommendation letter, Essay",Nationalities: China; Host country: Canada and United States; Fields: Unrestricted.,"Merit, essay response, and academic verification.","MPOWER Financing's Chasing Dreams Scholarship celebrates promising international graduate students from China, with awards up to US$5,000. This scholarship is...",Not specified,2026-09-16
SCH_0269,Canadian Journalism Scholarship,International Organization / Foundation,Organization / Foundation,IEFA,https://www.iefa.org/scholarships/3559/Canadian_Journalism_Scholarship_,https://www.iefa.org/scholarships/3559/Canadian_Journalism_Scholarship_,Canada,Canada,Unrestricted,Any,Full-time,Unrestricted,Not specified,Not specified,Enrolled or accepted in eligible accredited institution,Good academic standing,Not specified,Any,General,Equal Opportunity,International student or foreign national,Varies by award,CAD,Partial,Partial,Not specified,Not specified,Not specified,Free,Varies (See official site),Annual / Semester award,Multiple,"Academic transcript, Proof of enrollment, Recommendation letter, Essay",Nationalities: Unrestricted; Host country: Canada; Fields: Unrestricted.,"Merit, essay response, and academic verification.",The scholarship aims to encourage and support all students in Canada with journalism skills by helping them with the costs...,Not specified,2026-09-16
SCH_0270,Six Scholarship for exclusive Space Executive Master Programmes,International Organization / Foundation,Organization / Foundation,IEFA,https://www.iefa.org/scholarships/3702/_Six_Scholarship_for_exclusive_Space_Executive_Master_Programmes_,https://www.iefa.org/scholarships/3702/_Six_Scholarship_for_exclusive_Space_Executive_Master_Programmes_,Netherlands,Netherlands,Unrestricted,Any,Full-time,Business/Management and Science,Not specified,Not specified,Enrolled or accepted in eligible accredited institution,Good academic standing,Not specified,Any,General,Equal Opportunity,International student or foreign national,Varies by award,USD,Partial,Partial,Not specified,Not specified,Not specified,Free,Varies (See official site),Annual / Semester award,Multiple,"Academic transcript, Proof of enrollment, Recommendation letter, Essay",Nationalities: Unrestricted; Host country: Netherlands; Fields: Business/Management and Science.,"Merit, essay response, and academic verification.","Luiss Business School in Amsterdam, one of the most exclusive business schools in the world, located in the heart of...",Not specified,2026-09-16
SCH_0271,MPOWER MBA Scholarship,MPOWER Financing,Organization / Foundation,IEFA,https://www.iefa.org/scholarships/3726/MPOWER_MBA_Scholarship,https://www.iefa.org/scholarships/3726/MPOWER_MBA_Scholarship,Canada,USA,Unrestricted,Any,Full-time,Unrestricted,Not specified,Not specified,Enrolled or accepted in eligible accredited institution,Good academic standing,Not specified,Any,General,Equal Opportunity,International student or foreign national,Varies by award,USD,Partial,Partial,Not specified,Not specified,Not specified,Free,Varies (See official site),Annual / Semester award,Multiple,"Academic transcript, Proof of enrollment, Recommendation letter, Essay",Nationalities: Unrestricted; Host country: Canada and United States; Fields: Unrestricted.,"Merit, essay response, and academic verification.","We’re thrilled to announce our new MBA scholarship! MPOWER will be awarding up to US$10,000 to support international students. You...",Not specified,2026-09-16
SCH_0272,Study a Bachelor’s in the USA Scholarship,International Organization / Foundation,Organization / Foundation,IEFA,https://www.iefa.org/scholarships/3623/Study_a_Bachelor’s_in_the_USA_Scholarship,https://www.iefa.org/scholarships/3623/Study_a_Bachelor’s_in_the_USA_Scholarship,USA,USA,Unrestricted,Postgraduate,Full-time,Unrestricted,Not specified,Not specified,Enrolled or accepted in eligible accredited institution,Good academic standing,Not specified,Any,General,Equal Opportunity,International student or foreign national,Varies by award,USD,Partial,Partial,Not specified,Not specified,Not specified,Free,Varies (See official site),Annual / Semester award,Multiple,"Academic transcript, Proof of enrollment, Recommendation letter, Essay",Nationalities: Unrestricted; Host country: United States; Fields: Unrestricted.,"Merit, essay response, and academic verification.","educations.com is offering one undergraduate scholarship of up to $5,000 to help cover your tuition fees and get you one...",Not specified,2026-09-16
SCH_0273,The Admit PhD Prep Fellowship,The Admit,Organization / Foundation,IEFA,https://www.iefa.org/scholarships/3744/The_Admit_PhD_Prep_Fellowship,https://www.iefa.org/scholarships/3744/The_Admit_PhD_Prep_Fellowship,International,International,Unrestricted,Postgraduate,Full-time,Unrestricted,Not specified,Not specified,Enrolled or accepted in eligible accredited institution,Good academic standing,Not specified,Any,General,Equal Opportunity,International student or foreign national,Varies by award,USD,Partial,Partial,Not specified,Not specified,Not specified,Free,Varies (See official site),Annual / Semester award,Multiple,"Academic transcript, Proof of enrollment, Recommendation letter, Essay",Nationalities: Unrestricted; Host country: Unrestricted; Fields: Unrestricted.,"Merit, essay response, and academic verification.","Empowering Future Scholars: Apply for $10,000 in PhD Application Support The PhD Prep Fellowship is a unique initiative by The Admit...",Not specified,2026-09-16
SCH_0275,Delete Cyberbullying Social Media Scholarship,International Organization / Foundation,Organization / Foundation,IEFA,https://www.iefa.org/scholarships/3740/Delete_Cyberbullying_Social_Media_Scholarship,https://www.iefa.org/scholarships/3740/Delete_Cyberbullying_Social_Media_Scholarship,International,International,United States,Any,Full-time,Unrestricted,Not specified,Not specified,Enrolled or accepted in eligible accredited institution,Good academic standing,Not specified,Any,General,Equal Opportunity,International student or foreign national,Varies by award,USD,Partial,Partial,Not specified,Not specified,Not specified,Free,Varies (See official site),Annual / Semester award,Multiple,"Academic transcript, Proof of enrollment, Recommendation letter, Essay",Nationalities: United States; Host country: Unrestricted; Fields: Unrestricted.,"Merit, essay response, and academic verification.","To get students committed to the cause of deleting cyberbullying, we offer the $1,000 Delete Cyberbullying Social Media Scholarship for...",Not specified,2026-09-16
SCH_0276,PlagiarismSearch.com Essay Contest,International Organization / Foundation,Organization / Foundation,IEFA,https://www.iefa.org/scholarships/3714/PlagiarismSearch.com_Essay_Contest,https://www.iefa.org/scholarships/3714/PlagiarismSearch.com_Essay_Contest,International,International,Unrestricted,Any,Full-time,Unrestricted,Not specified,Not specified,Enrolled or accepted in eligible accredited institution,Good academic standing,Not specified,Any,General,Equal Opportunity,International student or foreign national,Varies by award,USD,Partial,Partial,Not specified,Not specified,Not specified,Free,Varies (See official site),Annual / Semester award,Multiple,"Academic transcript, Proof of enrollment, Recommendation letter, Essay",Nationalities: Unrestricted; Host country: Unrestricted; Fields: Unrestricted.,"Merit, essay response, and academic verification.","The scholarship PlagiarismSearch.com, offers students to showcase their writing skills by participating in a competition and getting a chance to...",Not specified,2026-09-16
SCH_0277,Essay Writing Contest from EduLegit,International Organization / Foundation,Organization / Foundation,IEFA,https://www.iefa.org/scholarships/3741/Essay_Writing_Contest_from_EduLegit,https://www.iefa.org/scholarships/3741/Essay_Writing_Contest_from_EduLegit,International,International,Unrestricted,Any,Full-time,Unrestricted,Not specified,Not specified,Enrolled or accepted in eligible accredited institution,Good academic standing,Not specified,Any,General,Equal Opportunity,International student or foreign national,Varies by award,USD,Partial,Partial,Not specified,Not specified,Not specified,Free,Varies (See official site),Annual / Semester award,Multiple,"Academic transcript, Proof of enrollment, Recommendation letter, Essay",Nationalities: Unrestricted; Host country: Unrestricted; Fields: Unrestricted.,"Merit, essay response, and academic verification.",The EduLegit Essay Writing Contest invites students to demonstrate their writing talents in an exciting competition with a grand prize...,Not specified,2026-09-16
SCH_0278,"ZUKOnnect Fellowships for early career researchers from Africa, Asia and Latin A","Africa, Asia",Organization / Foundation,IEFA,"https://www.iefa.org/scholarships/3739/ZUKOnnect_Fellowships_for_early_career_researchers_from_Africa,_Asia_and_Latin_A","https://www.iefa.org/scholarships/3739/ZUKOnnect_Fellowships_for_early_career_researchers_from_Africa,_Asia_and_Latin_A",International,International,Unrestricted,Any,Full-time,Unrestricted,Not specified,Not specified,Enrolled or accepted in eligible accredited institution,Good academic standing,Not specified,Any,General,Equal Opportunity,International student or foreign national,Varies by award,USD,Partial,Partial,Not specified,Not specified,Not specified,Free,Varies (See official site),Annual / Semester award,Multiple,"Academic transcript, Proof of enrollment, Recommendation letter, Essay",Nationalities: Unrestricted; Host country: Unrestricted; Fields: Unrestricted.,"Merit, essay response, and academic verification.","The Zukunftskolleg Konnect Fellowships support early career researchers from Africa, Asia and Latin America, who do research that fits to...",Not specified,2026-09-16
SCH_0279,Impact & Innovation Scholarship Fund,International Organization / Foundation,Organization / Foundation,IEFA,https://www.iefa.org/scholarships/3738/Impact_&_Innovation_Scholarship_Fund,https://www.iefa.org/scholarships/3738/Impact_&_Innovation_Scholarship_Fund,International,International,Unrestricted,Any,Full-time,Business/Management,Not specified,Not specified,Enrolled or accepted in eligible accredited institution,Good academic standing,Not specified,Any,General,Equal Opportunity,International student or foreign national,Varies by award,USD,Partial,Partial,Not specified,Not specified,Not specified,Free,Varies (See official site),Annual / Semester award,Multiple,"Academic transcript, Proof of enrollment, Recommendation letter, Essay",Nationalities: Unrestricted; Host country: Unrestricted; Fields: Business/Management.,"Merit, essay response, and academic verification.","The GCAS MBA Impact & Innovation Scholarship is an award designed to support bold thinkers from diverse fields—including technology, science,...",Not specified,2026-09-16
SCH_0280,Undergraduate programs taught in English,International Organization / Foundation,Organization / Foundation,IEFA,https://www.iefa.org/scholarships/3734/Undergraduate_programs_taught_in_English,https://www.iefa.org/scholarships/3734/Undergraduate_programs_taught_in_English,Vietnam,Vietnam,Unrestricted,Any,Full-time,"Biology/Life Sciences, Business/Management, Computer & Information Systems...",Not specified,Not specified,Enrolled or accepted in eligible accredited institution,Good academic standing,Not specified,Any,General,Equal Opportunity,International student or foreign national,Varies by award,USD,Partial,Partial,Not specified,Not specified,Not specified,Free,Varies (See official site),Annual / Semester award,Multiple,"Academic transcript, Proof of enrollment, Recommendation letter, Essay","Nationalities: Unrestricted; Host country: Vietnam; Fields: Biology/Life Sciences, Business/Management, Computer & Information Systems....","Merit, essay response, and academic verification.","15 scholarships of 100% tuition fee, 15 scholarship of 75% tuition fee and 10 scholarships of 50% tuition fee for...",Not specified,2026-09-16
SCH_0281,Undergraduate programs taught in Vietnamese,International Organization / Foundation,Organization / Foundation,IEFA,https://www.iefa.org/scholarships/3736/Undergraduate_programs_taught_in_Vietnamese,https://www.iefa.org/scholarships/3736/Undergraduate_programs_taught_in_Vietnamese,Vietnam,Vietnam,Unrestricted,Any,Full-time,"Architecture & Design, Biology/Life Sciences, Business/Management...",Not specified,Not specified,Enrolled or accepted in eligible accredited institution,Good academic standing,Not specified,Any,General,Equal Opportunity,International student or foreign national,Varies by award,USD,Partial,Partial,Not specified,Not specified,Not specified,Free,Varies (See official site),Annual / Semester award,Multiple,"Academic transcript, Proof of enrollment, Recommendation letter, Essay","Nationalities: Unrestricted; Host country: Vietnam; Fields: Architecture & Design, Biology/Life Sciences, Business/Management....","Merit, essay response, and academic verification.","For the Academic Year 2024-2025, TDTU offers • 40 scholarships of 100% tuition fee, 30 scholarships of 75% tuition fee and 20...",Not specified,2026-09-16
SCH_0282,Act of Kindness Scholarship,International Organization / Foundation,Organization / Foundation,IEFA,https://www.iefa.org/scholarships/3737/Act_of_Kindness_Scholarship,https://www.iefa.org/scholarships/3737/Act_of_Kindness_Scholarship,International,International,United States,Any,Full-time,Unrestricted,Not specified,Not specified,Enrolled or accepted in eligible accredited institution,Good academic standing,Not specified,Any,General,Equal Opportunity,International student or foreign national,Varies by award,USD,Partial,Partial,Not specified,Not specified,Not specified,Free,Varies (See official site),Annual / Semester award,Multiple,"Academic transcript, Proof of enrollment, Recommendation letter, Essay",Nationalities: United States; Host country: Unrestricted; Fields: Unrestricted.,"Merit, essay response, and academic verification.",The Act of Kindness Scholarship supports students who are committed to helping others in their schools or communities. Each year...,Not specified,2026-09-16
SCH_0283,Rule of Law Scholarship,International Organization / Foundation,Organization / Foundation,IEFA,https://www.iefa.org/scholarships/3659/Rule_of_Law_Scholarship,https://www.iefa.org/scholarships/3659/Rule_of_Law_Scholarship,International,International,Unrestricted,Any,Full-time,Unrestricted,Not specified,Not specified,Enrolled or accepted in eligible accredited institution,Good academic standing,Not specified,Any,General,Equal Opportunity,International student or foreign national,Varies by award,USD,Partial,Partial,Not specified,Not specified,Not specified,Free,Varies (See official site),Annual / Semester award,Multiple,"Academic transcript, Proof of enrollment, Recommendation letter, Essay",Nationalities: Unrestricted; Host country: Unrestricted; Fields: Unrestricted.,"Merit, essay response, and academic verification.",Loyola University Chicago's Rule of Law for Development Program is your gateway to addressing critical development challenges and emerging as...,Not specified,2026-09-16
SCH_0284,Paul D. Coverdell Fellowship,International Organization / Foundation,Organization / Foundation,IEFA,https://www.iefa.org/scholarships/3660/Paul_D._Coverdell_Fellowship,https://www.iefa.org/scholarships/3660/Paul_D._Coverdell_Fellowship,International,International,Unrestricted,Any,Full-time,Unrestricted,Not specified,Not specified,Enrolled or accepted in eligible accredited institution,Good academic standing,Not specified,Any,General,Equal Opportunity,International student or foreign national,Varies by award,USD,Partial,Partial,Not specified,Not specified,Not specified,Free,Varies (See official site),Annual / Semester award,Multiple,"Academic transcript, Proof of enrollment, Recommendation letter, Essay",Nationalities: Unrestricted; Host country: Unrestricted; Fields: Unrestricted.,"Merit, essay response, and academic verification.",Loyola University Chicago's Rule of Law for Development Program is your gateway to addressing critical development challenges and emerging as...,Not specified,2026-09-16
SCH_0285,College JumpStart Love of Learning Scholarship,International Organization / Foundation,Organization / Foundation,IEFA,https://www.iefa.org/scholarships/3735/College_JumpStart_Love_of_Learning_Scholarship,https://www.iefa.org/scholarships/3735/College_JumpStart_Love_of_Learning_Scholarship,International,International,United States,Any,Full-time,Unrestricted,Not specified,Not specified,Enrolled or accepted in eligible accredited institution,Good academic standing,Not specified,Any,General,Equal Opportunity,International student or foreign national,Varies by award,USD,Partial,Partial,Not specified,Not specified,Not specified,Free,Varies (See official site),Annual / Semester award,Multiple,"Academic transcript, Proof of enrollment, Recommendation letter, Essay",Nationalities: United States; Host country: Unrestricted; Fields: Unrestricted.,"Merit, essay response, and academic verification.","The College JumpStart Love of Learning Scholarship is an annual, merit-based competition -- financial need is not considered -- that...",Not specified,2026-09-16
SCH_0286,DashTickets Foundation Undergraduate Merit Awards A.Y. 2024-25,International Organization / Foundation,Organization / Foundation,IEFA,https://www.iefa.org/scholarships/3732/DashTickets_Foundation_Undergraduate_Merit_Awards_A.Y._2024-25,https://www.iefa.org/scholarships/3732/DashTickets_Foundation_Undergraduate_Merit_Awards_A.Y._2024-25,"Albania, Algeria, Andorra...","Albania, Algeria, Andorra...",Unrestricted,Postgraduate,Full-time,Unrestricted,Not specified,Not specified,Enrolled or accepted in eligible accredited institution,Good academic standing,Not specified,Any,General,Equal Opportunity,International student or foreign national,Varies by award,USD,Partial,Partial,Not specified,Not specified,Not specified,Free,Varies (See official site),Annual / Semester award,Multiple,"Academic transcript, Proof of enrollment, Recommendation letter, Essay","Nationalities: Unrestricted; Host country: Albania, Algeria, Andorra...; Fields: Unrestricted.","Merit, essay response, and academic verification.",The DashTickets merit awards are a competitive awards to partially or fully cover the educational expenses for an undergraduate student....,Not specified,2026-09-16
SCH_0287,Rotary Peace Fellowships,Rotary International,Organization / Foundation,IEFA,https://www.iefa.org/scholarships/3573/Rotary_Peace_Fellowships_,https://www.iefa.org/scholarships/3573/Rotary_Peace_Fellowships_,Australia,Australia,Unrestricted,Any,Full-time,Other and Sustainable Development,Not specified,Not specified,Enrolled or accepted in eligible accredited institution,Good academic standing,Not specified,Any,General,Equal Opportunity,International student or foreign national,Varies by award,USD,Partial,Partial,Not specified,Not specified,Not specified,Free,Varies (See official site),Annual / Semester award,Multiple,"Academic transcript, Proof of enrollment, Recommendation letter, Essay","Nationalities: Unrestricted; Host country: Australia, Japan, Sweden...; Fields: Other and Sustainable Development.","Merit, essay response, and academic verification.","The fully funded Rotary Peace Fellowship, which covers tuition and living expenses, increases the capacity of existing leaders to prevent...",Not specified,2026-09-16
SCH_0288,Delete Cyberbullying Beyond School Walls Scholarship,International Organization / Foundation,Organization / Foundation,IEFA,https://www.iefa.org/scholarships/3731/Delete_Cyberbullying_Beyond_School_Walls_Scholarship,https://www.iefa.org/scholarships/3731/Delete_Cyberbullying_Beyond_School_Walls_Scholarship,USA,USA,Canada and United States,Any,Full-time,Unrestricted,Not specified,Not specified,Enrolled or accepted in eligible accredited institution,Good academic standing,Not specified,Any,General,Equal Opportunity,International student or foreign national,Varies by award,USD,Partial,Partial,Not specified,Not specified,Not specified,Free,Varies (See official site),Annual / Semester award,Multiple,"Academic transcript, Proof of enrollment, Recommendation letter, Essay",Nationalities: Canada and United States; Host country: United States; Fields: Unrestricted.,"Merit, essay response, and academic verification.","In an effort to get students committed to the cause of deleting cyberbullying, we are offering the Delete Cyberbullying Beyond...",Not specified,2026-09-16
SCH_0289,Anonymous Hope Fund Scholarship for Aspiring African Students,International Organization / Foundation,Organization / Foundation,IEFA,https://www.iefa.org/scholarships/3729/Anonymous_Hope_Fund_Scholarship_for_Aspiring_African_Students,https://www.iefa.org/scholarships/3729/Anonymous_Hope_Fund_Scholarship_for_Aspiring_African_Students,International,International,"Angola, Gabon, Ghana...",Any,Full-time,Unrestricted,Not specified,Not specified,Enrolled or accepted in eligible accredited institution,Good academic standing,Not specified,Any,General,Equal Opportunity,International student or foreign national,Varies by award,USD,Partial,Partial,Not specified,Not specified,Not specified,Free,Varies (See official site),Annual / Semester award,Multiple,"Academic transcript, Proof of enrollment, Recommendation letter, Essay","Nationalities: Angola, Gabon, Ghana...; Host country: Unrestricted; Fields: Unrestricted.","Merit, essay response, and academic verification.","The Anonymous Hope Fund (AHF) is proud to offer its Scholarship for Aspiring African Students, aimed at supporting talented students...",Not specified,2026-09-16
SCH_0290,Aaliyah Lee Scholarship,International Organization / Foundation,Organization / Foundation,IEFA,https://www.iefa.org/scholarships/3730/Aaliyah_Lee_Scholarship,https://www.iefa.org/scholarships/3730/Aaliyah_Lee_Scholarship,International,International,Canada and United States,Any,Full-time,Unrestricted,Not specified,Not specified,Enrolled or accepted in eligible accredited institution,Good academic standing,Not specified,Any,General,Equal Opportunity,International student or foreign national,Varies by award,USD,Partial,Partial,Not specified,Not specified,Not specified,Free,Varies (See official site),Annual / Semester award,Multiple,"Academic transcript, Proof of enrollment, Recommendation letter, Essay",Nationalities: Canada and United States; Host country: Unrestricted; Fields: Unrestricted.,"Merit, essay response, and academic verification.",This scholarship honors the memory of Aaliyah Lee who committed herself to the educational opportunities of her children. Each year...,Not specified,2026-09-16
SCH_0291,Master Scholarships in Fashion Food and Business,International Organization / Foundation,Organization / Foundation,IEFA,https://www.iefa.org/scholarships/3720/Master_Scholarships_in_Fashion_Food_and_Business,https://www.iefa.org/scholarships/3720/Master_Scholarships_in_Fashion_Food_and_Business,Netherlands,Netherlands,"Austria, Belgium, Bulgaria...",Any,Full-time,"Business/Management, Communications, Fashion...",Not specified,Not specified,Enrolled or accepted in eligible accredited institution,Good academic standing,Not specified,Any,General,Equal Opportunity,International student or foreign national,Varies by award,USD,Partial,Partial,Not specified,Not specified,Not specified,Free,Varies (See official site),Annual / Semester award,Multiple,"Academic transcript, Proof of enrollment, Recommendation letter, Essay","Nationalities: Austria, Belgium, Bulgaria...; Host country: Netherlands; Fields: Business/Management, Communications, Fashion....","Merit, essay response, and academic verification.","Luiss Business School in Amsterdam offers 8 scholarships - 2 for each course - covering 50% of the tuition fees,...",Not specified,2026-09-16
SCH_0292,Andrew W. Mellon Foundation Turning the Tide Masters Scholarship,"Stellenbosch University, which offers a range of",Organization / Foundation,IEFA,https://www.iefa.org/scholarships/3727/Andrew_W._Mellon_Foundation_Turning_the_Tide_Masters_Scholarship,https://www.iefa.org/scholarships/3727/Andrew_W._Mellon_Foundation_Turning_the_Tide_Masters_Scholarship,International,International,Unrestricted,Any,Full-time,Unrestricted,Not specified,Not specified,Enrolled or accepted in eligible accredited institution,Good academic standing,Not specified,Any,General,Equal Opportunity,International student or foreign national,Varies by award,USD,Partial,Partial,Not specified,Not specified,Not specified,Free,Varies (See official site),Annual / Semester award,Multiple,"Academic transcript, Proof of enrollment, Recommendation letter, Essay",Nationalities: Unrestricted; Host country: Unrestricted; Fields: Unrestricted.,"Merit, essay response, and academic verification.","The Faculty of Arts and Social Sciences is one of ten faculties at Stellenbosch University, which offers a range of...",Not specified,2026-09-16
SCH_0293,TDTU Scholarship for International Students in the 2024-2025 Academic Year,International Organization / Foundation,Organization / Foundation,IEFA,https://www.iefa.org/scholarships/3725/TDTU_Scholarship_for_International_Students_in_the_2024-2025_Academic_Year,https://www.iefa.org/scholarships/3725/TDTU_Scholarship_for_International_Students_in_the_2024-2025_Academic_Year,International,International,Unrestricted,Any,Full-time,Unrestricted,Not specified,Not specified,Enrolled or accepted in eligible accredited institution,Good academic standing,Not specified,Any,General,Equal Opportunity,International student or foreign national,Varies by award,USD,Partial,Partial,Not specified,Not specified,Not specified,Free,Varies (See official site),Annual / Semester award,Multiple,"Academic transcript, Proof of enrollment, Recommendation letter, Essay",Nationalities: Unrestricted; Host country: Unrestricted; Fields: Unrestricted.,"Merit, essay response, and academic verification.","Ton Duc Thang University founded in 1997, describes itself as a young, aspiring and dynamically growing higher education institution in...",Not specified,2026-09-16
SCH_0294,Marie Sklodowska-Curie Postdoctoral Fellowship,"Department of Infectious, Tropical Diseases",Organization / Foundation,IEFA,https://www.iefa.org/scholarships/3722/Marie_Sklodowska-Curie_Postdoctoral_Fellowship,https://www.iefa.org/scholarships/3722/Marie_Sklodowska-Curie_Postdoctoral_Fellowship,Italy,Italy,Unrestricted,Any,Full-time,"Health Professions, Other and Medicine",Not specified,Not specified,Enrolled or accepted in eligible accredited institution,Good academic standing,Not specified,Any,General,Equal Opportunity,International student or foreign national,Varies by award,USD,Partial,Partial,Not specified,Not specified,Not specified,Free,Varies (See official site),Annual / Semester award,Multiple,"Academic transcript, Proof of enrollment, Recommendation letter, Essay","Nationalities: Unrestricted; Host country: Italy; Fields: Health Professions, Other and Medicine.","Merit, essay response, and academic verification.","Marie Sklodowska-Curie Postdoctoral Fellowship at Department of Infectious, Tropical Diseases and Microbiology of the IRCCS Sacro Cuore Don Calabria Hospital For...",Not specified,2026-09-16
SCH_0295,MAGIC Grants Cryptocurrency Scholarship,International Organization / Foundation,Organization / Foundation,IEFA,https://www.iefa.org/scholarships/3718/MAGIC_Grants_Cryptocurrency_Scholarship,https://www.iefa.org/scholarships/3718/MAGIC_Grants_Cryptocurrency_Scholarship,International,International,Unrestricted,Postgraduate,Full-time,Unrestricted,Not specified,Not specified,Enrolled or accepted in eligible accredited institution,Good academic standing,Not specified,Any,General,Equal Opportunity,International student or foreign national,Varies by award,USD,Partial,Partial,Not specified,Not specified,Not specified,Free,Varies (See official site),Annual / Semester award,Multiple,"Academic transcript, Proof of enrollment, Recommendation letter, Essay",Nationalities: Unrestricted; Host country: Unrestricted; Fields: Unrestricted.,"Merit, essay response, and academic verification.","MAGIC Grants offers undergraduate scholarships to students who are interested in cryptocurrencies (Bitcoin, Ethereum, stablecoins, blockchains, etc). This year, three...",Not specified,2026-09-16
SCH_0296,LCI Barcelona Design Scholarship,International Organization / Foundation,Organization / Foundation,IEFA,https://www.iefa.org/scholarships/3717/LCI_Barcelona_Design_Scholarship,https://www.iefa.org/scholarships/3717/LCI_Barcelona_Design_Scholarship,Spain,Spain,Unrestricted,Any,Full-time,"Architecture & Design, Business/Management, Communications...",Not specified,Not specified,Enrolled or accepted in eligible accredited institution,Good academic standing,Not specified,Any,General,Equal Opportunity,International student or foreign national,Varies by award,USD,Partial,Partial,Not specified,Not specified,Not specified,Free,Varies (See official site),Annual / Semester award,Multiple,"Academic transcript, Proof of enrollment, Recommendation letter, Essay","Nationalities: Unrestricted; Host country: Spain; Fields: Architecture & Design, Business/Management, Communications....","Merit, essay response, and academic verification.","LCI School of Design and Visual Arts invites students and professionals to participate to the contest ""Design for planet centered...",Not specified,2026-09-16
SCH_0297,Zawadi Africa Educational Fund Scholarships,International Organization / Foundation,Organization / Foundation,IEFA,https://www.iefa.org/scholarships/3716/Zawadi_Africa_Educational_Fund_Scholarships,https://www.iefa.org/scholarships/3716/Zawadi_Africa_Educational_Fund_Scholarships,International,International,"Ghana, Kenya and Uganda",Any,Full-time,Unrestricted,Not specified,Not specified,Enrolled or accepted in eligible accredited institution,Good academic standing,Not specified,Any,General,Equal Opportunity,International student or foreign national,Varies by award,USD,Partial,Partial,Not specified,Not specified,Not specified,Free,Varies (See official site),Annual / Semester award,Multiple,"Academic transcript, Proof of enrollment, Recommendation letter, Essay","Nationalities: Ghana, Kenya and Uganda; Host country: Unrestricted; Fields: Unrestricted.","Merit, essay response, and academic verification.",The Zawadi Africa Educational Fund is a significant initiative providing scholarships to academically talented girls from disadvantaged backgrounds in Africa....,Not specified,2026-09-16
SCH_0298,Mastercard Foundation Scholars Program,International Organization / Foundation,Organization / Foundation,IEFA,https://www.iefa.org/scholarships/3715/Mastercard_Foundation_Scholars_Program,https://www.iefa.org/scholarships/3715/Mastercard_Foundation_Scholars_Program,International,International,"Algeria, Angola, Benin...",Postgraduate,Full-time,Unrestricted,Not specified,Not specified,Enrolled or accepted in eligible accredited institution,Good academic standing,Not specified,Any,General,Equal Opportunity,International student or foreign national,Varies by award,USD,Partial,Partial,Not specified,Not specified,Not specified,Free,Varies (See official site),Annual / Semester award,Multiple,"Academic transcript, Proof of enrollment, Recommendation letter, Essay","Nationalities: Algeria, Angola, Benin...; Host country: Unrestricted; Fields: Unrestricted.","Merit, essay response, and academic verification.",The Mastercard Foundation Scholars Program aims to create a powerful network of youth and institutions that promote fair and inclusive...,Not specified,2026-09-16
SCH_0299,ZNRF foundation Scholarships for International Students,International Organization / Foundation,Organization / Foundation,IEFA,https://www.iefa.org/scholarships/3712/ZNRF_foundation_Scholarships_for_International_Students,https://www.iefa.org/scholarships/3712/ZNRF_foundation_Scholarships_for_International_Students,Bangladesh,Bangladesh,Unrestricted,Postgraduate,Full-time,Business/Management and Economics,Not specified,Not specified,Enrolled or accepted in eligible accredited institution,Good academic standing,Not specified,Any,General,Equal Opportunity,International student or foreign national,Varies by award,USD,Partial,Partial,Not specified,Not specified,Not specified,Free,Varies (See official site),Annual / Semester award,Multiple,"Academic transcript, Proof of enrollment, Recommendation letter, Essay",Nationalities: Unrestricted; Host country: Bangladesh; Fields: Business/Management and Economics.,"Merit, essay response, and academic verification.",The ZNRF foundation launched scholarship (up to 50% Tuition Fees Waiver) to international students in the Master (MBA) and Bachelor...,Not specified,2026-09-16
SCH_0300,"ZUKOnnect Fellowships for Scholars from Africa, Asia and Latin America","Africa, Asia",Organization / Foundation,IEFA,"https://www.iefa.org/scholarships/3684/_ZUKOnnect_Fellowships_for_Scholars_from_Africa,_Asia_and_Latin_America","https://www.iefa.org/scholarships/3684/_ZUKOnnect_Fellowships_for_Scholars_from_Africa,_Asia_and_Latin_America",International,International,Unrestricted,Any,Full-time,Unrestricted,Not specified,Not specified,Enrolled or accepted in eligible accredited institution,Good academic standing,Not specified,Any,General,Equal Opportunity,International student or foreign national,Varies by award,USD,Partial,Partial,Not specified,Not specified,Not specified,Free,Varies (See official site),Annual / Semester award,Multiple,"Academic transcript, Proof of enrollment, Recommendation letter, Essay",Nationalities: Unrestricted; Host country: Unrestricted; Fields: Unrestricted.,"Merit, essay response, and academic verification.","OVERVIEW The Zukunftskolleg Konnect Fellowships support early career researchers from Africa, Asia and Latin America, who do research that fits to...",Not specified,2026-09-16
SCH_0301,College & University Scholarship Program,College & University,Organization / Foundation,IEFA,https://www.iefa.org/scholarships/2577/College_&_University_Scholarship_Program,https://www.iefa.org/scholarships/2577/College_&_University_Scholarship_Program,USA,USA,Unrestricted,Postgraduate,Full-time,Unrestricted,Not specified,Not specified,Enrolled or accepted in eligible accredited institution,Good academic standing,Not specified,Any,General,Equal Opportunity,International student or foreign national,Varies by award,USD,Partial,Partial,Not specified,Not specified,Not specified,Free,Varies (See official site),Annual / Semester award,Multiple,"Academic transcript, Proof of enrollment, Recommendation letter, Essay",Nationalities: Unrestricted; Host country: United States; Fields: Unrestricted.,"Merit, essay response, and academic verification.",The RentHop Apartment Scholarship awards up to $2000 a year to eligible undergraduate students in bachelors and associate degree programs...,Not specified,2026-09-16
SCH_0302,RealtyHop Scholarship,International Organization / Foundation,Organization / Foundation,IEFA,https://www.iefa.org/scholarships/3185/RealtyHop_Scholarship,https://www.iefa.org/scholarships/3185/RealtyHop_Scholarship,USA,USA,Unrestricted,Postgraduate,Full-time,Unrestricted,Not specified,Not specified,Enrolled or accepted in eligible accredited institution,Good academic standing,Not specified,Any,General,Equal Opportunity,International student or foreign national,Varies by award,USD,Partial,Partial,Not specified,Not specified,Not specified,Free,Varies (See official site),Annual / Semester award,Multiple,"Academic transcript, Proof of enrollment, Recommendation letter, Essay",Nationalities: Unrestricted; Host country: United States; Fields: Unrestricted.,"Merit, essay response, and academic verification.","The RealtyHop Scholarship awards up to $2,000 a year to eligible undergraduate students and high school seniors working towards a...",Not specified,2026-09-16
SCH_0303,Western Caspian University Full and Merit Based Scholarships,Western Caspian University,Organization / Foundation,IEFA,https://www.iefa.org/scholarships/3590/Western_Caspian_University_Full_and_Merit_Based_Scholarships,https://www.iefa.org/scholarships/3590/Western_Caspian_University_Full_and_Merit_Based_Scholarships,Azerbaijan,Azerbaijan,Unrestricted,Postgraduate,Full-time,"Business/Management, Computer & Information Systems, Engineering...",Not specified,Not specified,Enrolled or accepted in eligible accredited institution,Good academic standing,Not specified,Any,General,Equal Opportunity,International student or foreign national,Varies by award,USD,Partial,Partial,Not specified,Not specified,Not specified,Free,Varies (See official site),Annual / Semester award,Multiple,"Academic transcript, Proof of enrollment, Recommendation letter, Essay","Nationalities: Unrestricted; Host country: Azerbaijan; Fields: Business/Management, Computer & Information Systems, Engineering....","Merit, essay response, and academic verification.","Western Caspian University announces the Full and Merit-Based Scholarships for distinguished international applicants who wish to pursue bachelor’s, master’s and...",Not specified,2026-09-16
SCH_0304,Brandeis University Deans Prize Scholarship,Brandeis University,Organization / Foundation,IEFA,https://www.iefa.org/scholarships/1097/Brandeis_University_Deans_Prize_Scholarship,https://www.iefa.org/scholarships/1097/Brandeis_University_Deans_Prize_Scholarship,USA,USA,Unrestricted,Any,Full-time,Finance and Economics,Not specified,Not specified,Enrolled or accepted in eligible accredited institution,Good academic standing,Not specified,Any,General,Equal Opportunity,International student or foreign national,Varies by award,USD,Partial,Partial,Not specified,Not specified,Not specified,Free,Varies (See official site),Annual / Semester award,Multiple,"Academic transcript, Proof of enrollment, Recommendation letter, Essay",Nationalities: Unrestricted; Host country: United States; Fields: Finance and Economics.,"Merit, essay response, and academic verification.",Deans Prize Scholarships offer up to full tuition awards to US or International students of exceptional merit.,Not specified,2026-09-16
SCH_0305,Brown Hudner Navy Scholarship,Navy Educational Foundation,Organization / Foundation,IEFA,https://www.iefa.org/scholarships/3680/Brown_Hudner_Navy_Scholarship,https://www.iefa.org/scholarships/3680/Brown_Hudner_Navy_Scholarship,International,International,Unrestricted,Any,Full-time,"Biology/Life Sciences, Computer & Information Systems, Engineering...",Not specified,Not specified,Enrolled or accepted in eligible accredited institution,Good academic standing,Not specified,Any,General,Equal Opportunity,International student or foreign national,Varies by award,USD,Partial,Partial,Not specified,Not specified,Not specified,Free,Varies (See official site),Annual / Semester award,Multiple,"Academic transcript, Proof of enrollment, Recommendation letter, Essay","Nationalities: Unrestricted; Host country: Unrestricted; Fields: Biology/Life Sciences, Computer & Information Systems, Engineering....","Merit, essay response, and academic verification.","Inspired by the true story of Jesse Brown and Tom Hudner, the Brown Hudner Navy Scholarship Foundation aims to honor...",Not specified,2026-09-16
SCH_0306,Business and Entrepreneurship Summer Course Scholarship Award in the UK,International Organization / Foundation,Organization / Foundation,IEFA,https://www.iefa.org/scholarships/3709/Business_and_Entrepreneurship_Summer_Course_Scholarship_Award_in_the_UK,https://www.iefa.org/scholarships/3709/Business_and_Entrepreneurship_Summer_Course_Scholarship_Award_in_the_UK,United Kingdom,United Kingdom,Unrestricted,Any,Full-time,"Business/Management, Marketing, Finance and Economics",Not specified,Not specified,Enrolled or accepted in eligible accredited institution,Good academic standing,Not specified,Any,General,Equal Opportunity,International student or foreign national,Varies by award,GBP,Partial,Partial,Not specified,Not specified,Not specified,Free,Varies (See official site),Annual / Semester award,Multiple,"Academic transcript, Proof of enrollment, Recommendation letter, Essay","Nationalities: Unrestricted; Host country: United Kingdom; Fields: Business/Management, Marketing, Finance and Economics.","Merit, essay response, and academic verification.","Business and Entrepreneurship Summer Course Scholarship Award in London and Cambridge University UK This Scholarship is for Business , Marketing...",Not specified,2026-09-16
SCH_0307,Medical Internship and Shadowing Program for High School Students London UK,International Organization / Foundation,Organization / Foundation,IEFA,https://www.iefa.org/scholarships/3552/Medical_Internship_and_Shadowing_Program_for_High_School_Students_London_UK,https://www.iefa.org/scholarships/3552/Medical_Internship_and_Shadowing_Program_for_High_School_Students_London_UK,United Kingdom,United Kingdom,Unrestricted,Any,Full-time,"Biology/Life Sciences, Health Professions, Nursing...",Not specified,Not specified,Enrolled or accepted in eligible accredited institution,Good academic standing,Not specified,Any,General,Equal Opportunity,International student or foreign national,Varies by award,GBP,Partial,Partial,Not specified,Not specified,Not specified,Free,Varies (See official site),Annual / Semester award,Multiple,"Academic transcript, Proof of enrollment, Recommendation letter, Essay","Nationalities: Unrestricted; Host country: United Kingdom; Fields: Biology/Life Sciences, Health Professions, Nursing....","Merit, essay response, and academic verification.",Internship and Shadowing Scholarship opportunity in London UK Internship or Shadow a Doctor for 1 to 4 weeks in London Clinic...,Not specified,2026-09-16
SCH_0308,GyanDhan Engineering Scholarship,GyanDhan,Organization / Foundation,IEFA,https://www.iefa.org/scholarships/3707/GyanDhan_Engineering_Scholarship,https://www.iefa.org/scholarships/3707/GyanDhan_Engineering_Scholarship,United Kingdom,USA,India,Any,Full-time,Engineering,Not specified,Not specified,Enrolled or accepted in eligible accredited institution,Good academic standing,Not specified,Any,General,Equal Opportunity,International student or foreign national,Varies by award,GBP,Partial,Partial,Not specified,Not specified,Not specified,Free,Varies (See official site),Annual / Semester award,Multiple,"Academic transcript, Proof of enrollment, Recommendation letter, Essay","Nationalities: India; Host country: Canada, United Kingdom and United States; Fields: Engineering.","Merit, essay response, and academic verification.","Established with the aim of making education financing a hassle-free experience, GyanDhan has helped thousands of students in obtaining higher...",Not specified,2026-09-16
SCH_0309,GyanDhan Scholarship,GyanDhan,Organization / Foundation,IEFA,https://www.iefa.org/scholarships/3705/GyanDhan_Scholarship,https://www.iefa.org/scholarships/3705/GyanDhan_Scholarship,Germany,Germany,India,Any,Full-time,Unrestricted,Not specified,Not specified,Enrolled or accepted in eligible accredited institution,Good academic standing,Not specified,Any,General,Equal Opportunity,International student or foreign national,Varies by award,CAD,Partial,Partial,Not specified,Not specified,Not specified,Free,Varies (See official site),Annual / Semester award,Multiple,"Academic transcript, Proof of enrollment, Recommendation letter, Essay","Nationalities: India; Host country: Australia, Canada, Germany...; Fields: Unrestricted.","Merit, essay response, and academic verification.","Started with an aim to make abroad higher education more accessible to students, GyanDhan has helped tens of thousands of...",Not specified,2026-09-16
SCH_0310,Summer School Scholarships in Cambridge and London University,Summer School Scholarships in Cambridge and London University,Organization / Foundation,IEFA,https://www.iefa.org/scholarships/3708/Summer_School_Scholarships_in_Cambridge_and_London_University,https://www.iefa.org/scholarships/3708/Summer_School_Scholarships_in_Cambridge_and_London_University,United Kingdom,United Kingdom,Unrestricted,Any,Full-time,"Architecture & Design, Biology/Life Sciences, Business/Management...",Not specified,Not specified,Enrolled or accepted in eligible accredited institution,Good academic standing,Not specified,Any,General,Equal Opportunity,International student or foreign national,Varies by award,GBP,Partial,Partial,Not specified,Not specified,Not specified,Free,Varies (See official site),Annual / Semester award,Multiple,"Academic transcript, Proof of enrollment, Recommendation letter, Essay","Nationalities: Unrestricted; Host country: United Kingdom; Fields: Architecture & Design, Biology/Life Sciences, Business/Management....","Merit, essay response, and academic verification.",Amazing Opportunity for 100% Scholarships to Study in the UK. For Summer - We Lite Regal Education (LRE) and International...,Not specified,2026-09-16
SCH_0311,The MyUS.com Community Scholarship,International Organization / Foundation,Organization / Foundation,IEFA,https://www.iefa.org/scholarships/3415/The_MyUS.com_Community_Scholarship,https://www.iefa.org/scholarships/3415/The_MyUS.com_Community_Scholarship,International,International,Unrestricted,Any,Full-time,Unrestricted,Not specified,Not specified,Enrolled or accepted in eligible accredited institution,Good academic standing,Not specified,Any,General,Equal Opportunity,International student or foreign national,Varies by award,USD,Partial,Partial,Not specified,Not specified,Not specified,Free,Varies (See official site),Annual / Semester award,Multiple,"Academic transcript, Proof of enrollment, Recommendation letter, Essay",Nationalities: Unrestricted; Host country: Unrestricted; Fields: Unrestricted.,"Merit, essay response, and academic verification.","As an international shipping company that gives communities around the globe access to U.S. goods, MyUS.com understands the power of...",Not specified,2026-09-16
SCH_0312,Special Caribbean Fellowships Program,International Organization / Foundation,Organization / Foundation,IEFA,https://www.iefa.org/scholarships/595/Special_Caribbean_Fellowships_Program,https://www.iefa.org/scholarships/595/Special_Caribbean_Fellowships_Program,USA,USA,Unrestricted,Postgraduate,Full-time,Unrestricted,Not specified,Not specified,Enrolled or accepted in eligible accredited institution,Good academic standing,Not specified,Any,General,Equal Opportunity,International student or foreign national,Varies by award,USD,Partial,Partial,Not specified,Not specified,Not specified,Free,Varies (See official site),Annual / Semester award,Multiple,"Academic transcript, Proof of enrollment, Recommendation letter, Essay",Nationalities: Unrestricted; Host country: United States; Fields: Unrestricted.,"Merit, essay response, and academic verification.","The OAS Academic Scholarship Program (Regular Program), established in 1958, grants scholarships every year for the pursuit of Master’s Degrees,...",Not specified,2026-09-16
SCH_0313,MPOWER Global Citizen Scholarship,Universities MPOWER supports in the U,Organization / Foundation,IEFA,https://www.iefa.org/scholarships/3588/MPOWER_Global_Citizen_Scholarship,https://www.iefa.org/scholarships/3588/MPOWER_Global_Citizen_Scholarship,Canada,USA,Unrestricted,Any,Full-time,Unrestricted,Not specified,Not specified,Enrolled or accepted in eligible accredited institution,Good academic standing,Not specified,Any,General,Equal Opportunity,International student or foreign national,Varies by award,USD,Partial,Partial,Not specified,Not specified,Not specified,Free,Varies (See official site),Annual / Semester award,Multiple,"Academic transcript, Proof of enrollment, Recommendation letter, Essay",Nationalities: Unrestricted; Host country: Canada and United States; Fields: Unrestricted.,"Merit, essay response, and academic verification.",Scholarships awarded annually to international and DACA students enrolled at Universities MPOWER supports in the U.S. or Canada. Awards: Grand Prize:...,Not specified,2026-09-16
SCH_0314,$3000 WEAR & I Fashion Pioneer Scholarship,International Organization / Foundation,Organization / Foundation,IEFA,https://www.iefa.org/scholarships/3699/$3000_WEAR_&_I_Fashion_Pioneer_Scholarship,https://www.iefa.org/scholarships/3699/$3000_WEAR_&_I_Fashion_Pioneer_Scholarship,Canada,USA,Unrestricted,Any,Full-time,Unrestricted,Not specified,Not specified,Enrolled or accepted in eligible accredited institution,Good academic standing,Not specified,Any,General,Equal Opportunity,International student or foreign national,Varies by award,USD,Partial,Partial,Not specified,Not specified,Not specified,Free,Varies (See official site),Annual / Semester award,Multiple,"Academic transcript, Proof of enrollment, Recommendation letter, Essay",Nationalities: Unrestricted; Host country: Canada and United States; Fields: Unrestricted.,"Merit, essay response, and academic verification.",WEAR & I is passionate about fashion and would like to help you pay part of your tuition fees or...,Not specified,2026-09-16
SCH_0315,Ashinaga Africa Initiative,International Organization / Foundation,Organization / Foundation,IEFA,https://www.iefa.org/scholarships/3560/Ashinaga_Africa_Initiative,https://www.iefa.org/scholarships/3560/Ashinaga_Africa_Initiative,United Kingdom,USA,"Benin, Botswana, Burkina Faso...",Any,Full-time,Unrestricted,Not specified,Not specified,Enrolled or accepted in eligible accredited institution,Good academic standing,Not specified,Any,General,Equal Opportunity,International student or foreign national,Varies by award,GBP,Partial,Partial,Not specified,Not specified,Not specified,Free,Varies (See official site),Annual / Semester award,Multiple,"Academic transcript, Proof of enrollment, Recommendation letter, Essay","Nationalities: Benin, Botswana, Burkina Faso...; Host country: Japan, United Kingdom and United States; Fields: Unrestricted.","Merit, essay response, and academic verification.",The Ashinaga Africa Initiative (AAI) is an international leadership program that cultivates the next generation of leaders to contribute to...,Not specified,2026-09-16
SCH_0316,Scholarships for MA Students in Nonprofit Management & Leadership,International Organization / Foundation,Organization / Foundation,IEFA,https://www.iefa.org/scholarships/3674/Scholarships_for_MA_Students_in_Nonprofit_Management_&_Leadership,https://www.iefa.org/scholarships/3674/Scholarships_for_MA_Students_in_Nonprofit_Management_&_Leadership,Israel,Israel,Unrestricted,Any,Full-time,"Business/Management, Other and Sustainable Development",Not specified,Not specified,Enrolled or accepted in eligible accredited institution,Good academic standing,Not specified,Any,General,Equal Opportunity,International student or foreign national,Varies by award,USD,Partial,Partial,Not specified,Not specified,Not specified,Free,Varies (See official site),Annual / Semester award,Multiple,"Academic transcript, Proof of enrollment, Recommendation letter, Essay","Nationalities: Unrestricted; Host country: Israel; Fields: Business/Management, Other and Sustainable Development.","Merit, essay response, and academic verification.",Program Overview Leading a nonprofit organization is a rewarding task that requires in-depth knowledge and practical skills. Hebrew University’s MA in...,Not specified,2026-09-16
SCH_0317,Sustainability Scholarship,International Organization / Foundation,Organization / Foundation,IEFA,https://www.iefa.org/scholarships/3528/Sustainability_Scholarship,https://www.iefa.org/scholarships/3528/Sustainability_Scholarship,International,International,Unrestricted,Any,Full-time,Unrestricted,Not specified,Not specified,Enrolled or accepted in eligible accredited institution,Good academic standing,Not specified,Any,General,Equal Opportunity,International student or foreign national,Varies by award,USD,Partial,Partial,Not specified,Not specified,Not specified,Free,Varies (See official site),Annual / Semester award,Multiple,"Academic transcript, Proof of enrollment, Recommendation letter, Essay",Nationalities: Unrestricted; Host country: Unrestricted; Fields: Unrestricted.,"Merit, essay response, and academic verification.","We are a Danish platform for lifelong learning. We believe that the students of today, through their research and future...",Not specified,2026-09-16
SCH_0318,Giorgio Rota Best Paper Award - Urban economies as complex systems,International Organization / Foundation,Organization / Foundation,IEFA,https://www.iefa.org/scholarships/3687/Giorgio_Rota_Best_Paper_Award_-_Urban_economies_as_complex_systems,https://www.iefa.org/scholarships/3687/Giorgio_Rota_Best_Paper_Award_-_Urban_economies_as_complex_systems,International,International,Unrestricted,Any,Full-time,"Architecture & Design, Marketing, Public Administration...",Not specified,Not specified,Enrolled or accepted in eligible accredited institution,Good academic standing,Not specified,Any,General,Equal Opportunity,International student or foreign national,Varies by award,USD,Partial,Partial,Not specified,Not specified,Not specified,Free,Varies (See official site),Annual / Semester award,Multiple,"Academic transcript, Proof of enrollment, Recommendation letter, Essay","Nationalities: Unrestricted; Host country: Unrestricted; Fields: Architecture & Design, Marketing, Public Administration....","Merit, essay response, and academic verification.","CALL XIth edition GIORGIO ROTA AWARD Urban economies as complex systems Young researchers (born after December 31st, 1988) are invited to participate...",Not specified,2026-09-16
SCH_0319,Leverhulme Trust Research Fellowships,International Organization / Foundation,Organization / Foundation,IEFA,https://www.iefa.org/scholarships/132/Leverhulme_Trust_Research_Fellowships,https://www.iefa.org/scholarships/132/Leverhulme_Trust_Research_Fellowships,USA,USA,United Kingdom,Any,Full-time,Unrestricted,Not specified,Not specified,Enrolled or accepted in eligible accredited institution,Good academic standing,Not specified,Any,General,Equal Opportunity,International student or foreign national,Varies by award,USD,Partial,Partial,Not specified,Not specified,Not specified,Free,Varies (See official site),Annual / Semester award,Multiple,"Academic transcript, Proof of enrollment, Recommendation letter, Essay",Nationalities: United Kingdom; Host country: United States; Fields: Unrestricted.,"Merit, essay response, and academic verification.","To assist researchers experienced in their own fields in pursuing investigations, particularly those who are or have been prevented by...",Not specified,2026-09-16
SCH_0320,International MA Students in Archaeology & the Ancient Near East,International Organization / Foundation,Organization / Foundation,IEFA,https://www.iefa.org/scholarships/3675/International_MA_Students_in_Archaeology_&_the_Ancient_Near_East,https://www.iefa.org/scholarships/3675/International_MA_Students_in_Archaeology_&_the_Ancient_Near_East,Israel,Israel,Unrestricted,Any,Full-time,Architecture & Design and History,Not specified,Not specified,Enrolled or accepted in eligible accredited institution,Good academic standing,Not specified,Any,General,Equal Opportunity,International student or foreign national,Varies by award,USD,Partial,Partial,Not specified,Not specified,Not specified,Free,Varies (See official site),Annual / Semester award,Multiple,"Academic transcript, Proof of enrollment, Recommendation letter, Essay",Nationalities: Unrestricted; Host country: Israel; Fields: Architecture & Design and History.,"Merit, essay response, and academic verification.","Program Overview The Hebrew University’s MA in Archaeology & the Ancient Near East provides a unique, concentrated opportunity to examine the...",Not specified,2026-09-16
SCH_0321,International Start-Up 360° MBA program,International Organization / Foundation,Organization / Foundation,IEFA,https://www.iefa.org/scholarships/3677/International_Start-Up_360°_MBA_program,https://www.iefa.org/scholarships/3677/International_Start-Up_360°_MBA_program,Israel,Israel,"Andorra, Austria, Belgium...",Any,Full-time,Business/Management,Not specified,Not specified,Enrolled or accepted in eligible accredited institution,Good academic standing,Not specified,Any,General,Equal Opportunity,International student or foreign national,Varies by award,USD,Partial,Partial,Not specified,Not specified,Not specified,Free,Varies (See official site),Annual / Semester award,Multiple,"Academic transcript, Proof of enrollment, Recommendation letter, Essay","Nationalities: Andorra, Austria, Belgium...; Host country: Israel; Fields: Business/Management.","Merit, essay response, and academic verification.","Program Overview For the past two decades, the world has witnessed an extraordinary technology transformation, one that has influenced every element...",Not specified,2026-09-16
SCH_0322,International MBA students in Med-Tech Innovation Program,International Organization / Foundation,Organization / Foundation,IEFA,https://www.iefa.org/scholarships/3678/International_MBA_students_in_Med-Tech_Innovation_Program,https://www.iefa.org/scholarships/3678/International_MBA_students_in_Med-Tech_Innovation_Program,Israel,Israel,"Andorra, Austria, Belgium...",Any,Full-time,"Business/Management, Medicine and Technology",Not specified,Not specified,Enrolled or accepted in eligible accredited institution,Good academic standing,Not specified,Any,General,Equal Opportunity,International student or foreign national,Varies by award,USD,Partial,Partial,Not specified,Not specified,Not specified,Free,Varies (See official site),Annual / Semester award,Multiple,"Academic transcript, Proof of enrollment, Recommendation letter, Essay","Nationalities: Andorra, Austria, Belgium...; Host country: Israel; Fields: Business/Management, Medicine and Technology.","Merit, essay response, and academic verification.","Israel has always been at the forefront of medical innovation, from drugs and diagnostics to medical devices and digital medicine....",Not specified,2026-09-16
SCH_0323,"CouponBirds ""Help to Save"" Scholarship",International Organization / Foundation,Organization / Foundation,IEFA,"https://www.iefa.org/scholarships/3682/CouponBirds_""Help_to_Save""_Scholarship","https://www.iefa.org/scholarships/3682/CouponBirds_""Help_to_Save""_Scholarship",Canada,USA,Unrestricted,Undergraduate,Full-time,Unrestricted,Not specified,Not specified,Enrolled or accepted in eligible accredited institution,Good academic standing,Not specified,Any,General,Equal Opportunity,International student or foreign national,Varies by award,USD,Partial,Partial,Not specified,Not specified,Not specified,Free,Varies (See official site),Annual / Semester award,Multiple,"Academic transcript, Proof of enrollment, Recommendation letter, Essay",Nationalities: Unrestricted; Host country: Canada and United States; Fields: Unrestricted.,"Merit, essay response, and academic verification.","CouponBirds has helped many students through the cooperation of universities and high schools. In the new year, CouponBirds will set...",Not specified,2026-09-16
SCH_0324,CodeWizardsHQ Educational Scholarship,International Organization / Foundation,Organization / Foundation,IEFA,https://www.iefa.org/scholarships/3608/CodeWizardsHQ_Educational_Scholarship,https://www.iefa.org/scholarships/3608/CodeWizardsHQ_Educational_Scholarship,USA,USA,Canada and United States,Any,Full-time,Unrestricted,Not specified,Not specified,Enrolled or accepted in eligible accredited institution,Good academic standing,Not specified,Any,General,Equal Opportunity,International student or foreign national,Varies by award,USD,Partial,Partial,Not specified,Not specified,Not specified,Free,Varies (See official site),Annual / Semester award,Multiple,"Academic transcript, Proof of enrollment, Recommendation letter, Essay",Nationalities: Canada and United States; Host country: United States; Fields: Unrestricted.,"Merit, essay response, and academic verification.",CodeWizardsHQ is the leading online coding school for kids and teens ages 8-18. We deliver the most fun and effective...,Not specified,2026-09-16
SCH_0325,Asian University for Women Scholarships & Financial Aid,Asian University,Organization / Foundation,IEFA,https://www.iefa.org/scholarships/3681/Asian_University_for_Women_Scholarships_&_Financial_Aid,https://www.iefa.org/scholarships/3681/Asian_University_for_Women_Scholarships_&_Financial_Aid,Bangladesh,Bangladesh,"Afghanistan, Bangladesh, Bhutan...",Any,Full-time,Unrestricted,Not specified,Not specified,Enrolled or accepted in eligible accredited institution,Good academic standing,Not specified,Female,General,Equal Opportunity,International student or foreign national,Varies by award,USD,Partial,Partial,Not specified,Not specified,Not specified,Free,Varies (See official site),Annual / Semester award,Multiple,"Academic transcript, Proof of enrollment, Recommendation letter, Essay","Nationalities: Afghanistan, Bangladesh, Bhutan...; Host country: Bangladesh; Fields: Unrestricted.","Merit, essay response, and academic verification.",AUW strives to meet the demonstrated financial need of each admitted student and offers full and partial scholarships based on...,Not specified,2026-09-16
SCH_0326,Learning Goals Essay Scholarship,NYCTu,Organization / Foundation,IEFA,https://www.iefa.org/scholarships/3522/Learning_Goals_Essay_Scholarship,https://www.iefa.org/scholarships/3522/Learning_Goals_Essay_Scholarship,USA,USA,Unrestricted,Any,Full-time,Unrestricted,Not specified,Not specified,Enrolled or accepted in eligible accredited institution,Good academic standing,Not specified,Any,General,Equal Opportunity,International student or foreign national,Varies by award,USD,Partial,Partial,Not specified,Not specified,Not specified,Free,Varies (See official site),Annual / Semester award,Multiple,"Academic transcript, Proof of enrollment, Recommendation letter, Essay",Nationalities: Unrestricted; Host country: United States; Fields: Unrestricted.,"Merit, essay response, and academic verification.",The goal of the tutoring team at NYCTutoring.com is to help every learner reach his or her academic potential. For...,Not specified,2026-09-16
SCH_0327,IED Barcelona Scholarship Contest,International Organization / Foundation,Organization / Foundation,IEFA,https://www.iefa.org/scholarships/3313/IED_Barcelona_Scholarship_Contest,https://www.iefa.org/scholarships/3313/IED_Barcelona_Scholarship_Contest,International,International,Unrestricted,Postgraduate,Full-time,"Architecture & Design, Business/Management, Fashion...",Not specified,Not specified,Enrolled or accepted in eligible accredited institution,Good academic standing,Not specified,Any,General,Equal Opportunity,International student or foreign national,Varies by award,USD,Partial,Partial,Not specified,Not specified,Not specified,Free,Varies (See official site),Annual / Semester award,Multiple,"Academic transcript, Proof of enrollment, Recommendation letter, Essay","Nationalities: Unrestricted; Host country: Unrestricted; Fields: Architecture & Design, Business/Management, Fashion....","Merit, essay response, and academic verification.","The school offers 17 (seventeen) international scholarships in Fashion, Design, Visual Communication or Management 2019/2020 academic year for the Undergraduate...",Not specified,2026-09-16
SCH_0328,Undergraduate & Associate Degree Program,International Organization / Foundation,Organization / Foundation,IEFA,https://www.iefa.org/scholarships/3679/Undergraduate_&_Associate_Degree_Program,https://www.iefa.org/scholarships/3679/Undergraduate_&_Associate_Degree_Program,International,International,Unrestricted,Postgraduate,Full-time,Unrestricted,Not specified,Not specified,Enrolled or accepted in eligible accredited institution,Good academic standing,Not specified,Any,General,Equal Opportunity,International student or foreign national,Varies by award,USD,Partial,Partial,Not specified,Not specified,Not specified,Free,Varies (See official site),Annual / Semester award,Multiple,"Academic transcript, Proof of enrollment, Recommendation letter, Essay",Nationalities: Unrestricted; Host country: Unrestricted; Fields: Unrestricted.,"Merit, essay response, and academic verification.",The Marine Corps Scholarship Foundation Undergraduate & Associate Degree Program provides need-based scholarships to children of U.S. Marines and Navy...,Not specified,2026-09-16
SCH_0329,"NJIT Research, Teaching and Graduate Assistantships",International Organization / Foundation,Organization / Foundation,IEFA,"https://www.iefa.org/scholarships/589/NJIT_Research,_Teaching_and_Graduate_Assistantships","https://www.iefa.org/scholarships/589/NJIT_Research,_Teaching_and_Graduate_Assistantships",USA,USA,Unrestricted,Any,Full-time,Unrestricted,Not specified,Not specified,Enrolled or accepted in eligible accredited institution,Good academic standing,Not specified,Any,General,Equal Opportunity,International student or foreign national,Varies by award,USD,Partial,Partial,Not specified,Not specified,Not specified,Free,Varies (See official site),Annual / Semester award,Multiple,"Academic transcript, Proof of enrollment, Recommendation letter, Essay",Nationalities: Unrestricted; Host country: United States; Fields: Unrestricted.,"Merit, essay response, and academic verification.",To attract outstanding academic performance and research students. NJIT scholarships for international students scholarships for international students,Not specified,2026-09-16
SCH_0330,$1500 College Monk Short Essay Scholarship,International Organization / Foundation,Organization / Foundation,IEFA,https://www.iefa.org/scholarships/3414/$1500_College_Monk_Short_Essay_Scholarship,https://www.iefa.org/scholarships/3414/$1500_College_Monk_Short_Essay_Scholarship,USA,USA,Unrestricted,Any,Full-time,Unrestricted,Not specified,Not specified,Enrolled or accepted in eligible accredited institution,Good academic standing,Not specified,Any,General,Equal Opportunity,International student or foreign national,Varies by award,USD,Partial,Partial,Not specified,Not specified,Not specified,Free,Varies (See official site),Annual / Semester award,Multiple,"Academic transcript, Proof of enrollment, Recommendation letter, Essay",Nationalities: Unrestricted; Host country: United States and United States Minor Outlying Islands; Fields: Unrestricted.,"Merit, essay response, and academic verification.",The College Monk $1500 short essay scholarship is an essay required scholarship with no GPA requirements. The purpose of the...,Not specified,2026-09-16
SCH_0331,Study a Master's in Europe Scholarship,International Organization / Foundation,Organization / Foundation,IEFA,https://www.iefa.org/scholarships/3368/Study_a_Master's_in_Europe_Scholarship,https://www.iefa.org/scholarships/3368/Study_a_Master's_in_Europe_Scholarship,"Albania, Andorra, Armenia...","Albania, Andorra, Armenia...",Unrestricted,Any,Full-time,Unrestricted,Not specified,Not specified,Enrolled or accepted in eligible accredited institution,Good academic standing,Not specified,Any,General,Equal Opportunity,International student or foreign national,Varies by award,EUR,Partial,Partial,Not specified,Not specified,Not specified,Free,Varies (See official site),Annual / Semester award,Multiple,"Academic transcript, Proof of enrollment, Recommendation letter, Essay","Nationalities: Unrestricted; Host country: Albania, Andorra, Armenia...; Fields: Unrestricted.","Merit, essay response, and academic verification.",educations.com is offering a scholarship of up to €5000 to help cover your tuition fees and get you one step...,Not specified,2026-09-16
SCH_0332,British Council IELTS Award,International Organization / Foundation,Organization / Foundation,IEFA,https://www.iefa.org/scholarships/3484/British_Council_IELTS_Award,https://www.iefa.org/scholarships/3484/British_Council_IELTS_Award,International,International,Unrestricted,Any,Full-time,Unrestricted,Not specified,Not specified,Enrolled or accepted in eligible accredited institution,Good academic standing,Not specified,Any,General,Equal Opportunity,International student or foreign national,Varies by award,USD,Partial,Partial,Not specified,Not specified,Not specified,Free,Varies (See official site),Annual / Semester award,Multiple,"Academic transcript, Proof of enrollment, Recommendation letter, Essay",Nationalities: Unrestricted; Host country: Unrestricted; Fields: Unrestricted.,"Merit, essay response, and academic verification.","Creating opportunities that can change lives, we established the British Council IELTS Award in order to assist high calibre individuals...",Not specified,2026-09-16
SCH_0333,Ball State University First Year International Student Scholarships,Ball State University,Organization / Foundation,IEFA,https://www.iefa.org/scholarships/3667/Ball_State_University_First_Year_International_Student_Scholarships,https://www.iefa.org/scholarships/3667/Ball_State_University_First_Year_International_Student_Scholarships,USA,USA,Unrestricted,Any,Full-time,Unrestricted,Not specified,Not specified,Enrolled or accepted in eligible accredited institution,Good academic standing,Not specified,Any,General,Equal Opportunity,International student or foreign national,Varies by award,USD,Partial,Partial,Not specified,Not specified,Not specified,Free,Varies (See official site),Annual / Semester award,Multiple,"Academic transcript, Proof of enrollment, Recommendation letter, Essay",Nationalities: Unrestricted; Host country: United States; Fields: Unrestricted.,"Merit, essay response, and academic verification.","To provide increased access to U.S. higher education for talented international students, develop future world leaders who will advance intercultural...",Not specified,2026-09-16
SCH_0334,Vietnam Masters Program Scholarships,International Organization / Foundation,Organization / Foundation,IEFA,https://www.iefa.org/scholarships/3606/Vietnam_Masters_Program_Scholarships,https://www.iefa.org/scholarships/3606/Vietnam_Masters_Program_Scholarships,Vietnam,Vietnam,Unrestricted,Any,Full-time,"Business/Management, Computer & Information Systems, Engineering...",Not specified,Not specified,Enrolled or accepted in eligible accredited institution,Good academic standing,Not specified,Any,General,Equal Opportunity,International student or foreign national,Varies by award,USD,Partial,Partial,Not specified,Not specified,Not specified,Free,Varies (See official site),Annual / Semester award,Multiple,"Academic transcript, Proof of enrollment, Recommendation letter, Essay","Nationalities: Unrestricted; Host country: Vietnam; Fields: Business/Management, Computer & Information Systems, Engineering....","Merit, essay response, and academic verification.",TDTU stands for Ton Duc Thang University. It is a university in Vietnam with good rankings in the educational sector....,Not specified,2026-09-16
SCH_0335,Vietnam PhD Program Scholarships,International Organization / Foundation,Organization / Foundation,IEFA,https://www.iefa.org/scholarships/3607/Vietnam_PhD_Program_Scholarships,https://www.iefa.org/scholarships/3607/Vietnam_PhD_Program_Scholarships,Vietnam,Vietnam,Unrestricted,Any,Full-time,"Computer & Information Systems, Engineering, Accounting and Science",Not specified,Not specified,Enrolled or accepted in eligible accredited institution,Good academic standing,Not specified,Any,General,Equal Opportunity,International student or foreign national,Varies by award,USD,Partial,Partial,Not specified,Not specified,Not specified,Free,Varies (See official site),Annual / Semester award,Multiple,"Academic transcript, Proof of enrollment, Recommendation letter, Essay","Nationalities: Unrestricted; Host country: Vietnam; Fields: Computer & Information Systems, Engineering, Accounting and Science.","Merit, essay response, and academic verification.","TDTU’s scholarship offer scholarships for 5 doctoral programs to international students with good academic standing will be awarded scholarships, which...",Not specified,2026-09-16
SCH_0336,Health Safety and Education Scholarship,International Organization / Foundation,Organization / Foundation,IEFA,https://www.iefa.org/scholarships/3673/Health_Safety_and_Education_Scholarship,https://www.iefa.org/scholarships/3673/Health_Safety_and_Education_Scholarship,International,International,Unrestricted,Any,Full-time,Unrestricted,Not specified,Not specified,Enrolled or accepted in eligible accredited institution,Good academic standing,Not specified,Any,General,Equal Opportunity,International student or foreign national,Varies by award,USD,Partial,Partial,Not specified,Not specified,Not specified,Free,Varies (See official site),Annual / Semester award,Multiple,"Academic transcript, Proof of enrollment, Recommendation letter, Essay",Nationalities: Unrestricted; Host country: Unrestricted; Fields: Unrestricted.,"Merit, essay response, and academic verification.",Dr. Martin Blank - SYB Scholarship The Dr. Martin Blank – SYB Scholarship has been created to encourage the participation of...,Not specified,2026-09-16
SCH_0337,Post Doctoral Anthropology Fellowship,International Organization / Foundation,Organization / Foundation,IEFA,https://www.iefa.org/scholarships/3672/Post_Doctoral_Anthropology_Fellowship,https://www.iefa.org/scholarships/3672/Post_Doctoral_Anthropology_Fellowship,Brazil,Brazil,Unrestricted,Any,Full-time,Liberal Arts/Humanities and Sociology,Not specified,Not specified,Enrolled or accepted in eligible accredited institution,Good academic standing,Not specified,Any,General,Equal Opportunity,International student or foreign national,Varies by award,USD,Partial,Partial,Not specified,Not specified,Not specified,Free,Varies (See official site),Annual / Semester award,Multiple,"Academic transcript, Proof of enrollment, Recommendation letter, Essay",Nationalities: Unrestricted; Host country: Brazil; Fields: Liberal Arts/Humanities and Sociology.,"Merit, essay response, and academic verification.","Post-Doctoral Fellowship Number of places: 1 Field of knowledge: Anthropology Working area: Gender and intersectionalities, Mobilities, Migration Project title: GEN-MIGRA: Gender, mobilities and migration...",Not specified,2026-09-16
SCH_0338,Transparency International School on Integrity,International Organization / Foundation,Organization / Foundation,IEFA,https://www.iefa.org/scholarships/3670/Transparency_International_School_on_Integrity,https://www.iefa.org/scholarships/3670/Transparency_International_School_on_Integrity,International,International,Unrestricted,Any,Full-time,Unrestricted,Not specified,Not specified,Enrolled or accepted in eligible accredited institution,Good academic standing,Not specified,Any,General,Equal Opportunity,International student or foreign national,Varies by award,USD,Partial,Partial,Not specified,Not specified,Not specified,Free,Varies (See official site),Annual / Semester award,Multiple,"Academic transcript, Proof of enrollment, Recommendation letter, Essay",Nationalities: Unrestricted; Host country: Unrestricted; Fields: Unrestricted.,"Merit, essay response, and academic verification.",Transparency International School on Integrity is an annual state-of-the-art anti-corruption and accountability training for future leaders. The School exposes its...,Not specified,2026-09-16
SCH_0339,Rotary Peace Fellowship,Rotary International,Organization / Foundation,IEFA,https://www.iefa.org/scholarships/2613/Rotary_Peace_Fellowship,https://www.iefa.org/scholarships/2613/Rotary_Peace_Fellowship,Australia,Australia,Unrestricted,Any,Full-time,Other,Not specified,Not specified,Enrolled or accepted in eligible accredited institution,Good academic standing,Not specified,Any,General,Equal Opportunity,International student or foreign national,Varies by award,USD,Partial,Partial,Not specified,Not specified,Not specified,Free,Varies (See official site),Annual / Semester award,Multiple,"Academic transcript, Proof of enrollment, Recommendation letter, Essay","Nationalities: Unrestricted; Host country: Australia, Japan, Sweden...; Fields: Other.","Merit, essay response, and academic verification.","Promoting peace is one of Rotary’s main causes. The fully funded Rotary Peace Fellowship, which covers tuition and living expenses,...",Not specified,2026-09-16
SCH_0340,Pharmica International Scholarship Award,International Organization / Foundation,Organization / Foundation,IEFA,https://www.iefa.org/scholarships/3662/Pharmica_International_Scholarship_Award,https://www.iefa.org/scholarships/3662/Pharmica_International_Scholarship_Award,International,International,Unrestricted,Any,Full-time,Unrestricted,Not specified,Not specified,Enrolled or accepted in eligible accredited institution,Good academic standing,Not specified,Any,General,Equal Opportunity,International student or foreign national,Varies by award,USD,Partial,Partial,Not specified,Not specified,Not specified,Free,Varies (See official site),Annual / Semester award,Multiple,"Academic transcript, Proof of enrollment, Recommendation letter, Essay",Nationalities: Unrestricted; Host country: Unrestricted; Fields: Unrestricted.,"Merit, essay response, and academic verification.","The Pharmica International Scholarship Program is awarded annually to a student accepted to study at an accredited university, and who...",Not specified,2026-09-16
SCH_0341,Design Talent Scholarships,International Organization / Foundation,Organization / Foundation,IEFA,https://www.iefa.org/scholarships/3657/Design_Talent_Scholarships_,https://www.iefa.org/scholarships/3657/Design_Talent_Scholarships_,Spain,Spain,Unrestricted,Undergraduate,Full-time,"Architecture & Design, Business/Management, Communications...",Not specified,Not specified,Enrolled or accepted in eligible accredited institution,Good academic standing,Not specified,Any,General,Equal Opportunity,International student or foreign national,Varies by award,USD,Partial,Partial,Not specified,Not specified,Not specified,Free,Varies (See official site),Annual / Semester award,Multiple,"Academic transcript, Proof of enrollment, Recommendation letter, Essay","Nationalities: Unrestricted; Host country: Spain; Fields: Architecture & Design, Business/Management, Communications....","Merit, essay response, and academic verification.","The school offers 13 (thirteen) international scholarships in Design, Fashion, Visual Arts, and Management for its university degree (Bachelor's Degrees,...",Not specified,2026-09-16
SCH_0342,Review It Scholarship,International Organization / Foundation,Organization / Foundation,IEFA,https://www.iefa.org/scholarships/3645/Review_It_Scholarship,https://www.iefa.org/scholarships/3645/Review_It_Scholarship,USA,USA,Unrestricted,Any,Full-time,"Architecture & Design, Biology/Life Sciences, Business/Management...",Not specified,Not specified,Enrolled or accepted in eligible accredited institution,Good academic standing,Not specified,Any,General,Equal Opportunity,International student or foreign national,Varies by award,USD,Partial,Partial,Not specified,Not specified,Not specified,Free,Varies (See official site),Annual / Semester award,Multiple,"Academic transcript, Proof of enrollment, Recommendation letter, Essay","Nationalities: Unrestricted; Host country: United States; Fields: Architecture & Design, Biology/Life Sciences, Business/Management....","Merit, essay response, and academic verification.",*The scholarship will be awarded to the best Movie Review submitted by a student before the scholarship deadline. To be considered...,Not specified,2026-09-16
SCH_0343,Physical Therapy Scholarship,International Organization / Foundation,Organization / Foundation,IEFA,https://www.iefa.org/scholarships/3648/Physical_Therapy_Scholarship,https://www.iefa.org/scholarships/3648/Physical_Therapy_Scholarship,Canada,USA,Unrestricted,Any,Full-time,Unrestricted,Not specified,Not specified,Enrolled or accepted in eligible accredited institution,Good academic standing,Not specified,Any,General,Equal Opportunity,International student or foreign national,Varies by award,USD,Partial,Partial,Not specified,Not specified,Not specified,Free,Varies (See official site),Annual / Semester award,Multiple,"Academic transcript, Proof of enrollment, Recommendation letter, Essay",Nationalities: Unrestricted; Host country: Canada and United States; Fields: Unrestricted.,"Merit, essay response, and academic verification.","To be eligible for the ""Arctic Physical Therapy Scholarship"" a student must: 1) Be attending college or university. 2) Be attending college...",Not specified,2026-09-16
SCH_0344,Odenza Vacations College Scholarship,International Organization / Foundation,Organization / Foundation,IEFA,https://www.iefa.org/scholarships/3651/Odenza_Vacations_College_Scholarship,https://www.iefa.org/scholarships/3651/Odenza_Vacations_College_Scholarship,Canada,USA,Unrestricted,Any,Full-time,Unrestricted,Not specified,Not specified,Enrolled or accepted in eligible accredited institution,Good academic standing,Not specified,Any,General,Equal Opportunity,International student or foreign national,Varies by award,USD,Partial,Partial,Not specified,Not specified,Not specified,Free,Varies (See official site),Annual / Semester award,Multiple,"Academic transcript, Proof of enrollment, Recommendation letter, Essay",Nationalities: Unrestricted; Host country: Canada and United States; Fields: Unrestricted.,"Merit, essay response, and academic verification.",To be considered eligible for the Odenza Vacations College Scholarship opportunity you must: A) Be between the ages of 17 and...,Not specified,2026-09-16
SCH_0345,Abbott Painters Scholarship,International Organization / Foundation,Organization / Foundation,IEFA,https://www.iefa.org/scholarships/3653/Abbott_Painters_Scholarship,https://www.iefa.org/scholarships/3653/Abbott_Painters_Scholarship,Canada,USA,Unrestricted,Any,Full-time,Unrestricted,Not specified,Not specified,Enrolled or accepted in eligible accredited institution,Good academic standing,Not specified,Any,General,Equal Opportunity,International student or foreign national,Varies by award,USD,Partial,Partial,Not specified,Not specified,Not specified,Free,Varies (See official site),Annual / Semester award,Multiple,"Academic transcript, Proof of enrollment, Recommendation letter, Essay",Nationalities: Unrestricted; Host country: Canada and United States; Fields: Unrestricted.,"Merit, essay response, and academic verification.","To be eligible for the ""Abbott Painters Scholarship"" a student must: 1) Be attending college or university on a full-time or...",Not specified,2026-09-16
SCH_0346,Kochhar & Co. Scholarship,"Biki Kochhar, a Chartered Professional Account, with a small",Organization / Foundation,IEFA,https://www.iefa.org/scholarships/3654/Kochhar_&_Co._Scholarship,https://www.iefa.org/scholarships/3654/Kochhar_&_Co._Scholarship,Canada,USA,Unrestricted,Any,Full-time,Unrestricted,Not specified,Not specified,Enrolled or accepted in eligible accredited institution,Good academic standing,Not specified,Any,General,Equal Opportunity,International student or foreign national,Varies by award,USD,Partial,Partial,Not specified,Not specified,Not specified,Free,Varies (See official site),Annual / Semester award,Multiple,"Academic transcript, Proof of enrollment, Recommendation letter, Essay",Nationalities: Unrestricted; Host country: Canada and United States; Fields: Unrestricted.,"Merit, essay response, and academic verification.","Kochhar & Co. Chartered Professional Accountant was founded in 2011 by Biki Kochhar, a Chartered Professional Account, with a small...",Not specified,2026-09-16
SCH_0347,"Giorgio Rota Best Paper Award - Labor, value, robots",International Organization / Foundation,Organization / Foundation,IEFA,"https://www.iefa.org/scholarships/3637/Giorgio_Rota_Best_Paper_Award_-_Labor,_value,_robots","https://www.iefa.org/scholarships/3637/Giorgio_Rota_Best_Paper_Award_-_Labor,_value,_robots",International,International,Unrestricted,Any,Full-time,"Business/Management, Cultural Studies, Law & Legal Studies...",Not specified,Not specified,Enrolled or accepted in eligible accredited institution,Good academic standing,Not specified,Any,General,Equal Opportunity,International student or foreign national,Varies by award,USD,Partial,Partial,Not specified,Not specified,Not specified,Free,Varies (See official site),Annual / Semester award,Multiple,"Academic transcript, Proof of enrollment, Recommendation letter, Essay","Nationalities: Unrestricted; Host country: Unrestricted; Fields: Business/Management, Cultural Studies, Law & Legal Studies....","Merit, essay response, and academic verification.","10th Giorgio Rota Best Paper Award Target: Young researchers (born after December 31st, 1987) Deadline: March 9th. The Centro Einaudi with the...",Not specified,2026-09-16
SCH_0348,Save The Everglades Scholarship,International Organization / Foundation,Organization / Foundation,IEFA,https://www.iefa.org/scholarships/3636/Save_The_Everglades_Scholarship,https://www.iefa.org/scholarships/3636/Save_The_Everglades_Scholarship,USA,USA,Unrestricted,Any,Full-time,Unrestricted,Not specified,Not specified,Enrolled or accepted in eligible accredited institution,Good academic standing,Not specified,Any,General,Equal Opportunity,International student or foreign national,Varies by award,USD,Partial,Partial,Not specified,Not specified,Not specified,Free,Varies (See official site),Annual / Semester award,Multiple,"Academic transcript, Proof of enrollment, Recommendation letter, Essay",Nationalities: Unrestricted; Host country: United States; Fields: Unrestricted.,"Merit, essay response, and academic verification.","As realtors in the beautiful state of Florida, we take pride in our state's natural beauty. Throughout the years, we've...",Not specified,2026-09-16
SCH_0349,The ZEE €2000 Scholarship,International Organization / Foundation,Organization / Foundation,IEFA,https://www.iefa.org/scholarships/3612/The_ZEE_€2000_Scholarship,https://www.iefa.org/scholarships/3612/The_ZEE_€2000_Scholarship,International,International,Unrestricted,Any,Full-time,Unrestricted,Not specified,Not specified,Enrolled or accepted in eligible accredited institution,Good academic standing,Not specified,Any,General,Equal Opportunity,International student or foreign national,Varies by award,EUR,Partial,Partial,Not specified,Not specified,Not specified,Free,Varies (See official site),Annual / Semester award,Multiple,"Academic transcript, Proof of enrollment, Recommendation letter, Essay",Nationalities: Unrestricted; Host country: Unrestricted; Fields: Unrestricted.,"Merit, essay response, and academic verification.","For a chance to receive a €2000 scholarship answer the question: What measures would affect the modernization, attractiveness, and livability...",Not specified,2026-09-16
SCH_0350,Travel Video Contest,International Organization / Foundation,Organization / Foundation,IEFA,https://www.iefa.org/scholarships/3622/Travel_Video_Contest,https://www.iefa.org/scholarships/3622/Travel_Video_Contest,International,International,Unrestricted,Any,Full-time,Unrestricted,Not specified,Not specified,Enrolled or accepted in eligible accredited institution,Good academic standing,Not specified,Any,General,Equal Opportunity,International student or foreign national,Varies by award,USD,Partial,Partial,Not specified,Not specified,Not specified,Free,Varies (See official site),Annual / Semester award,Multiple,"Academic transcript, Proof of enrollment, Recommendation letter, Essay",Nationalities: Unrestricted; Host country: Unrestricted; Fields: Unrestricted.,"Merit, essay response, and academic verification.","The Travel Video Contest is back for its 16th year and this year’s theme is ""community"". In a creative,...",Not specified,2026-09-16
SCH_0351,Advice for Your Younger Self Study Abroad Scholarship,International Organization / Foundation,Organization / Foundation,IEFA,https://www.iefa.org/scholarships/3625/Advice_for_Your_Younger_Self_Study_Abroad_Scholarship,https://www.iefa.org/scholarships/3625/Advice_for_Your_Younger_Self_Study_Abroad_Scholarship,Canada,USA,Unrestricted,Any,Full-time,Unrestricted,Not specified,Not specified,Enrolled or accepted in eligible accredited institution,Good academic standing,Not specified,Any,General,Equal Opportunity,International student or foreign national,Varies by award,USD,Partial,Partial,Not specified,Not specified,Not specified,Free,Varies (See official site),Annual / Semester award,Multiple,"Academic transcript, Proof of enrollment, Recommendation letter, Essay",Nationalities: Unrestricted; Host country: Canada and United States; Fields: Unrestricted.,"Merit, essay response, and academic verification.",The MPOWER October scholarship is all about the essay! We’d love to hear the advice you would give to your...,Not specified,2026-09-16
SCH_0352,Go Global MBA Scholarship,International Organization / Foundation,Organization / Foundation,IEFA,https://www.iefa.org/scholarships/3610/Go_Global_MBA_Scholarship,https://www.iefa.org/scholarships/3610/Go_Global_MBA_Scholarship,International,International,Unrestricted,Any,Full-time,Business/Management,Not specified,Not specified,Enrolled or accepted in eligible accredited institution,Good academic standing,Not specified,Any,General,Equal Opportunity,International student or foreign national,Varies by award,USD,Partial,Partial,Not specified,Not specified,Not specified,Free,Varies (See official site),Annual / Semester award,Multiple,"Academic transcript, Proof of enrollment, Recommendation letter, Essay",Nationalities: Unrestricted; Host country: Unrestricted; Fields: Business/Management.,"Merit, essay response, and academic verification.","educations.com is offering an MBA scholarship of up to $7,000 to help cover your tuition fees and get you one...",Not specified,2026-09-16
SCH_0353,Creative Biolabs Scholarship Program,International Organization / Foundation,Organization / Foundation,IEFA,https://www.iefa.org/scholarships/3619/Creative_Biolabs_Scholarship_Program,https://www.iefa.org/scholarships/3619/Creative_Biolabs_Scholarship_Program,International,International,Unrestricted,Any,Full-time,"Biology/Life Sciences, Psychology, Chemistry and Medicine",Not specified,Not specified,Enrolled or accepted in eligible accredited institution,Good academic standing,Not specified,Any,General,Equal Opportunity,International student or foreign national,Varies by award,USD,Partial,Partial,Not specified,Not specified,Not specified,Free,Varies (See official site),Annual / Semester award,Multiple,"Academic transcript, Proof of enrollment, Recommendation letter, Essay","Nationalities: Unrestricted; Host country: Unrestricted; Fields: Biology/Life Sciences, Psychology, Chemistry and Medicine.","Merit, essay response, and academic verification.","With an effort to further support their research and higher education in the medical and science-related fields, Creative Biolabs is...",Not specified,2026-09-16
SCH_0354,Perseverance Scholarship,International Organization / Foundation,Organization / Foundation,IEFA,https://www.iefa.org/scholarships/3617/Perseverance_Scholarship,https://www.iefa.org/scholarships/3617/Perseverance_Scholarship,USA,USA,Unrestricted,Any,Full-time,Unrestricted,Not specified,Not specified,Enrolled or accepted in eligible accredited institution,Good academic standing,Not specified,Any,General,Equal Opportunity,International student or foreign national,Varies by award,USD,Partial,Partial,Not specified,Not specified,Not specified,Free,Varies (See official site),Annual / Semester award,Multiple,"Academic transcript, Proof of enrollment, Recommendation letter, Essay",Nationalities: Unrestricted; Host country: United States; Fields: Unrestricted.,"Merit, essay response, and academic verification.",The annual scholarship is aimed at helping students who have shown great character by overcoming difficulties in their lives. The...,Not specified,2026-09-16
SCH_0355,Orangesoft Women in Technology Scholarship Program,International Organization / Foundation,Organization / Foundation,IEFA,https://www.iefa.org/scholarships/3615/Orangesoft_Women_in_Technology_Scholarship_Program,https://www.iefa.org/scholarships/3615/Orangesoft_Women_in_Technology_Scholarship_Program,USA,USA,Unrestricted,Any,Full-time,"Computer & Information Systems, Engineering, Mathematics...",Not specified,Not specified,Enrolled or accepted in eligible accredited institution,Good academic standing,Not specified,Female,General,Equal Opportunity,International student or foreign national,Varies by award,USD,Partial,Partial,Not specified,Not specified,Not specified,Free,Varies (See official site),Annual / Semester award,Multiple,"Academic transcript, Proof of enrollment, Recommendation letter, Essay","Nationalities: Unrestricted; Host country: United States; Fields: Computer & Information Systems, Engineering, Mathematics....","Merit, essay response, and academic verification.","Orangesoft offers a scholarship dedicated to female college or university students pursuing STEM, or other technology-related studies and careers. To apply...",Not specified,2026-09-16
SCH_0356,Marie Sklodowska-Curie Postdoctoral Fellowships at Fondazione Eni Enrico Mattei,International Organization / Foundation,Organization / Foundation,IEFA,https://www.iefa.org/scholarships/3597/Marie_Sklodowska-Curie_Postdoctoral_Fellowships_at_Fondazione_Eni_Enrico_Mattei,https://www.iefa.org/scholarships/3597/Marie_Sklodowska-Curie_Postdoctoral_Fellowships_at_Fondazione_Eni_Enrico_Mattei,Italy,Italy,Unrestricted,Any,Full-time,"Business/Management, Mathematics, Sustainable Development...",Not specified,Not specified,Enrolled or accepted in eligible accredited institution,Good academic standing,Not specified,Any,General,Equal Opportunity,International student or foreign national,Varies by award,USD,Partial,Partial,Not specified,Not specified,Not specified,Free,Varies (See official site),Annual / Semester award,Multiple,"Academic transcript, Proof of enrollment, Recommendation letter, Essay","Nationalities: Unrestricted; Host country: Italy; Fields: Business/Management, Mathematics, Sustainable Development....","Merit, essay response, and academic verification.",Marie Sklodowska-Curie Individual Fellowships at Fondazione Eni Enrico Mattei Internal deadline: August 25th (extended deadline) Following its long time tradition of successful...,Not specified,2026-09-16
SCH_0357,The Liberty Ranch Addiction & Mental Health Scholarship,International Organization / Foundation,Organization / Foundation,IEFA,https://www.iefa.org/scholarships/3614/The_Liberty_Ranch_Addiction_&_Mental_Health_Scholarship,https://www.iefa.org/scholarships/3614/The_Liberty_Ranch_Addiction_&_Mental_Health_Scholarship,USA,USA,Unrestricted,Any,Full-time,"Law & Legal Studies, Psychology and Liberal Arts/Humanities",Not specified,Not specified,Enrolled or accepted in eligible accredited institution,Good academic standing,Not specified,Any,General,Equal Opportunity,International student or foreign national,Varies by award,USD,Partial,Partial,Not specified,Not specified,Not specified,Free,Varies (See official site),Annual / Semester award,Multiple,"Academic transcript, Proof of enrollment, Recommendation letter, Essay","Nationalities: Unrestricted; Host country: United States; Fields: Law & Legal Studies, Psychology and Liberal Arts/Humanities.","Merit, essay response, and academic verification.","As a part of our mission to help those struggling with addiction heal and build a brighter future, the Liberty...",Not specified,2026-09-16
SCH_0358,Mechatronics Engineering in Korea Postdoc Opportunity,School of Mechatronics Engineering in Korea University of Technology,Organization / Foundation,IEFA,https://www.iefa.org/scholarships/3609/Mechatronics_Engineering_in_Korea_Postdoc_Opportunity,https://www.iefa.org/scholarships/3609/Mechatronics_Engineering_in_Korea_Postdoc_Opportunity,South Korea,South Korea,Unrestricted,Any,Full-time,Engineering,Not specified,Not specified,Enrolled or accepted in eligible accredited institution,Good academic standing,Not specified,Any,General,Equal Opportunity,International student or foreign national,Varies by award,USD,Partial,Partial,Not specified,Not specified,Not specified,Free,Varies (See official site),Annual / Semester award,Multiple,"Academic transcript, Proof of enrollment, Recommendation letter, Essay","Nationalities: Unrestricted; Host country: Korea, South; Fields: Engineering.","Merit, essay response, and academic verification.",SMALL is inviting applicants for one postdoc(available now) at School of Mechatronics Engineering in Korea University of Technology and Education(Koreatech)....,Not specified,2026-09-16
SCH_0359,Karatay Scholarships Turkey,International Organization / Foundation,Organization / Foundation,IEFA,https://www.iefa.org/scholarships/3600/Karatay_Scholarships_Turkey,https://www.iefa.org/scholarships/3600/Karatay_Scholarships_Turkey,Turkey,Turkey,Unrestricted,Any,Full-time,"Architecture & Design, Business/Management, Communications...",Not specified,Not specified,Enrolled or accepted in eligible accredited institution,Good academic standing,Not specified,Any,General,Equal Opportunity,International student or foreign national,Varies by award,USD,Partial,Partial,Not specified,Not specified,Not specified,Free,Varies (See official site),Annual / Semester award,Multiple,"Academic transcript, Proof of enrollment, Recommendation letter, Essay","Nationalities: Unrestricted; Host country: Turkey; Fields: Architecture & Design, Business/Management, Communications....","Merit, essay response, and academic verification.",KTO Karatay University offers Tuition Waiver scholarships to 491 international students who take the online scholarship exam. 81 students will...,Not specified,2026-09-16
SCH_0360,Scholarship for Studying in Kazakhstani Universities,International Organization / Foundation,Organization / Foundation,IEFA,https://www.iefa.org/scholarships/3599/Scholarship_for_Studying_in_Kazakhstani_Universities,https://www.iefa.org/scholarships/3599/Scholarship_for_Studying_in_Kazakhstani_Universities,Kazakhstan,Kazakhstan,Unrestricted,Any,Full-time,Unrestricted,Not specified,Not specified,Enrolled or accepted in eligible accredited institution,Good academic standing,Not specified,Any,General,Equal Opportunity,International student or foreign national,Varies by award,USD,Partial,Partial,Not specified,Not specified,Not specified,Free,Varies (See official site),Annual / Semester award,Multiple,"Academic transcript, Proof of enrollment, Recommendation letter, Essay",Nationalities: Unrestricted; Host country: Kazakhstan; Fields: Unrestricted.,"Merit, essay response, and academic verification.","The Ministry of Education and Science of the Republic of Kazakhstan calls for foreign applicants, including persons of Kazakh nationality...",Not specified,2026-09-16
SCH_0361,Academic English Bursary - Australia,International Organization / Foundation,Organization / Foundation,IEFA,https://www.iefa.org/scholarships/3594/Academic_English_Bursary_-_Australia,https://www.iefa.org/scholarships/3594/Academic_English_Bursary_-_Australia,Australia,Australia,Unrestricted,Any,Full-time,Unrestricted,Not specified,Not specified,Enrolled or accepted in eligible accredited institution,Good academic standing,Not specified,Any,General,Equal Opportunity,International student or foreign national,Varies by award,USD,Partial,Partial,Not specified,Not specified,Not specified,Free,Varies (See official site),Annual / Semester award,Multiple,"Academic transcript, Proof of enrollment, Recommendation letter, Essay",Nationalities: Unrestricted; Host country: Australia; Fields: Unrestricted.,"Merit, essay response, and academic verification.",The RMIT Ready Bursary is a 20% bursary (like a discount or scholarship) that is available to all RMIT Training...,Not specified,2026-09-16
SCH_0362,MBA Scholarship Stockholm,International Organization / Foundation,Organization / Foundation,IEFA,https://www.iefa.org/scholarships/3508/MBA_Scholarship_Stockholm,https://www.iefa.org/scholarships/3508/MBA_Scholarship_Stockholm,Sweden,Sweden,Unrestricted,Any,Full-time,Business/Management and Economics,Not specified,Not specified,Enrolled or accepted in eligible accredited institution,Good academic standing,Not specified,Any,General,Equal Opportunity,International student or foreign national,Varies by award,USD,Partial,Partial,Not specified,Not specified,Not specified,Free,Varies (See official site),Annual / Semester award,Multiple,"Academic transcript, Proof of enrollment, Recommendation letter, Essay",Nationalities: Unrestricted; Host country: Sweden; Fields: Business/Management and Economics.,"Merit, essay response, and academic verification.","This scholarship is based on cooperation between Dagens Industri, utbildning.se and Stockholm School of Economics and covers the full tuition...",Not specified,2026-09-16
SCH_0363,9th GIORGIO ROTA Best Paper Award,International Organization / Foundation,Organization / Foundation,IEFA,https://www.iefa.org/scholarships/3587/9th_GIORGIO_ROTA_Best_Paper_Award,https://www.iefa.org/scholarships/3587/9th_GIORGIO_ROTA_Best_Paper_Award,International,International,Unrestricted,Any,Full-time,Unrestricted,Not specified,Not specified,Enrolled or accepted in eligible accredited institution,Good academic standing,Not specified,Any,General,Equal Opportunity,International student or foreign national,Varies by award,USD,Partial,Partial,Not specified,Not specified,Not specified,Free,Varies (See official site),Annual / Semester award,Multiple,"Academic transcript, Proof of enrollment, Recommendation letter, Essay",Nationalities: Unrestricted; Host country: Unrestricted; Fields: Unrestricted.,"Merit, essay response, and academic verification.",9th Centro Einaudi GR Best Paper Award with the support of Fondazione CRT Young researchers are invited to participate...,Not specified,2026-09-16
SCH_0364,William Woods University Performance Award,William Woods University,Organization / Foundation,IEFA,https://www.iefa.org/scholarships/966/William_Woods_University_Performance_Award,https://www.iefa.org/scholarships/966/William_Woods_University_Performance_Award,USA,USA,Unrestricted,Any,Full-time,Film/Motion Picture,Not specified,Not specified,Enrolled or accepted in eligible accredited institution,Good academic standing,Not specified,Any,General,Equal Opportunity,International student or foreign national,Varies by award,USD,Partial,Partial,Not specified,Not specified,Not specified,Free,Varies (See official site),Annual / Semester award,Multiple,"Academic transcript, Proof of enrollment, Recommendation letter, Essay",Nationalities: Unrestricted; Host country: United States; Fields: Film/Motion Picture.,"Merit, essay response, and academic verification.","For those with an intended major in American Sign Lanugage Interpreting, Communication, Graphic Arts or Graphic Design, Performing Arts or...",Not specified,2026-09-16
SCH_0365,Vaughn S. Clauson Public Interest Scholarship,International Organization / Foundation,Organization / Foundation,IEFA,https://www.iefa.org/scholarships/3585/Vaughn_S._Clauson_Public_Interest_Scholarship,https://www.iefa.org/scholarships/3585/Vaughn_S._Clauson_Public_Interest_Scholarship,USA,USA,Unrestricted,Postgraduate,Full-time,Law & Legal Studies,Not specified,Not specified,Enrolled or accepted in eligible accredited institution,Good academic standing,Not specified,Any,General,Equal Opportunity,International student or foreign national,Varies by award,USD,Partial,Partial,Not specified,Not specified,Not specified,Free,Varies (See official site),Annual / Semester award,Multiple,"Academic transcript, Proof of enrollment, Recommendation letter, Essay",Nationalities: Unrestricted; Host country: United States; Fields: Law & Legal Studies.,"Merit, essay response, and academic verification.","The purpose of the scholarship is to provide financial assistance to students pursuing an undergraduate, graduate, or professional studies degree...",Not specified,2026-09-16
SCH_0366,"$1,500 Essay Writing Contest",International Organization / Foundation,Organization / Foundation,IEFA,"https://www.iefa.org/scholarships/3580/$1,500_Essay_Writing_Contest","https://www.iefa.org/scholarships/3580/$1,500_Essay_Writing_Contest",International,International,Unrestricted,Postgraduate,Full-time,Unrestricted,Not specified,Not specified,Enrolled or accepted in eligible accredited institution,Good academic standing,Not specified,Any,General,Equal Opportunity,International student or foreign national,Varies by award,USD,Partial,Partial,Not specified,Not specified,Not specified,Free,Varies (See official site),Annual / Semester award,Multiple,"Academic transcript, Proof of enrollment, Recommendation letter, Essay",Nationalities: Unrestricted; Host country: Unrestricted; Fields: Unrestricted.,"Merit, essay response, and academic verification.",IvyPanda.com provides $1500 in awards annually for talented students who demonstrate mastery of essay writing. Prizes5 will be awarded to...,Not specified,2026-09-16
SCH_0367,Thermo Fisher Scientific Antibody Scholarship,International Organization / Foundation,Organization / Foundation,IEFA,https://www.iefa.org/scholarships/3579/Thermo_Fisher_Scientific_Antibody_Scholarship,https://www.iefa.org/scholarships/3579/Thermo_Fisher_Scientific_Antibody_Scholarship,USA,USA,Unrestricted,Postgraduate,Full-time,Biology/Life Sciences and Chemistry,Not specified,Not specified,Enrolled or accepted in eligible accredited institution,Good academic standing,Not specified,Any,General,Equal Opportunity,International student or foreign national,Varies by award,USD,Partial,Partial,Not specified,Not specified,Not specified,Free,Varies (See official site),Annual / Semester award,Multiple,"Academic transcript, Proof of enrollment, Recommendation letter, Essay",Nationalities: Unrestricted; Host country: United States; Fields: Biology/Life Sciences and Chemistry.,"Merit, essay response, and academic verification.","Since 2012, Thermo Fisher Scientific has offered scholarships to undergraduate and graduate students in the life sciences. This year we...",Not specified,2026-09-16
SCH_0368,PFLAG Chapter Scholarships,International Organization / Foundation,Organization / Foundation,IEFA,https://www.iefa.org/scholarships/1302/PFLAG_Chapter_Scholarships,https://www.iefa.org/scholarships/1302/PFLAG_Chapter_Scholarships,International,International,Unrestricted,Any,Full-time,Unrestricted,Not specified,Not specified,Enrolled or accepted in eligible accredited institution,Good academic standing,Not specified,Any,General,Equal Opportunity,International student or foreign national,Varies by award,USD,Partial,Partial,Not specified,Not specified,Not specified,Free,Varies (See official site),Annual / Semester award,Multiple,"Academic transcript, Proof of enrollment, Recommendation letter, Essay",Nationalities: Unrestricted; Host country: Unrestricted; Fields: Unrestricted.,"Merit, essay response, and academic verification.","Many PFLAG chapters have scholarship programs of their own. The following is not an exhaustive list, but includes some of...",Not specified,2026-09-16
SCH_0369,Big Data Scholarship and Training,International Organization / Foundation,Organization / Foundation,IEFA,https://www.iefa.org/scholarships/3575/Big_Data_Scholarship_and_Training,https://www.iefa.org/scholarships/3575/Big_Data_Scholarship_and_Training,Hungary,Hungary,Unrestricted,Any,Full-time,"Computer & Information Systems, Engineering, Mathematics...",Not specified,Not specified,Enrolled or accepted in eligible accredited institution,Good academic standing,Not specified,Any,General,Equal Opportunity,International student or foreign national,Varies by award,USD,Partial,Partial,Not specified,Not specified,Not specified,Free,Varies (See official site),Annual / Semester award,Multiple,"Academic transcript, Proof of enrollment, Recommendation letter, Essay","Nationalities: Unrestricted; Host country: Hungary; Fields: Computer & Information Systems, Engineering, Mathematics....","Merit, essay response, and academic verification.","A London-based boutique investment firm will award applicants who demonstrate passion for financial services, data analysis and programming. The scholarships cover...",Not specified,2026-09-16
SCH_0370,Women in Technology Scholarship,International Organization / Foundation,Organization / Foundation,IEFA,https://www.iefa.org/scholarships/3576/Women_in_Technology_Scholarship,https://www.iefa.org/scholarships/3576/Women_in_Technology_Scholarship,Hungary,Hungary,Unrestricted,Any,Full-time,"Computer & Information Systems, Engineering, Mathematics...",Not specified,Not specified,Enrolled or accepted in eligible accredited institution,Good academic standing,Not specified,Female,General,Equal Opportunity,International student or foreign national,Varies by award,USD,Partial,Partial,Not specified,Not specified,Not specified,Free,Varies (See official site),Annual / Semester award,Multiple,"Academic transcript, Proof of enrollment, Recommendation letter, Essay","Nationalities: Unrestricted; Host country: Hungary; Fields: Computer & Information Systems, Engineering, Mathematics....","Merit, essay response, and academic verification.","BlackRock and CEU will award scholarships to women who show passion for data analysis, programming and technology, and great potential...",Not specified,2026-09-16
SCH_0371,Morgan Stanley Internship Program,International Organization / Foundation,Organization / Foundation,IEFA,https://www.iefa.org/scholarships/3577/Morgan_Stanley_Internship_Program,https://www.iefa.org/scholarships/3577/Morgan_Stanley_Internship_Program,Hungary,Hungary,Unrestricted,Any,Full-time,"Business/Management, Finance, Economics and Accounting",Not specified,Not specified,Enrolled or accepted in eligible accredited institution,Good academic standing,Not specified,Any,General,Equal Opportunity,International student or foreign national,Varies by award,USD,Partial,Partial,Not specified,Not specified,Not specified,Free,Varies (See official site),Annual / Semester award,Multiple,"Academic transcript, Proof of enrollment, Recommendation letter, Essay","Nationalities: Unrestricted; Host country: Hungary; Fields: Business/Management, Finance, Economics and Accounting.","Merit, essay response, and academic verification.","Morgan Stanley will award paid internships in its Finance, Risk, Quantitative Finance and possibly other teams in Budapest. Selected candidates may...",Not specified,2026-09-16
SCH_0372,"49,000 EUR scholarship to join an MSc in Austria, Germany, France, Italy, Spain",International Organization / Foundation,Organization / Foundation,IEFA,"https://www.iefa.org/scholarships/3568/49,000_EUR_scholarship_to_join_an_MSc_in_Austria,_Germany,_France,_Italy,_Spain","https://www.iefa.org/scholarships/3568/49,000_EUR_scholarship_to_join_an_MSc_in_Austria,_Germany,_France,_Italy,_Spain",Germany,Germany,Unrestricted,Postgraduate,Full-time,"Engineering, Mathematics, Applied Science and Physics",Not specified,Not specified,Enrolled or accepted in eligible accredited institution,Good academic standing,Not specified,Any,General,Equal Opportunity,International student or foreign national,Varies by award,USD,Partial,Partial,Not specified,Not specified,Not specified,Free,Varies (See official site),Annual / Semester award,Multiple,"Academic transcript, Proof of enrollment, Recommendation letter, Essay","Nationalities: Unrestricted; Host country: Austria, France, Germany...; Fields: Engineering, Mathematics, Applied Science and Physics.","Merit, essay response, and academic verification.",“InterMaths – Interdisciplinary Mathematics” is a 2-Year full-time Erasmus Mundus Joint Master Degree in Mathematical Modelling and Simulation with interdisciplinary...,Not specified,2026-09-16
SCH_0373,GRADUATE SCHOLARSHIP PROGRAMS OF TON DUC THANG UNIVERSITY,International Organization / Foundation,Organization / Foundation,IEFA,https://www.iefa.org/scholarships/3516/GRADUATE_SCHOLARSHIP_PROGRAMS_OF_TON_DUC_THANG_UNIVERSITY,https://www.iefa.org/scholarships/3516/GRADUATE_SCHOLARSHIP_PROGRAMS_OF_TON_DUC_THANG_UNIVERSITY,Vietnam,Vietnam,"Argentina, Australia, Austria...",Any,Full-time,"Architecture & Design, Computer & Information Systems, Engineering...",Not specified,Not specified,Enrolled or accepted in eligible accredited institution,Good academic standing,Not specified,Any,General,Equal Opportunity,International student or foreign national,Varies by award,USD,Partial,Partial,Not specified,Not specified,Not specified,Free,Varies (See official site),Annual / Semester award,Multiple,"Academic transcript, Proof of enrollment, Recommendation letter, Essay","Nationalities: Argentina, Australia, Austria...; Host country: Vietnam; Fields: Architecture & Design, Computer & Information Systems, Engineering....","Merit, essay response, and academic verification.","TDTU scholarships provide talented and deserving international students with the opportunity to develop a passion for learning in our engaged,...",Not specified,2026-09-16
SCH_0374,Postdoctoral Scholarship in Developmental Psychiatry,International Organization / Foundation,Organization / Foundation,IEFA,https://www.iefa.org/scholarships/3567/Postdoctoral_Scholarship_in_Developmental_Psychiatry,https://www.iefa.org/scholarships/3567/Postdoctoral_Scholarship_in_Developmental_Psychiatry,Brazil,Brazil,Unrestricted,Any,Full-time,"Biology/Life Sciences, Health Professions and Medicine",Not specified,Not specified,Enrolled or accepted in eligible accredited institution,Good academic standing,Not specified,Any,General,Equal Opportunity,International student or foreign national,Varies by award,USD,Partial,Partial,Not specified,Not specified,Not specified,Free,Varies (See official site),Annual / Semester award,Multiple,"Academic transcript, Proof of enrollment, Recommendation letter, Essay","Nationalities: Unrestricted; Host country: Brazil; Fields: Biology/Life Sciences, Health Professions and Medicine.","Merit, essay response, and academic verification.",Counterproductive behaviors in facing the SARS-Cov-2 pandemic in Brazil: investigation using a 10-year cohort of follow-up and Ecological Momentary Assessment Postdoctoral...,Not specified,2026-09-16
SCH_0375,Kennedy Scholarships at Harvard and MIT,Harvard University,Organization / Foundation,IEFA,https://www.iefa.org/scholarships/3546/Kennedy_Scholarships_at_Harvard_and_MIT,https://www.iefa.org/scholarships/3546/Kennedy_Scholarships_at_Harvard_and_MIT,USA,USA,United Kingdom,Any,Full-time,Unrestricted,Not specified,Not specified,Enrolled or accepted in eligible accredited institution,Good academic standing,Not specified,Any,General,Equal Opportunity,International student or foreign national,Varies by award,USD,Partial,Partial,Not specified,Not specified,Not specified,Free,Varies (See official site),Annual / Semester award,Multiple,"Academic transcript, Proof of enrollment, Recommendation letter, Essay",Nationalities: United Kingdom; Host country: United States; Fields: Unrestricted.,"Merit, essay response, and academic verification.",The Kennedy Memorial Trust invites applications for Kennedy Scholarships tenable at Harvard University and the Massachusetts Institute of Technology (MIT). Kennedy...,Not specified,2026-09-16
SCH_0376,Furen International School Education Scholarship,International Organization / Foundation,Organization / Foundation,IEFA,https://www.iefa.org/scholarships/3566/Furen_International_School_Education_Scholarship,https://www.iefa.org/scholarships/3566/Furen_International_School_Education_Scholarship,Singapore,Singapore,Unrestricted,Any,Full-time,"English Literature, ESL & English Language, Mathematics...",Not specified,Not specified,Enrolled or accepted in eligible accredited institution,Good academic standing,Not specified,Any,General,Equal Opportunity,International student or foreign national,Varies by award,USD,Partial,Partial,Not specified,Not specified,Not specified,Free,Varies (See official site),Annual / Semester award,Multiple,"Academic transcript, Proof of enrollment, Recommendation letter, Essay","Nationalities: Unrestricted; Host country: Singapore; Fields: English Literature, ESL & English Language, Mathematics....","Merit, essay response, and academic verification.",Furen International School provides ‘The Education Scholarship’ to aid nonChinese students in discovering Chinese Language and Culture in a nurturing...,Not specified,2026-09-16
SCH_0377,International Student Voice Scholarship Photo Contest,International Organization / Foundation,Organization / Foundation,IEFA,https://www.iefa.org/scholarships/3565/International_Student_Voice_Scholarship_Photo_Contest_,https://www.iefa.org/scholarships/3565/International_Student_Voice_Scholarship_Photo_Contest_,USA,USA,Unrestricted,Any,Full-time,Unrestricted,Not specified,Not specified,Enrolled or accepted in eligible accredited institution,Good academic standing,Not specified,Any,General,Equal Opportunity,International student or foreign national,Varies by award,USD,Partial,Partial,Not specified,Not specified,Not specified,Free,Varies (See official site),Annual / Semester award,Multiple,"Academic transcript, Proof of enrollment, Recommendation letter, Essay",Nationalities: Unrestricted; Host country: United States; Fields: Unrestricted.,"Merit, essay response, and academic verification.",$500 scholarship opportunity for international students for spring 2021! International Student Voice Celebrating Your Favorite Holiday Scholarship Photo Contest No matter...,Not specified,2026-09-16
SCH_0378,Fashion and Design Scholarships,International Organization / Foundation,Organization / Foundation,IEFA,https://www.iefa.org/scholarships/3562/Fashion_and_Design_Scholarships,https://www.iefa.org/scholarships/3562/Fashion_and_Design_Scholarships,Italy,Italy,Unrestricted,Any,Full-time,"Business/Management, Communications, Fashion...",Not specified,Not specified,Enrolled or accepted in eligible accredited institution,Good academic standing,Not specified,Any,General,Equal Opportunity,International student or foreign national,Varies by award,USD,Partial,Partial,Not specified,Not specified,Not specified,Free,Varies (See official site),Annual / Semester award,Multiple,"Academic transcript, Proof of enrollment, Recommendation letter, Essay","Nationalities: Unrestricted; Host country: Italy; Fields: Business/Management, Communications, Fashion....","Merit, essay response, and academic verification.","Raffles Milano, one of the most exclusive fashion and design schools in the world, located in the heart of Milan,...",Not specified,2026-09-16
SCH_0379,Digital Marketing Scholarship,"Deepak Shukla, someone whose been able",Organization / Foundation,IEFA,https://www.iefa.org/scholarships/3563/Digital_Marketing_Scholarship,https://www.iefa.org/scholarships/3563/Digital_Marketing_Scholarship,International,International,Unrestricted,Any,Full-time,Unrestricted,Not specified,Not specified,Enrolled or accepted in eligible accredited institution,Good academic standing,Not specified,Any,General,Equal Opportunity,International student or foreign national,Varies by award,USD,Partial,Partial,Not specified,Not specified,Not specified,Free,Varies (See official site),Annual / Semester award,Multiple,"Academic transcript, Proof of enrollment, Recommendation letter, Essay",Nationalities: Unrestricted; Host country: Unrestricted; Fields: Unrestricted.,"Merit, essay response, and academic verification.","Pearl Lemon was founded by Deepak Shukla, someone whose been able to get a great education as a consequence of...",Not specified,2026-09-16
SCH_0380,Crypto Currency and Economics Scholarship,International Organization / Foundation,Organization / Foundation,IEFA,https://www.iefa.org/scholarships/3558/Crypto_Currency_and_Economics_Scholarship,https://www.iefa.org/scholarships/3558/Crypto_Currency_and_Economics_Scholarship,International,International,Unrestricted,Any,Full-time,Unrestricted,Not specified,Not specified,Enrolled or accepted in eligible accredited institution,Good academic standing,Not specified,Any,General,Equal Opportunity,International student or foreign national,Varies by award,USD,Partial,Partial,Not specified,Not specified,Not specified,Free,Varies (See official site),Annual / Semester award,Multiple,"Academic transcript, Proof of enrollment, Recommendation letter, Essay",Nationalities: Unrestricted; Host country: Unrestricted; Fields: Unrestricted.,"Merit, essay response, and academic verification.","Take the chance and apply for our scholarships of $1,000 in total per year. We offer one scholarship per semester...",Not specified,2026-09-16
SCH_0381,Frank Knox Fellowships at Harvard University,Fellowships provided by Mrs Annie Reid Knox,Organization / Foundation,IEFA,https://www.iefa.org/scholarships/3551/Frank_Knox_Fellowships_at_Harvard_University,https://www.iefa.org/scholarships/3551/Frank_Knox_Fellowships_at_Harvard_University,USA,USA,United Kingdom,Any,Full-time,Unrestricted,Not specified,Not specified,Enrolled or accepted in eligible accredited institution,Good academic standing,Not specified,Any,General,Equal Opportunity,International student or foreign national,Varies by award,USD,Partial,Partial,Not specified,Not specified,Not specified,Free,Varies (See official site),Annual / Semester award,Multiple,"Academic transcript, Proof of enrollment, Recommendation letter, Essay",Nationalities: United Kingdom; Host country: United States; Fields: Unrestricted.,"Merit, essay response, and academic verification.",The President and Fellows of Harvard College have announced that Fellowships provided by Mrs Annie Reid Knox for the Frank...,Not specified,2026-09-16
SCH_0382,Teen Changemakers Essay Contest,International Organization / Foundation,Organization / Foundation,IEFA,https://www.iefa.org/scholarships/3547/Teen_Changemakers_Essay_Contest,https://www.iefa.org/scholarships/3547/Teen_Changemakers_Essay_Contest,International,International,Unrestricted,Any,Full-time,Unrestricted,Not specified,Not specified,Enrolled or accepted in eligible accredited institution,Good academic standing,Not specified,Any,General,Equal Opportunity,International student or foreign national,Varies by award,USD,Partial,Partial,Not specified,Not specified,Not specified,Free,Varies (See official site),Annual / Semester award,Multiple,"Academic transcript, Proof of enrollment, Recommendation letter, Essay",Nationalities: Unrestricted; Host country: Unrestricted; Fields: Unrestricted.,"Merit, essay response, and academic verification.",We All Have Mental Health… How Can Students' Mental Health Be Supported Virtually? Connect with your peers virtually to understand...,Not specified,2026-09-16
SCH_0383,Full scholarship opportunity for Ph.D program in advanced printing lab,International Organization / Foundation,Organization / Foundation,IEFA,https://www.iefa.org/scholarships/3544/Full_scholarship_opportunity_for_Ph.D_program__in_advanced_printing_lab,https://www.iefa.org/scholarships/3544/Full_scholarship_opportunity_for_Ph.D_program__in_advanced_printing_lab,South Korea,South Korea,Unrestricted,Postgraduate,Full-time,Engineering,Not specified,Not specified,Enrolled or accepted in eligible accredited institution,Good academic standing,Not specified,Any,General,Equal Opportunity,International student or foreign national,Varies by award,USD,Partial,Partial,Not specified,Not specified,Not specified,Free,Varies (See official site),Annual / Semester award,Multiple,"Academic transcript, Proof of enrollment, Recommendation letter, Essay","Nationalities: Unrestricted; Host country: Korea, South; Fields: Engineering.","Merit, essay response, and academic verification.",Advanced printing lab is searching Ph.d candiates (or master-Ph.d combination course) with strong engineering background. (I will guide students...,Not specified,2026-09-16
SCH_0384,Denmark Scholarship Opportunity,International Organization / Foundation,Organization / Foundation,IEFA,https://www.iefa.org/scholarships/3545/Denmark_Scholarship_Opportunity,https://www.iefa.org/scholarships/3545/Denmark_Scholarship_Opportunity,Denmark,Denmark,Unrestricted,Any,Full-time,Unrestricted,Not specified,Not specified,Enrolled or accepted in eligible accredited institution,Good academic standing,Not specified,Any,General,Equal Opportunity,International student or foreign national,Varies by award,USD,Partial,Partial,Not specified,Not specified,Not specified,Free,Varies (See official site),Annual / Semester award,Multiple,"Academic transcript, Proof of enrollment, Recommendation letter, Essay",Nationalities: Unrestricted; Host country: Denmark; Fields: Unrestricted.,"Merit, essay response, and academic verification.",Moneezy has a scholarship for international students who do an exchange semester at any university in Denmark or enroll in...,Not specified,2026-09-16
SCH_0385,LSEUPR Annual Essay Competition,International Organization / Foundation,Organization / Foundation,IEFA,https://www.iefa.org/scholarships/3541/LSEUPR_Annual_Essay_Competition,https://www.iefa.org/scholarships/3541/LSEUPR_Annual_Essay_Competition,International,International,Unrestricted,Any,Full-time,Unrestricted,Not specified,Not specified,Enrolled or accepted in eligible accredited institution,Good academic standing,Not specified,Any,General,Equal Opportunity,International student or foreign national,Varies by award,USD,Partial,Partial,Not specified,Not specified,Not specified,Free,Varies (See official site),Annual / Semester award,Multiple,"Academic transcript, Proof of enrollment, Recommendation letter, Essay",Nationalities: Unrestricted; Host country: Unrestricted; Fields: Unrestricted.,"Merit, essay response, and academic verification.","Each year we hold an essay competition for students who are yet to complete their A-Levels, IB or equivalent, i.e....",Not specified,2026-09-16
SCH_0386,Full and Merit-Based Scholarships at Western Caspian University,Full and Merit-Based Scholarships at Western Caspian University,Organization / Foundation,IEFA,https://www.iefa.org/scholarships/3538/Full_and_Merit-Based_Scholarships_at_Western_Caspian_University,https://www.iefa.org/scholarships/3538/Full_and_Merit-Based_Scholarships_at_Western_Caspian_University,Azerbaijan,Azerbaijan,"Afghanistan, Burkina Faso, Burundi...",Postgraduate,Full-time,"Architecture & Design, Biology/Life Sciences, Business/Management...",Not specified,Not specified,Enrolled or accepted in eligible accredited institution,Good academic standing,Not specified,Any,General,Equal Opportunity,International student or foreign national,Varies by award,USD,Partial,Partial,Not specified,Not specified,Not specified,Free,Varies (See official site),Annual / Semester award,Multiple,"Academic transcript, Proof of enrollment, Recommendation letter, Essay","Nationalities: Afghanistan, Burkina Faso, Burundi...; Host country: Azerbaijan; Fields: Architecture & Design, Biology/Life Sciences, Business/Management....","Merit, essay response, and academic verification.","Western Caspian University announces the Full and Merit-Based Scholarships for distinguished international applicants who wish to pursue bachelor’s, master’s and...",Not specified,2026-09-16
SCH_0387,Go Digital Scholarship Program,International Organization / Foundation,Organization / Foundation,IEFA,https://www.iefa.org/scholarships/3532/Go_Digital_Scholarship_Program,https://www.iefa.org/scholarships/3532/Go_Digital_Scholarship_Program,International,International,Unrestricted,Postgraduate,Full-time,Unrestricted,Not specified,Not specified,Enrolled or accepted in eligible accredited institution,Good academic standing,Not specified,Any,General,Equal Opportunity,International student or foreign national,Varies by award,USD,Partial,Partial,Not specified,Not specified,Not specified,Free,Varies (See official site),Annual / Semester award,Multiple,"Academic transcript, Proof of enrollment, Recommendation letter, Essay",Nationalities: Unrestricted; Host country: Unrestricted; Fields: Unrestricted.,"Merit, essay response, and academic verification.","Jelvix offers an achievement-based Scholarship Program for high school and graduate students interested in science, innovative and emerging technologies and...",Not specified,2026-09-16
SCH_0388,Graduate Research Assistant,School of Mechatronics Engineering,Organization / Foundation,IEFA,https://www.iefa.org/scholarships/3527/Graduate_Research_Assistant,https://www.iefa.org/scholarships/3527/Graduate_Research_Assistant,South Korea,South Korea,Unrestricted,Postgraduate,Full-time,Engineering and Chemistry,Not specified,Not specified,Enrolled or accepted in eligible accredited institution,Good academic standing,Not specified,Any,General,Equal Opportunity,International student or foreign national,Varies by award,USD,Partial,Partial,Not specified,Not specified,Not specified,Free,Varies (See official site),Annual / Semester award,Multiple,"Academic transcript, Proof of enrollment, Recommendation letter, Essay","Nationalities: Unrestricted; Host country: Korea, South; Fields: Engineering and Chemistry.","Merit, essay response, and academic verification.",SMALL is inviting applicants for two or three Graduate Research Assistant positions (PhD candidate preferred) at School of Mechatronics Engineering...,Not specified,2026-09-16
SCH_0389,Global Business Diversity Scholarship,International Organization / Foundation,Organization / Foundation,IEFA,https://www.iefa.org/scholarships/3496/Global_Business_Diversity_Scholarship,https://www.iefa.org/scholarships/3496/Global_Business_Diversity_Scholarship,Australia,Australia,Unrestricted,Any,Full-time,Business/Management,Not specified,Not specified,Enrolled or accepted in eligible accredited institution,Good academic standing,Not specified,Any,General,Equal Opportunity,International student or foreign national,Varies by award,USD,Partial,Partial,Not specified,Not specified,Not specified,Free,Varies (See official site),Annual / Semester award,Multiple,"Academic transcript, Proof of enrollment, Recommendation letter, Essay","Nationalities: Unrestricted; Host country: Australia, Singapore and United Arab Emirates; Fields: Business/Management.","Merit, essay response, and academic verification.","S P Jain School of Global Management, is constantly ranked among the world’s best schools and programs, provides tuition grants...",Not specified,2026-09-16
SCH_0390,Marie Sklodowska-Curie Individual Fellowships at Fondazione Eni Enrico Mattei,International Organization / Foundation,Organization / Foundation,IEFA,https://www.iefa.org/scholarships/3526/Marie_Sklodowska-Curie_Individual_Fellowships_at_Fondazione_Eni_Enrico_Mattei_,https://www.iefa.org/scholarships/3526/Marie_Sklodowska-Curie_Individual_Fellowships_at_Fondazione_Eni_Enrico_Mattei_,International,International,Unrestricted,Postgraduate,Full-time,"Sustainable Development, Economics, Political Science...",Not specified,Not specified,Enrolled or accepted in eligible accredited institution,Good academic standing,Not specified,Any,General,Equal Opportunity,International student or foreign national,Varies by award,USD,Partial,Partial,Not specified,Not specified,Not specified,Free,Varies (See official site),Annual / Semester award,Multiple,"Academic transcript, Proof of enrollment, Recommendation letter, Essay","Nationalities: Unrestricted; Host country: Unrestricted; Fields: Sustainable Development, Economics, Political Science....","Merit, essay response, and academic verification.","Following its long time tradition of successful international post-graduate and doctoral training, FEEM supports Marie Sklodowska-Curie Individual Fellowship applications. For...",Not specified,2026-09-16
SCH_0391,Engineering Scholarship Opportunity in US and Canada,International Organization / Foundation,Organization / Foundation,IEFA,https://www.iefa.org/scholarships/3525/Engineering_Scholarship_Opportunity_in_US_and_Canada,https://www.iefa.org/scholarships/3525/Engineering_Scholarship_Opportunity_in_US_and_Canada,Canada,USA,Canada and United States,Any,Full-time,Engineering,Not specified,Not specified,Enrolled or accepted in eligible accredited institution,Good academic standing,Not specified,Any,General,Equal Opportunity,International student or foreign national,Varies by award,USD,Partial,Partial,Not specified,Not specified,Not specified,Free,Varies (See official site),Annual / Semester award,Multiple,"Academic transcript, Proof of enrollment, Recommendation letter, Essay",Nationalities: Canada and United States; Host country: Canada and United States; Fields: Engineering.,"Merit, essay response, and academic verification.","Progressive Automations gives away $1,000 dollars each in scholarships to two engineering students each year. Our goal is to promote...",Not specified,2026-09-16
SCH_0392,SBW Berlin Scholarship,International Organization / Foundation,Organization / Foundation,IEFA,https://www.iefa.org/scholarships/3519/SBW_Berlin_Scholarship,https://www.iefa.org/scholarships/3519/SBW_Berlin_Scholarship,Germany,Germany,"Afghanistan, Albania, Algeria...",Any,Full-time,Unrestricted,Not specified,Not specified,Enrolled or accepted in eligible accredited institution,Good academic standing,Not specified,Any,General,Equal Opportunity,International student or foreign national,Varies by award,USD,Partial,Partial,Not specified,Not specified,Not specified,Free,Varies (See official site),Annual / Semester award,Multiple,"Academic transcript, Proof of enrollment, Recommendation letter, Essay","Nationalities: Afghanistan, Albania, Algeria...; Host country: Germany; Fields: Unrestricted.","Merit, essay response, and academic verification.",Our vision is a world in which all people have the opportunity to develop their potential freely – regardless of...,Not specified,2026-09-16
SCH_0393,Hope College International Student Scholarship,International Organization / Foundation,Organization / Foundation,IEFA,https://www.iefa.org/scholarships/3520/Hope_College_International_Student_Scholarship,https://www.iefa.org/scholarships/3520/Hope_College_International_Student_Scholarship,USA,USA,Unrestricted,Any,Full-time,"Biology/Life Sciences, Business/Management, Communications...",Not specified,Not specified,Enrolled or accepted in eligible accredited institution,Good academic standing,Not specified,Any,General,Equal Opportunity,International student or foreign national,Varies by award,USD,Partial,Partial,Not specified,Not specified,Not specified,Free,Varies (See official site),Annual / Semester award,Multiple,"Academic transcript, Proof of enrollment, Recommendation letter, Essay","Nationalities: Unrestricted; Host country: United States; Fields: Biology/Life Sciences, Business/Management, Communications....","Merit, essay response, and academic verification.",Available ONLY to students attending Hope College. All admitted international applicants will automatically by considered for this merit-based scholarship....,Not specified,2026-09-16
SCH_0394,Home Town Essay Scholarship,International Organization / Foundation,Organization / Foundation,IEFA,https://www.iefa.org/scholarships/3523/Home_Town_Essay_Scholarship,https://www.iefa.org/scholarships/3523/Home_Town_Essay_Scholarship,USA,USA,Unrestricted,Any,Full-time,Unrestricted,Not specified,Not specified,Enrolled or accepted in eligible accredited institution,Good academic standing,Not specified,Any,General,Equal Opportunity,International student or foreign national,Varies by award,USD,Partial,Partial,Not specified,Not specified,Not specified,Free,Varies (See official site),Annual / Semester award,Multiple,"Academic transcript, Proof of enrollment, Recommendation letter, Essay",Nationalities: Unrestricted; Host country: United States; Fields: Unrestricted.,"Merit, essay response, and academic verification.",HoustonMovers.com is passionate about helping newcomers discover what an amazing city their hometown of Houston is. For their $500 annual...,Not specified,2026-09-16
SCH_0395,Literature Scholarship,TranslationServices,Organization / Foundation,IEFA,https://www.iefa.org/scholarships/3521/Literature_Scholarship,https://www.iefa.org/scholarships/3521/Literature_Scholarship,USA,USA,Unrestricted,Any,Full-time,Unrestricted,Not specified,Not specified,Enrolled or accepted in eligible accredited institution,Good academic standing,Not specified,Any,General,Equal Opportunity,International student or foreign national,Varies by award,USD,Partial,Partial,Not specified,Not specified,Not specified,Free,Varies (See official site),Annual / Semester award,Multiple,"Academic transcript, Proof of enrollment, Recommendation letter, Essay",Nationalities: Unrestricted; Host country: United States; Fields: Unrestricted.,"Merit, essay response, and academic verification.","The team at TranslationServices.com knows that reading can change lives. This is why, for every translation order, they donate five...",Not specified,2026-09-16
SCH_0396,Hearing Loss Essay Scholarship,International Organization / Foundation,Organization / Foundation,IEFA,https://www.iefa.org/scholarships/3511/Hearing_Loss_Essay_Scholarship,https://www.iefa.org/scholarships/3511/Hearing_Loss_Essay_Scholarship,USA,USA,Unrestricted,Any,Full-time,Unrestricted,Not specified,Not specified,Enrolled or accepted in eligible accredited institution,Good academic standing,Not specified,Any,General,Equal Opportunity,International student or foreign national,Varies by award,USD,Partial,Partial,Not specified,Not specified,Not specified,Free,Varies (See official site),Annual / Semester award,Multiple,"Academic transcript, Proof of enrollment, Recommendation letter, Essay",Nationalities: Unrestricted; Host country: United States; Fields: Unrestricted.,"Merit, essay response, and academic verification.","As part of its social mission, TranscriptionServices.com provides hearing aid batteries to recipients in developing countries. For their $500 annual...",Not specified,2026-09-16
SCH_0397,GyanDhan Postgraduate Scholarship,GyanDhan,Organization / Foundation,IEFA,https://www.iefa.org/scholarships/3510/GyanDhan_Postgraduate_Scholarship,https://www.iefa.org/scholarships/3510/GyanDhan_Postgraduate_Scholarship,Germany,Germany,India,Any,Full-time,Unrestricted,Not specified,Not specified,Enrolled or accepted in eligible accredited institution,Good academic standing,Not specified,Any,General,Equal Opportunity,International student or foreign national,Varies by award,CAD,Partial,Partial,Not specified,Not specified,Not specified,Free,Varies (See official site),Annual / Semester award,Multiple,"Academic transcript, Proof of enrollment, Recommendation letter, Essay","Nationalities: India; Host country: Australia, Canada, Germany...; Fields: Unrestricted.","Merit, essay response, and academic verification.",The GyanDhan scholarship is a one-time award that will be given to a student at the beginning of the academic...,Not specified,2026-09-16
SCH_0398,Open Doors: Russian Scholarship Project 2020,International Organization / Foundation,Organization / Foundation,IEFA,https://www.iefa.org/scholarships/3468/Open_Doors:_Russian_Scholarship_Project_2020,https://www.iefa.org/scholarships/3468/Open_Doors:_Russian_Scholarship_Project_2020,Russia,Russia,Unrestricted,Any,Full-time,"Biology/Life Sciences, Computer & Information Systems, Engineering...",Not specified,Not specified,Enrolled or accepted in eligible accredited institution,Good academic standing,Not specified,Any,General,Equal Opportunity,International student or foreign national,Varies by award,USD,Partial,Partial,Not specified,Not specified,Not specified,Free,Varies (See official site),Annual / Semester award,Multiple,"Academic transcript, Proof of enrollment, Recommendation letter, Essay","Nationalities: Unrestricted; Host country: Russia; Fields: Biology/Life Sciences, Computer & Information Systems, Engineering....","Merit, essay response, and academic verification.",“Global Universities” Association in collaboration with the Ministry of Education and Science of the Russian Federation offers Open Doors Russian...,Not specified,2026-09-16
SCH_0399,Pharmacy Innovation Scholarship,International Organization / Foundation,Organization / Foundation,IEFA,https://www.iefa.org/scholarships/3509/Pharmacy_Innovation_Scholarship,https://www.iefa.org/scholarships/3509/Pharmacy_Innovation_Scholarship,USA,USA,Unrestricted,Any,Full-time,"Health Professions, Other and Medicine",Not specified,Not specified,Enrolled or accepted in eligible accredited institution,Good academic standing,Not specified,Any,General,Equal Opportunity,International student or foreign national,Varies by award,USD,Partial,Partial,Not specified,Not specified,Not specified,Free,Varies (See official site),Annual / Semester award,Multiple,"Academic transcript, Proof of enrollment, Recommendation letter, Essay","Nationalities: Unrestricted; Host country: United States; Fields: Health Professions, Other and Medicine.","Merit, essay response, and academic verification.","GoodRx, Inc. has established a scholarship program to assist students pursuing Pharmacy at an accredited two- or four-year college, university,...",Not specified,2026-09-16
SCH_0400,Society of Women Engineers Scholarships,International Organization / Foundation,Organization / Foundation,IEFA,https://www.iefa.org/scholarships/290/Society_of_Women_Engineers_Scholarships,https://www.iefa.org/scholarships/290/Society_of_Women_Engineers_Scholarships,USA,USA,Unrestricted,Postgraduate,Full-time,"Computer & Information Systems, Engineering and Technology",Not specified,Not specified,Enrolled or accepted in eligible accredited institution,Good academic standing,Not specified,Female,General,Equal Opportunity,International student or foreign national,Varies by award,USD,Partial,Partial,Not specified,Not specified,Not specified,Free,Varies (See official site),Annual / Semester award,Multiple,"Academic transcript, Proof of enrollment, Recommendation letter, Essay","Nationalities: Unrestricted; Host country: United States; Fields: Computer & Information Systems, Engineering and Technology.","Merit, essay response, and academic verification.",SWE Scholarships support women pursuing bachelor or graduate student programs SWE Scholarships support those who identify as a female/woman and are...,Not specified,2026-09-16
SCH_0401,DO Supply Academic Scholarship,International Organization / Foundation,Organization / Foundation,IEFA,https://www.iefa.org/scholarships/3272/DO_Supply_Academic_Scholarship,https://www.iefa.org/scholarships/3272/DO_Supply_Academic_Scholarship,USA,USA,Unrestricted,Any,Full-time,Unrestricted,Not specified,Not specified,Enrolled or accepted in eligible accredited institution,Good academic standing,Not specified,Any,General,Equal Opportunity,International student or foreign national,Varies by award,USD,Partial,Partial,Not specified,Not specified,Not specified,Free,Varies (See official site),Annual / Semester award,Multiple,"Academic transcript, Proof of enrollment, Recommendation letter, Essay",Nationalities: Unrestricted; Host country: United States; Fields: Unrestricted.,"Merit, essay response, and academic verification.","DO Supply, Inc. is offering a scholarship award to the student who best demonstrates his/her passion for small business in...",Not specified,2026-09-16
SCH_0402,Scholarship to learn English in New York City this summer 2020,International Organization / Foundation,Organization / Foundation,IEFA,https://www.iefa.org/scholarships/3506/Scholarship_to_learn_English_in_New_York_City_this_summer_2020,https://www.iefa.org/scholarships/3506/Scholarship_to_learn_English_in_New_York_City_this_summer_2020,USA,USA,Unrestricted,Any,Full-time,ESL & English Language,Not specified,Not specified,Enrolled or accepted in eligible accredited institution,Good academic standing,Not specified,Any,General,Equal Opportunity,International student or foreign national,Varies by award,USD,Partial,Partial,Not specified,Not specified,Not specified,Free,Varies (See official site),Annual / Semester award,Multiple,"Academic transcript, Proof of enrollment, Recommendation letter, Essay",Nationalities: Unrestricted; Host country: United States; Fields: ESL & English Language.,"Merit, essay response, and academic verification.",Partial scholarship on tuition fee. Scholarship - Summer Partial scholarship to learn English at the English Language Institute (ELI) next summer at...,Not specified,2026-09-16
SCH_0403,MS Computer Science Scholarship in China,International Organization / Foundation,Organization / Foundation,IEFA,https://www.iefa.org/scholarships/3503/MS_Computer_Science_Scholarship_in_China,https://www.iefa.org/scholarships/3503/MS_Computer_Science_Scholarship_in_China,China,China,Unrestricted,Any,Full-time,Computer & Information Systems,Not specified,Not specified,Enrolled or accepted in eligible accredited institution,Good academic standing,Not specified,Any,General,Equal Opportunity,International student or foreign national,Varies by award,USD,Partial,Partial,Not specified,Not specified,Not specified,Free,Varies (See official site),Annual / Semester award,Multiple,"Academic transcript, Proof of enrollment, Recommendation letter, Essay",Nationalities: Unrestricted; Host country: China; Fields: Computer & Information Systems.,"Merit, essay response, and academic verification.","School of Information Science & Engineering, University of Jinan (UJN), China, is seeking highly motivated MS students for three years...",Not specified,2026-09-16
SCH_0404,1000 Dollar Scholarship by AICA Orthopedics,International Organization / Foundation,Organization / Foundation,IEFA,https://www.iefa.org/scholarships/3501/1000_Dollar_Scholarship_by_AICA_Orthopedics_,https://www.iefa.org/scholarships/3501/1000_Dollar_Scholarship_by_AICA_Orthopedics_,USA,USA,Unrestricted,Any,Full-time,Unrestricted,Not specified,Not specified,Enrolled or accepted in eligible accredited institution,Good academic standing,Not specified,Any,General,Equal Opportunity,International student or foreign national,Varies by award,USD,Partial,Partial,Not specified,Not specified,Not specified,Free,Varies (See official site),Annual / Semester award,Multiple,"Academic transcript, Proof of enrollment, Recommendation letter, Essay",Nationalities: Unrestricted; Host country: United States; Fields: Unrestricted.,"Merit, essay response, and academic verification.","Having treated over 100,000 patients and accident victims, AICA Orthopedics is proud to offer a $1000 scholarship in the Spring. AICA...",Not specified,2026-09-16
SCH_0405,Greg Baumgartner Scholarship,International Organization / Foundation,Organization / Foundation,IEFA,https://www.iefa.org/scholarships/3498/Greg_Baumgartner_Scholarship,https://www.iefa.org/scholarships/3498/Greg_Baumgartner_Scholarship,USA,USA,Unrestricted,Any,Full-time,Unrestricted,Not specified,Not specified,Enrolled or accepted in eligible accredited institution,Good academic standing,Not specified,Any,General,Equal Opportunity,International student or foreign national,Varies by award,USD,Partial,Partial,Not specified,Not specified,Not specified,Free,Varies (See official site),Annual / Semester award,Multiple,"Academic transcript, Proof of enrollment, Recommendation letter, Essay",Nationalities: Unrestricted; Host country: United States; Fields: Unrestricted.,"Merit, essay response, and academic verification.",The importance of education cannot be overstated. We understand how difficult obtaining an education can be for some young men...,Not specified,2026-09-16
SCH_0406,Design and Fashion Scholarships in Italy,International Organization / Foundation,Organization / Foundation,IEFA,https://www.iefa.org/scholarships/3497/Design_and_Fashion_Scholarships_in_Italy,https://www.iefa.org/scholarships/3497/Design_and_Fashion_Scholarships_in_Italy,Italy,Italy,Unrestricted,Any,Full-time,"Communications, Fashion and Digital Arts & Design",Not specified,Not specified,Enrolled or accepted in eligible accredited institution,Good academic standing,Not specified,Any,General,Equal Opportunity,International student or foreign national,Varies by award,USD,Partial,Partial,Not specified,Not specified,Not specified,Free,Varies (See official site),Annual / Semester award,Multiple,"Academic transcript, Proof of enrollment, Recommendation letter, Essay","Nationalities: Unrestricted; Host country: Italy; Fields: Communications, Fashion and Digital Arts & Design.","Merit, essay response, and academic verification.","Raffles Milano, one of the most exclusive fashion and design schools in the world, located in the center of Milan,...",Not specified,2026-09-16
SCH_0407,Coupons Plus Deals Scholarship Program,International Organization / Foundation,Organization / Foundation,IEFA,https://www.iefa.org/scholarships/2947/Coupons_Plus_Deals_Scholarship_Program,https://www.iefa.org/scholarships/2947/Coupons_Plus_Deals_Scholarship_Program,International,International,Unrestricted,Any,Full-time,Unrestricted,Not specified,Not specified,Enrolled or accepted in eligible accredited institution,Good academic standing,Not specified,Any,General,Equal Opportunity,International student or foreign national,Varies by award,USD,Partial,Partial,Not specified,Not specified,Not specified,Free,Varies (See official site),Annual / Semester award,Multiple,"Academic transcript, Proof of enrollment, Recommendation letter, Essay",Nationalities: Unrestricted; Host country: Unrestricted; Fields: Unrestricted.,"Merit, essay response, and academic verification.",Coupons Plus Deals is one of the best websites that offers the latest coupons and discount codes for plenty of...,Not specified,2026-09-16
SCH_0408,Apex GMAT Preparation Scholarship,International Organization / Foundation,Organization / Foundation,IEFA,https://www.iefa.org/scholarships/3495/Apex_GMAT_Preparation_Scholarship,https://www.iefa.org/scholarships/3495/Apex_GMAT_Preparation_Scholarship,International,International,Unrestricted,Postgraduate,Full-time,Unrestricted,Not specified,Not specified,Enrolled or accepted in eligible accredited institution,Good academic standing,Not specified,Any,General,Equal Opportunity,International student or foreign national,Varies by award,USD,Partial,Partial,Not specified,Not specified,Not specified,Free,Varies (See official site),Annual / Semester award,Multiple,"Academic transcript, Proof of enrollment, Recommendation letter, Essay",Nationalities: Unrestricted; Host country: Unrestricted; Fields: Unrestricted.,"Merit, essay response, and academic verification.",This scholarship is open to any candidate who is pursuing a masters degree and is required to take the GMAT....,Not specified,2026-09-16
SCH_0409,Scholarship program for Emerging Students,International Organization / Foundation,Organization / Foundation,IEFA,https://www.iefa.org/scholarships/3494/Scholarship_program_for_Emerging_Students,https://www.iefa.org/scholarships/3494/Scholarship_program_for_Emerging_Students,Canada,USA,"Australia, Canada and United States",Any,Full-time,"Biology/Life Sciences, Engineering, Marketing...",Not specified,Not specified,Enrolled or accepted in eligible accredited institution,Good academic standing,Not specified,Any,General,Equal Opportunity,International student or foreign national,Varies by award,USD,Partial,Partial,Not specified,Not specified,Not specified,Free,Varies (See official site),Annual / Semester award,Multiple,"Academic transcript, Proof of enrollment, Recommendation letter, Essay","Nationalities: Australia, Canada and United States; Host country: Australia, Canada and United States; Fields: Biology/Life Sciences, Engineering, Marketing....","Merit, essay response, and academic verification.","This scholarship program is for all students who want to pursue Engineering courses, MBA courses, Real Estate programs, Mobile app...",Not specified,2026-09-16
SCH_0410,Undergraduate Design Scholarships in Barcelona,International Organization / Foundation,Organization / Foundation,IEFA,https://www.iefa.org/scholarships/3490/Undergraduate_Design_Scholarships_in_Barcelona,https://www.iefa.org/scholarships/3490/Undergraduate_Design_Scholarships_in_Barcelona,Spain,Spain,Unrestricted,Postgraduate,Full-time,"Architecture & Design, Business/Management, Communications...",Not specified,Not specified,Enrolled or accepted in eligible accredited institution,Good academic standing,Not specified,Any,General,Equal Opportunity,International student or foreign national,Varies by award,USD,Partial,Partial,Not specified,Not specified,Not specified,Free,Varies (See official site),Annual / Semester award,Multiple,"Academic transcript, Proof of enrollment, Recommendation letter, Essay","Nationalities: Unrestricted; Host country: Spain; Fields: Architecture & Design, Business/Management, Communications....","Merit, essay response, and academic verification.","The school offers 17 (seventeen) international scholarships in Fashion, Design, Visual Communication or Management for its university degree (Undergraduate Degrees,...",Not specified,2026-09-16
SCH_0411,Maternal and Infant Health Postdoctoral Fellowship,International Organization / Foundation,Organization / Foundation,IEFA,https://www.iefa.org/scholarships/3486/Maternal_and_Infant_Health_Postdoctoral_Fellowship,https://www.iefa.org/scholarships/3486/Maternal_and_Infant_Health_Postdoctoral_Fellowship,International,International,Unrestricted,Any,Full-time,Health Professions,Not specified,Not specified,Enrolled or accepted in eligible accredited institution,Good academic standing,Not specified,Any,General,Equal Opportunity,International student or foreign national,Varies by award,USD,Partial,Partial,Not specified,Not specified,Not specified,Free,Varies (See official site),Annual / Semester award,Multiple,"Academic transcript, Proof of enrollment, Recommendation letter, Essay",Nationalities: Unrestricted; Host country: Unrestricted; Fields: Health Professions.,"Merit, essay response, and academic verification.",The MINA Study is a population-based birth cohort study of children born between July 2015 and July 2016 of mothers...,Not specified,2026-09-16
SCH_0412,Anaheim University Ferrotec Akira Yamamura Scholarship,Anaheim University,Organization / Foundation,IEFA,https://www.iefa.org/scholarships/3488/Anaheim_University_Ferrotec_Akira_Yamamura_Scholarship,https://www.iefa.org/scholarships/3488/Anaheim_University_Ferrotec_Akira_Yamamura_Scholarship,International,International,Unrestricted,Any,Full-time,Business/Management,Not specified,Not specified,Enrolled or accepted in eligible accredited institution,Good academic standing,Not specified,Any,General,Equal Opportunity,International student or foreign national,Varies by award,USD,Partial,Partial,Not specified,Not specified,Not specified,Free,Varies (See official site),Annual / Semester award,Multiple,"Academic transcript, Proof of enrollment, Recommendation letter, Essay",Nationalities: Unrestricted; Host country: Unrestricted; Fields: Business/Management.,"Merit, essay response, and academic verification.",Anaheim University is an online accredited institution centered on meeting the educational needs of students on a global level. Partnering...,Not specified,2026-09-16
SCH_0413,The GoodRx Pharmacy Innovation Scholarhip,International Organization / Foundation,Organization / Foundation,IEFA,https://www.iefa.org/scholarships/3426/The_GoodRx_Pharmacy_Innovation_Scholarhip,https://www.iefa.org/scholarships/3426/The_GoodRx_Pharmacy_Innovation_Scholarhip,USA,USA,Unrestricted,Any,Full-time,Medicine,Not specified,Not specified,Enrolled or accepted in eligible accredited institution,Good academic standing,Not specified,Any,General,Equal Opportunity,International student or foreign national,Varies by award,USD,Partial,Partial,Not specified,Not specified,Not specified,Free,Varies (See official site),Annual / Semester award,Multiple,"Academic transcript, Proof of enrollment, Recommendation letter, Essay",Nationalities: Unrestricted; Host country: United States; Fields: Medicine.,"Merit, essay response, and academic verification.",GoodRx is supporting the next generation of pharmacists and technicians to be the best advocates for their patients. We will...,Not specified,2026-09-16
SCH_0414,"$1,500 Semi-Annual Video Contest Scholarship for Students",International Organization / Foundation,Organization / Foundation,IEFA,"https://www.iefa.org/scholarships/3318/$1,500_Semi-Annual_Video_Contest_Scholarship_for_Students","https://www.iefa.org/scholarships/3318/$1,500_Semi-Annual_Video_Contest_Scholarship_for_Students",International,International,Unrestricted,Any,Full-time,Unrestricted,Not specified,Not specified,Enrolled or accepted in eligible accredited institution,Good academic standing,Not specified,Any,General,Equal Opportunity,International student or foreign national,Varies by award,USD,Partial,Partial,Not specified,Not specified,Not specified,Free,Varies (See official site),Annual / Semester award,Multiple,"Academic transcript, Proof of enrollment, Recommendation letter, Essay",Nationalities: Unrestricted; Host country: Unrestricted; Fields: Unrestricted.,"Merit, essay response, and academic verification.","Tons of work, misunderstandings with teachers, zero time for yourself… Students experience these and many other issues every day. Are...",Not specified,2026-09-16
SCH_0415,Berkeley College International Student Scholarship,International Organization / Foundation,Organization / Foundation,IEFA,https://www.iefa.org/scholarships/2849/Berkeley_College_International_Student_Scholarship,https://www.iefa.org/scholarships/2849/Berkeley_College_International_Student_Scholarship,USA,USA,Unrestricted,Any,Full-time,Unrestricted,Not specified,Not specified,Enrolled or accepted in eligible accredited institution,Good academic standing,Not specified,Any,General,Equal Opportunity,International student or foreign national,Varies by award,USD,Partial,Partial,Not specified,Not specified,Not specified,Free,Varies (See official site),Annual / Semester award,Multiple,"Academic transcript, Proof of enrollment, Recommendation letter, Essay",Nationalities: Unrestricted; Host country: United States; Fields: Unrestricted.,"Merit, essay response, and academic verification.","International student scholarships are awarded based on both financial need and past academic history. To receive consideration, your scholarship application must be...",Not specified,2026-09-16
SCH_0416,Medical Excellence in Australia USA Canada,International Organization / Foundation,Organization / Foundation,IEFA,https://www.iefa.org/scholarships/3252/Medical_Excellence_in_Australia_USA_Canada,https://www.iefa.org/scholarships/3252/Medical_Excellence_in_Australia_USA_Canada,Canada,USA,Unrestricted,Any,Full-time,"Health Professions, Health and Physical Education and Medicine",Not specified,Not specified,Enrolled or accepted in eligible accredited institution,Good academic standing,Not specified,Any,General,Equal Opportunity,International student or foreign national,Varies by award,USD,Partial,Partial,Not specified,Not specified,Not specified,Free,Varies (See official site),Annual / Semester award,Multiple,"Academic transcript, Proof of enrollment, Recommendation letter, Essay","Nationalities: Unrestricted; Host country: Australia, Canada and United States; Fields: Health Professions, Health and Physical Education and Medicine.","Merit, essay response, and academic verification.",Medical and healthcare is a highly respected field as the professionals working in that field are directly involved with...,Not specified,2026-09-16
SCH_0417,International Scholarship for Excellence,International Organization / Foundation,Organization / Foundation,IEFA,https://www.iefa.org/scholarships/14/International_Scholarship_for_Excellence,https://www.iefa.org/scholarships/14/International_Scholarship_for_Excellence,Australia,Australia,Unrestricted,Any,Full-time,Unrestricted,Not specified,Not specified,Enrolled or accepted in eligible accredited institution,Good academic standing,Not specified,Any,General,Equal Opportunity,International student or foreign national,Varies by award,USD,Partial,Partial,Not specified,Not specified,Not specified,Free,Varies (See official site),Annual / Semester award,Multiple,"Academic transcript, Proof of enrollment, Recommendation letter, Essay",Nationalities: Unrestricted; Host country: Australia; Fields: Unrestricted.,"Merit, essay response, and academic verification.",This scholarship is offered to the 10 highest-achieving international students studying Australian Year 12 or International Baccalaureate in Australia. If...,Not specified,2026-09-16
SCH_0418,Digital Transformation Award,International Organization / Foundation,Organization / Foundation,IEFA,https://www.iefa.org/scholarships/3485/Digital_Transformation_Award,https://www.iefa.org/scholarships/3485/Digital_Transformation_Award,International,International,Unrestricted,Any,Full-time,"Architecture & Design, Business/Management, Cultural Studies...",Not specified,Not specified,Enrolled or accepted in eligible accredited institution,Good academic standing,Not specified,Any,General,Equal Opportunity,International student or foreign national,Varies by award,USD,Partial,Partial,Not specified,Not specified,Not specified,Free,Varies (See official site),Annual / Semester award,Multiple,"Academic transcript, Proof of enrollment, Recommendation letter, Essay","Nationalities: Unrestricted; Host country: Unrestricted; Fields: Architecture & Design, Business/Management, Cultural Studies....","Merit, essay response, and academic verification.","8th GIORGIO ROTA Best Paper Award - Researchers born after December 31st, 1985 are invited to participate by submitting high-quality...",Not specified,2026-09-16
SCH_0419,KTH India Scholarship,International Organization / Foundation,Organization / Foundation,IEFA,https://www.iefa.org/scholarships/3478/KTH_India_Scholarship,https://www.iefa.org/scholarships/3478/KTH_India_Scholarship,Sweden,Sweden,Unrestricted,Any,Full-time,Unrestricted,Not specified,Not specified,Enrolled or accepted in eligible accredited institution,Good academic standing,Not specified,Any,General,Equal Opportunity,International student or foreign national,Varies by award,USD,Partial,Partial,Not specified,Not specified,Not specified,Free,Varies (See official site),Annual / Semester award,Multiple,"Academic transcript, Proof of enrollment, Recommendation letter, Essay",Nationalities: Unrestricted; Host country: Sweden; Fields: Unrestricted.,"Merit, essay response, and academic verification.",The KTH India Scholarship Foundation was established in 2012 through a donation made by an anonymous donor and awards two...,Not specified,2026-09-16
SCH_0420,KTH Joint Programme Scholarship,International Organization / Foundation,Organization / Foundation,IEFA,https://www.iefa.org/scholarships/3480/KTH_Joint_Programme_Scholarship,https://www.iefa.org/scholarships/3480/KTH_Joint_Programme_Scholarship,Sweden,Sweden,Unrestricted,Any,Full-time,Unrestricted,Not specified,Not specified,Enrolled or accepted in eligible accredited institution,Good academic standing,Not specified,Any,General,Equal Opportunity,International student or foreign national,Varies by award,USD,Partial,Partial,Not specified,Not specified,Not specified,Free,Varies (See official site),Annual / Semester award,Multiple,"Academic transcript, Proof of enrollment, Recommendation letter, Essay",Nationalities: Unrestricted; Host country: Sweden; Fields: Unrestricted.,"Merit, essay response, and academic verification.",The KTH Joint Programme Scholarship is available for students participating in a joint programme and covers the tuition fee for...,Not specified,2026-09-16
SCH_0421,KTH One-Year Scholarship,International Organization / Foundation,Organization / Foundation,IEFA,https://www.iefa.org/scholarships/3479/KTH_One-Year_Scholarship,https://www.iefa.org/scholarships/3479/KTH_One-Year_Scholarship,Sweden,Sweden,Unrestricted,Any,Full-time,Unrestricted,Not specified,Not specified,Enrolled or accepted in eligible accredited institution,Good academic standing,Not specified,Any,General,Equal Opportunity,International student or foreign national,Varies by award,USD,Partial,Partial,Not specified,Not specified,Not specified,Free,Varies (See official site),Annual / Semester award,Multiple,"Academic transcript, Proof of enrollment, Recommendation letter, Essay",Nationalities: Unrestricted; Host country: Sweden; Fields: Unrestricted.,"Merit, essay response, and academic verification.",The KTH One-Year Scholarship covers the tuition fee of the second year of studies at KTH. It is awarded to...,Not specified,2026-09-16
SCH_0422,Hope for Healing,International Organization / Foundation,Organization / Foundation,IEFA,https://www.iefa.org/scholarships/3481/Hope_for_Healing_,https://www.iefa.org/scholarships/3481/Hope_for_Healing_,USA,USA,Unrestricted,Postgraduate,Full-time,"Health Professions, Psychology, Medicine and Science",Not specified,Not specified,Enrolled or accepted in eligible accredited institution,Good academic standing,Not specified,Any,General,Equal Opportunity,International student or foreign national,Varies by award,USD,Partial,Partial,Not specified,Not specified,Not specified,Free,Varies (See official site),Annual / Semester award,Multiple,"Academic transcript, Proof of enrollment, Recommendation letter, Essay","Nationalities: Unrestricted; Host country: United States; Fields: Health Professions, Psychology, Medicine and Science.","Merit, essay response, and academic verification.","A $5,000 scholarship to one qualified, college-level applicant enrolled in an undergraduate program of study ...",Not specified,2026-09-16
SCH_0423,Minerva Speech and Debate Scholarship,International Organization / Foundation,Organization / Foundation,IEFA,https://www.iefa.org/scholarships/3476/Minerva_Speech_and_Debate_Scholarship,https://www.iefa.org/scholarships/3476/Minerva_Speech_and_Debate_Scholarship,International,International,Unrestricted,Any,Full-time,Unrestricted,Not specified,Not specified,Enrolled or accepted in eligible accredited institution,Good academic standing,Not specified,Any,General,Equal Opportunity,International student or foreign national,Varies by award,USD,Partial,Partial,Not specified,Not specified,Not specified,Free,Varies (See official site),Annual / Semester award,Multiple,"Academic transcript, Proof of enrollment, Recommendation letter, Essay",Nationalities: Unrestricted; Host country: Unrestricted; Fields: Unrestricted.,"Merit, essay response, and academic verification.","In support of lifelong learners and global problem solvers, Minerva is offering a $10,000 scholarship to an admitted speech and...",Not specified,2026-09-16
SCH_0424,Milano Fashion Institute Scholarships,International Organization / Foundation,Organization / Foundation,IEFA,https://www.iefa.org/scholarships/2637/Milano_Fashion_Institute_Scholarships,https://www.iefa.org/scholarships/2637/Milano_Fashion_Institute_Scholarships,Italy,Italy,Unrestricted,Postgraduate,Full-time,Fashion,Not specified,Not specified,Enrolled or accepted in eligible accredited institution,Good academic standing,Not specified,Any,General,Equal Opportunity,International student or foreign national,Varies by award,EUR,Partial,Partial,Not specified,Not specified,Not specified,Free,Varies (See official site),Annual / Semester award,Multiple,"Academic transcript, Proof of enrollment, Recommendation letter, Essay",Nationalities: Unrestricted; Host country: Italy; Fields: Fashion.,"Merit, essay response, and academic verification.",Milano Fashion Institute provides several scholarships (7.800€ each) which cover the half of the Master's fee (15.600€). You can find...,Not specified,2026-09-16
SCH_0425,WUIC EXCELLENCE TUITION FEE WAIVER SCHOLARSHIPS FOR UNDERGRADUATE STUDENTS,International Organization / Foundation,Organization / Foundation,IEFA,https://www.iefa.org/scholarships/3475/WUIC_EXCELLENCE_TUITION_FEE_WAIVER_SCHOLARSHIPS_FOR_UNDERGRADUATE_STUDENTS,https://www.iefa.org/scholarships/3475/WUIC_EXCELLENCE_TUITION_FEE_WAIVER_SCHOLARSHIPS_FOR_UNDERGRADUATE_STUDENTS,Thailand,Thailand,Unrestricted,Postgraduate,Full-time,"Business/Management, Computer & Information Systems, Law & Legal Studies...",Not specified,Not specified,Enrolled or accepted in eligible accredited institution,Good academic standing,Not specified,Any,General,Equal Opportunity,International student or foreign national,Varies by award,USD,Partial,Partial,Not specified,Not specified,Not specified,Free,Varies (See official site),Annual / Semester award,Multiple,"Academic transcript, Proof of enrollment, Recommendation letter, Essay","Nationalities: Unrestricted; Host country: Thailand; Fields: Business/Management, Computer & Information Systems, Law & Legal Studies....","Merit, essay response, and academic verification.","Study on a scholarship in Thailand, beginning August 2020! WUIC EXCELLENCE TUITION FEE WAIVER SCHOLARSHIPS FOR UNDERGRADUATE STUDENTS Looking to study on...",Not specified,2026-09-16
SCH_0426,Reach Cambridge Scholarship Essay Competition,International Organization / Foundation,Organization / Foundation,IEFA,https://www.iefa.org/scholarships/3454/Reach_Cambridge_Scholarship_Essay_Competition,https://www.iefa.org/scholarships/3454/Reach_Cambridge_Scholarship_Essay_Competition,International,International,Unrestricted,Undergraduate,Full-time,Unrestricted,Not specified,Not specified,Enrolled or accepted in eligible accredited institution,Good academic standing,Not specified,Any,General,Equal Opportunity,International student or foreign national,Varies by award,USD,Partial,Partial,Not specified,Not specified,Not specified,Free,Varies (See official site),Annual / Semester award,Multiple,"Academic transcript, Proof of enrollment, Recommendation letter, Essay",Nationalities: Unrestricted; Host country: Unrestricted; Fields: Unrestricted.,"Merit, essay response, and academic verification.",The Reach Cambridge scholarship essay competition is designed for academically excellent high school students aged between 15 and 17 who...,Not specified,2026-09-16
SCH_0427,PhD Positions in Analog/RF/Microwave/Mixed-Signal IC Design & Microelectronics,International Organization / Foundation,Organization / Foundation,IEFA,https://www.iefa.org/scholarships/3240/PhD_Positions_in_Analog_RF_Microwave_Mixed-Signal_IC_Design_&_Microelectronics_,https://www.iefa.org/scholarships/3240/PhD_Positions_in_Analog_RF_Microwave_Mixed-Signal_IC_Design_&_Microelectronics_,Turkey,Turkey,Unrestricted,Any,Full-time,Engineering,Not specified,Not specified,Enrolled or accepted in eligible accredited institution,Good academic standing,Not specified,Any,General,Equal Opportunity,International student or foreign national,Varies by award,USD,Partial,Partial,Not specified,Not specified,Not specified,Free,Varies (See official site),Annual / Semester award,Multiple,"Academic transcript, Proof of enrollment, Recommendation letter, Essay",Nationalities: Unrestricted; Host country: Turkey; Fields: Engineering.,"Merit, essay response, and academic verification.",Analog & RF Labs of Özyegin University in Istanbul is actively looking for qualified researchers in the broad field of...,Not specified,2026-09-16
SCH_0428,Direct Textbook Photo Essay Contest,International Organization / Foundation,Organization / Foundation,IEFA,https://www.iefa.org/scholarships/3474/Direct_Textbook_Photo_Essay_Contest,https://www.iefa.org/scholarships/3474/Direct_Textbook_Photo_Essay_Contest,USA,USA,Unrestricted,Any,Full-time,Unrestricted,Not specified,Not specified,Enrolled or accepted in eligible accredited institution,Good academic standing,Not specified,Any,General,Equal Opportunity,International student or foreign national,Varies by award,USD,Partial,Partial,Not specified,Not specified,Not specified,Free,Varies (See official site),Annual / Semester award,Multiple,"Academic transcript, Proof of enrollment, Recommendation letter, Essay",Nationalities: Unrestricted; Host country: United States; Fields: Unrestricted.,"Merit, essay response, and academic verification.",Direct Textbook Photo Essay Contest Award amounts: Two $500 Scholarships: Photos selected by Direct Textbook Two $500 Scholarships: Photos with the most...,Not specified,2026-09-16
SCH_0429,Business and Enterprenuership Summer Course Scholarship Award in UK,International Organization / Foundation,Organization / Foundation,IEFA,https://www.iefa.org/scholarships/3473/Business_and_Enterprenuership_Summer_Course_Scholarship_Award_in_UK,https://www.iefa.org/scholarships/3473/Business_and_Enterprenuership_Summer_Course_Scholarship_Award_in_UK,United Kingdom,United Kingdom,Unrestricted,Any,Full-time,Business/Management,Not specified,Not specified,Enrolled or accepted in eligible accredited institution,Good academic standing,Not specified,Any,General,Equal Opportunity,International student or foreign national,Varies by award,GBP,Partial,Partial,Not specified,Not specified,Not specified,Free,Varies (See official site),Annual / Semester award,Multiple,"Academic transcript, Proof of enrollment, Recommendation letter, Essay",Nationalities: Unrestricted; Host country: United Kingdom; Fields: Business/Management.,"Merit, essay response, and academic verification.","Business and Entrepreneurship Summer Course Scholarship Award in London and Cambridge University UK This Scholarship is for Business , Marketing and...",Not specified,2026-09-16
SCH_0430,A.Y 2020 Contest- 10 Scholarships Master Product and Fashion Design,International Organization / Foundation,Organization / Foundation,IEFA,https://www.iefa.org/scholarships/3472/A.Y_2020_Contest-_10_Scholarships_Master_Product_and_Fashion_Design_,https://www.iefa.org/scholarships/3472/A.Y_2020_Contest-_10_Scholarships_Master_Product_and_Fashion_Design_,Italy,Italy,Unrestricted,Any,Full-time,Architecture & Design and Fashion,Not specified,Not specified,Enrolled or accepted in eligible accredited institution,Good academic standing,Not specified,Any,General,Equal Opportunity,International student or foreign national,Varies by award,USD,Partial,Partial,Not specified,Not specified,Not specified,Free,Varies (See official site),Annual / Semester award,Multiple,"Academic transcript, Proof of enrollment, Recommendation letter, Essay",Nationalities: Unrestricted; Host country: Italy; Fields: Architecture & Design and Fashion.,"Merit, essay response, and academic verification.","Raffles Milano Istituto Moda e Design, one of the most exclusive fashion and design schools in the world, located in...",Not specified,2026-09-16
SCH_0431,Law Firm Marketing Scholarship,International Organization / Foundation,Organization / Foundation,IEFA,https://www.iefa.org/scholarships/3471/Law_Firm_Marketing_Scholarship,https://www.iefa.org/scholarships/3471/Law_Firm_Marketing_Scholarship,USA,USA,Unrestricted,Any,Full-time,Unrestricted,Not specified,Not specified,Enrolled or accepted in eligible accredited institution,Good academic standing,Not specified,Any,General,Equal Opportunity,International student or foreign national,Varies by award,USD,Partial,Partial,Not specified,Not specified,Not specified,Free,Varies (See official site),Annual / Semester award,Multiple,"Academic transcript, Proof of enrollment, Recommendation letter, Essay",Nationalities: Unrestricted; Host country: United States; Fields: Unrestricted.,"Merit, essay response, and academic verification.",Welcome to the OptimizeMyFirm Law Firm Marketing Scholarship. We are proud to be offering the scholarship to students with...,Not specified,2026-09-16
SCH_0432,Women in Business Equal Pay,International Organization / Foundation,Organization / Foundation,IEFA,https://www.iefa.org/scholarships/3466/Women_in_Business_Equal_Pay,https://www.iefa.org/scholarships/3466/Women_in_Business_Equal_Pay,"Afghanistan, Albania, Algeria...","Afghanistan, Albania, Algeria...",Unrestricted,Any,Full-time,"Business/Management, Computer & Information Systems, Marketing and Economics",Not specified,Not specified,Enrolled or accepted in eligible accredited institution,Good academic standing,Not specified,Female,General,Equal Opportunity,International student or foreign national,Varies by award,USD,Partial,Partial,Not specified,Not specified,Not specified,Free,Varies (See official site),Annual / Semester award,Multiple,"Academic transcript, Proof of enrollment, Recommendation letter, Essay","Nationalities: Unrestricted; Host country: Afghanistan, Albania, Algeria...; Fields: Business/Management, Computer & Information Systems, Marketing and Economics.","Merit, essay response, and academic verification.","Equal Pay Day is when women symbolically start to work for free. Women are 51% of the world's population, so...",Not specified,2026-09-16
SCH_0433,LSEF-UMass Scholarship,UMass Amherst,Organization / Foundation,IEFA,https://www.iefa.org/scholarships/3465/LSEF-UMass_Scholarship,https://www.iefa.org/scholarships/3465/LSEF-UMass_Scholarship,International,International,Unrestricted,Postgraduate,Full-time,Unrestricted,Not specified,Not specified,Enrolled or accepted in eligible accredited institution,Good academic standing,Not specified,Any,General,Equal Opportunity,International student or foreign national,Varies by award,USD,Partial,Partial,Not specified,Not specified,Not specified,Free,Varies (See official site),Annual / Semester award,Multiple,"Academic transcript, Proof of enrollment, Recommendation letter, Essay",Nationalities: Unrestricted; Host country: Unrestricted; Fields: Unrestricted.,"Merit, essay response, and academic verification.",LSEF-UMass Scholarships for Post-Graduate Studies is offered to selected Indian candidates for pursuing master’s programs from UMass Amherst. Scholarships offered...,Not specified,2026-09-16
SCH_0434,Single Mother Scholarship,International Organization / Foundation,Organization / Foundation,IEFA,https://www.iefa.org/scholarships/3464/Single_Mother_Scholarship,https://www.iefa.org/scholarships/3464/Single_Mother_Scholarship,USA,USA,Unrestricted,Any,Full-time,Unrestricted,Not specified,Not specified,Enrolled or accepted in eligible accredited institution,Good academic standing,Not specified,Any,General,Equal Opportunity,International student or foreign national,Varies by award,USD,Partial,Partial,Not specified,Not specified,Not specified,Free,Varies (See official site),Annual / Semester award,Multiple,"Academic transcript, Proof of enrollment, Recommendation letter, Essay",Nationalities: Unrestricted; Host country: United States; Fields: Unrestricted.,"Merit, essay response, and academic verification.","Rosenfeld Injury Lawyers wants to expand opportunities for single mothers who are going back to school by offering two $1,000...",Not specified,2026-09-16
SCH_0435,Multicultural Scholarship: The Dream is Inclusive,International Organization / Foundation,Organization / Foundation,IEFA,https://www.iefa.org/scholarships/3457/Multicultural_Scholarship:_The_Dream_is_Inclusive_,https://www.iefa.org/scholarships/3457/Multicultural_Scholarship:_The_Dream_is_Inclusive_,International,International,Unrestricted,Any,Full-time,Unrestricted,Not specified,Not specified,Enrolled or accepted in eligible accredited institution,Good academic standing,Not specified,Any,General,Equal Opportunity,International student or foreign national,Varies by award,USD,Partial,Partial,Not specified,Not specified,Not specified,Free,Varies (See official site),Annual / Semester award,Multiple,"Academic transcript, Proof of enrollment, Recommendation letter, Essay",Nationalities: Unrestricted; Host country: Unrestricted; Fields: Unrestricted.,"Merit, essay response, and academic verification.",On Q Financial’s Mission is to simplify the mortgage process to make the dream of home ownership a reality for...,Not specified,2026-09-16
SCH_0436,Mental Health Education Scholarship,International Organization / Foundation,Organization / Foundation,IEFA,https://www.iefa.org/scholarships/3448/Mental_Health_Education_Scholarship,https://www.iefa.org/scholarships/3448/Mental_Health_Education_Scholarship,USA,USA,Unrestricted,Any,Full-time,Unrestricted,Not specified,Not specified,Enrolled or accepted in eligible accredited institution,Good academic standing,Not specified,Any,General,Equal Opportunity,International student or foreign national,Varies by award,USD,Partial,Partial,Not specified,Not specified,Not specified,Free,Varies (See official site),Annual / Semester award,Multiple,"Academic transcript, Proof of enrollment, Recommendation letter, Essay",Nationalities: Unrestricted; Host country: United States; Fields: Unrestricted.,"Merit, essay response, and academic verification.",The Beach Cottage at Seasons in Malibu: Luxury Mental Health Treatment is pleased to announce the details of our annual...,Not specified,2026-09-16
SCH_0437,Addiction Awareness Scholarship,International Organization / Foundation,Organization / Foundation,IEFA,https://www.iefa.org/scholarships/3447/Addiction_Awareness_Scholarship,https://www.iefa.org/scholarships/3447/Addiction_Awareness_Scholarship,USA,USA,Unrestricted,Any,Full-time,Unrestricted,Not specified,Not specified,Enrolled or accepted in eligible accredited institution,Good academic standing,Not specified,Any,General,Equal Opportunity,International student or foreign national,Varies by award,USD,Partial,Partial,Not specified,Not specified,Not specified,Free,Varies (See official site),Annual / Semester award,Multiple,"Academic transcript, Proof of enrollment, Recommendation letter, Essay",Nationalities: Unrestricted; Host country: United States; Fields: Unrestricted.,"Merit, essay response, and academic verification.",Seasons in Malibu: Luxury Rehab for Drug & Alcohol Abuse is pleased to announce the details of our annual “Addiction...,Not specified,2026-09-16
SCH_0438,Central Valley Community Scholarship Program - Maison Law,International Organization / Foundation,Organization / Foundation,IEFA,https://www.iefa.org/scholarships/3440/Central_Valley_Community_Scholarship_Program_-_Maison_Law_,https://www.iefa.org/scholarships/3440/Central_Valley_Community_Scholarship_Program_-_Maison_Law_,USA,USA,Unrestricted,Undergraduate,Full-time,Law & Legal Studies,Not specified,Not specified,Enrolled or accepted in eligible accredited institution,Good academic standing,Not specified,Any,General,Equal Opportunity,International student or foreign national,Varies by award,USD,Partial,Partial,Not specified,Not specified,Not specified,Free,Varies (See official site),Annual / Semester award,Multiple,"Academic transcript, Proof of enrollment, Recommendation letter, Essay",Nationalities: Unrestricted; Host country: United States; Fields: Law & Legal Studies.,"Merit, essay response, and academic verification.",The Maison Law Central Valley Community Scholarship is available to high school seniors who reside in the central valley (and...,Not specified,2026-09-16
SCH_0439,Aspiring Attorney Scholarship - by Steers and Associates,International Organization / Foundation,Organization / Foundation,IEFA,https://www.iefa.org/scholarships/3446/Aspiring_Attorney_Scholarship_-_by_Steers_and_Associates,https://www.iefa.org/scholarships/3446/Aspiring_Attorney_Scholarship_-_by_Steers_and_Associates,USA,USA,Unrestricted,Any,Full-time,Law & Legal Studies,Not specified,Not specified,Enrolled or accepted in eligible accredited institution,Good academic standing,Not specified,Any,General,Equal Opportunity,International student or foreign national,Varies by award,USD,Partial,Partial,Not specified,Not specified,Not specified,Free,Varies (See official site),Annual / Semester award,Multiple,"Academic transcript, Proof of enrollment, Recommendation letter, Essay",Nationalities: Unrestricted; Host country: United States; Fields: Law & Legal Studies.,"Merit, essay response, and academic verification.","This $1,000 scholarship is available to students pursuing or planning on pursuing a career in law. Eligibility: In order to be eligible...",Not specified,2026-09-16
SCH_0440,MENTAL HEALTH: TEEN CHANGEMAKERS ESSAY CONTEST,International Organization / Foundation,Organization / Foundation,IEFA,https://www.iefa.org/scholarships/3441/MENTAL_HEALTH:_TEEN_CHANGEMAKERS_ESSAY_CONTEST,https://www.iefa.org/scholarships/3441/MENTAL_HEALTH:_TEEN_CHANGEMAKERS_ESSAY_CONTEST,International,International,Unrestricted,Undergraduate,Full-time,Unrestricted,Not specified,Not specified,Enrolled or accepted in eligible accredited institution,Good academic standing,Not specified,Any,General,Equal Opportunity,International student or foreign national,Varies by award,USD,Partial,Partial,Not specified,Not specified,Not specified,Free,Varies (See official site),Annual / Semester award,Multiple,"Academic transcript, Proof of enrollment, Recommendation letter, Essay",Nationalities: Unrestricted; Host country: Unrestricted; Fields: Unrestricted.,"Merit, essay response, and academic verification.","The International Bipolar Foundation Annual High School Essay Contest is open to all high school students, ages 13 to 19....",Not specified,2026-09-16
SCH_0441,Courtroom Crew Student Scholarship (Law),International Organization / Foundation,Organization / Foundation,IEFA,https://www.iefa.org/scholarships/3442/Courtroom_Crew_Student_Scholarship_(Law),https://www.iefa.org/scholarships/3442/Courtroom_Crew_Student_Scholarship_(Law),USA,USA,Unrestricted,Any,Full-time,Law & Legal Studies,Not specified,Not specified,Enrolled or accepted in eligible accredited institution,Good academic standing,Not specified,Any,General,Equal Opportunity,International student or foreign national,Varies by award,USD,Partial,Partial,Not specified,Not specified,Not specified,Free,Varies (See official site),Annual / Semester award,Multiple,"Academic transcript, Proof of enrollment, Recommendation letter, Essay",Nationalities: Unrestricted; Host country: United States; Fields: Law & Legal Studies.,"Merit, essay response, and academic verification.",Dordulian Law Group is pleased to announce the details of our annual “Courtroom Crew Trial Attorney Student Scholarship.” Law...,Not specified,2026-09-16
SCH_0442,Tocris Bioscience Scholarship Program,International Organization / Foundation,Organization / Foundation,IEFA,https://www.iefa.org/scholarships/3439/Tocris_Bioscience_Scholarship_Program,https://www.iefa.org/scholarships/3439/Tocris_Bioscience_Scholarship_Program,"Andorra, Austria, Belarus...","Andorra, Austria, Belarus...",Unrestricted,Any,Full-time,"Biology/Life Sciences, Health Professions, Psychology...",Not specified,Not specified,Enrolled or accepted in eligible accredited institution,Good academic standing,Not specified,Any,General,Equal Opportunity,International student or foreign national,Varies by award,USD,Partial,Partial,Not specified,Not specified,Not specified,Free,Varies (See official site),Annual / Semester award,Multiple,"Academic transcript, Proof of enrollment, Recommendation letter, Essay","Nationalities: Unrestricted; Host country: Andorra, Austria, Belarus...; Fields: Biology/Life Sciences, Health Professions, Psychology....","Merit, essay response, and academic verification.",Tocris is proud to support students who plan to pursue a science related degree. The Tocris Scholarship Program has been...,Not specified,2026-09-16
SCH_0443,Science Scholarship by R&D Systems,International Organization / Foundation,Organization / Foundation,IEFA,https://www.iefa.org/scholarships/3438/Science_Scholarship_by_R&D_Systems,https://www.iefa.org/scholarships/3438/Science_Scholarship_by_R&D_Systems,International,International,Unrestricted,Any,Full-time,"Biology/Life Sciences, Health Professions, Psychology...",Not specified,Not specified,Enrolled or accepted in eligible accredited institution,Good academic standing,Not specified,Any,General,Equal Opportunity,International student or foreign national,Varies by award,USD,Partial,Partial,Not specified,Not specified,Not specified,Free,Varies (See official site),Annual / Semester award,Multiple,"Academic transcript, Proof of enrollment, Recommendation letter, Essay","Nationalities: Unrestricted; Host country: Unrestricted; Fields: Biology/Life Sciences, Health Professions, Psychology....","Merit, essay response, and academic verification.",R&D Systems is proud to support education in science with a scholarship program established to students who are pursuing a...,Not specified,2026-09-16
SCH_0444,Novus Biologicals Scholarship Program,International Organization / Foundation,Organization / Foundation,IEFA,https://www.iefa.org/scholarships/3437/Novus_Biologicals_Scholarship_Program,https://www.iefa.org/scholarships/3437/Novus_Biologicals_Scholarship_Program,"Andorra, Austria, Belarus...","Andorra, Austria, Belarus...",Unrestricted,Any,Full-time,"Biology/Life Sciences, Health Professions, Psychology...",Not specified,Not specified,Enrolled or accepted in eligible accredited institution,Good academic standing,Not specified,Any,General,Equal Opportunity,International student or foreign national,Varies by award,USD,Partial,Partial,Not specified,Not specified,Not specified,Free,Varies (See official site),Annual / Semester award,Multiple,"Academic transcript, Proof of enrollment, Recommendation letter, Essay","Nationalities: Unrestricted; Host country: Andorra, Austria, Belarus...; Fields: Biology/Life Sciences, Health Professions, Psychology....","Merit, essay response, and academic verification.",Research is a critical component for the development and advancement in the life science community. We want to further scientific...,Not specified,2026-09-16
SCH_0445,"Interior Design $2,000 Scholarship Program",International Organization / Foundation,Organization / Foundation,IEFA,"https://www.iefa.org/scholarships/3429/Interior_Design_$2,000_Scholarship_Program","https://www.iefa.org/scholarships/3429/Interior_Design_$2,000_Scholarship_Program",International,International,Unrestricted,Any,Full-time,Unrestricted,Not specified,Not specified,Enrolled or accepted in eligible accredited institution,Good academic standing,Not specified,Any,General,Equal Opportunity,International student or foreign national,Varies by award,USD,Partial,Partial,Not specified,Not specified,Not specified,Free,Varies (See official site),Annual / Semester award,Multiple,"Academic transcript, Proof of enrollment, Recommendation letter, Essay",Nationalities: Unrestricted; Host country: Unrestricted; Fields: Unrestricted.,"Merit, essay response, and academic verification.","Scholarship introduction: Our scholarship fund aims to help students get the education and profession of their dreams, so we are offering...",Not specified,2026-09-16
SCH_0446,Full and Partial Tuition Fee Waiver Scholarships,International Organization / Foundation,Organization / Foundation,IEFA,https://www.iefa.org/scholarships/3428/Full_and_Partial_Tuition_Fee_Waiver_Scholarships,https://www.iefa.org/scholarships/3428/Full_and_Partial_Tuition_Fee_Waiver_Scholarships,Thailand,Thailand,Unrestricted,Postgraduate,Full-time,"Computer & Information Systems, Law & Legal Studies, Transportation/Logistics and Accounting",Not specified,Not specified,Enrolled or accepted in eligible accredited institution,Good academic standing,Not specified,Any,General,Equal Opportunity,International student or foreign national,Varies by award,USD,Partial,Partial,Not specified,Not specified,Not specified,Free,Varies (See official site),Annual / Semester award,Multiple,"Academic transcript, Proof of enrollment, Recommendation letter, Essay","Nationalities: Unrestricted; Host country: Thailand; Fields: Computer & Information Systems, Law & Legal Studies, Transportation/Logistics and Accounting.","Merit, essay response, and academic verification.","Study on a scholarship in Thailand, beginning January! TUITION FEE WAIVER SCHOLARSHIPS FOR UNDERGRADUATE STUDENTS Looking to study on a scholarship in...",Not specified,2026-09-16
SCH_0447,Central/South American Scholarship,International Organization / Foundation,Organization / Foundation,IEFA,https://www.iefa.org/scholarships/2961/Central_South_American_Scholarship,https://www.iefa.org/scholarships/2961/Central_South_American_Scholarship,USA,USA,Unrestricted,Any,Full-time,"Architecture & Design, Biology/Life Sciences, Business/Management...",Not specified,Not specified,Enrolled or accepted in eligible accredited institution,Good academic standing,Not specified,Any,General,Equal Opportunity,International student or foreign national,Varies by award,USD,Partial,Partial,Not specified,Not specified,Not specified,Free,Varies (See official site),Annual / Semester award,Multiple,"Academic transcript, Proof of enrollment, Recommendation letter, Essay","Nationalities: Unrestricted; Host country: United States; Fields: Architecture & Design, Biology/Life Sciences, Business/Management....","Merit, essay response, and academic verification.",Any student that is applying to UIW from within their home country in the regions of Central and South American...,Not specified,2026-09-16
SCH_0448,South Pacific Scholarship,International Organization / Foundation,Organization / Foundation,IEFA,https://www.iefa.org/scholarships/2183/South_Pacific_Scholarship,https://www.iefa.org/scholarships/2183/South_Pacific_Scholarship,USA,USA,Unrestricted,Postgraduate,Full-time,"Biology/Life Sciences, Business/Management, Communications...",Not specified,Not specified,Enrolled or accepted in eligible accredited institution,Good academic standing,Not specified,Any,General,Equal Opportunity,International student or foreign national,Varies by award,USD,Partial,Partial,Not specified,Not specified,Not specified,Free,Varies (See official site),Annual / Semester award,Multiple,"Academic transcript, Proof of enrollment, Recommendation letter, Essay","Nationalities: Unrestricted; Host country: United States; Fields: Biology/Life Sciences, Business/Management, Communications....","Merit, essay response, and academic verification.",Undergraduate applicants residing in their home country of Vietnam or Indonesia that are applying to the University of the Incarnate...,Not specified,2026-09-16
SCH_0449,University Of Wisconsin-Superior Nonresident Tuition Waiver (NTW) Award,University,Organization / Foundation,IEFA,https://www.iefa.org/scholarships/1267/University_Of_Wisconsin-Superior_Nonresident_Tuition_Waiver_(NTW)_Award,https://www.iefa.org/scholarships/1267/University_Of_Wisconsin-Superior_Nonresident_Tuition_Waiver_(NTW)_Award,USA,USA,Unrestricted,Postgraduate,Full-time,Unrestricted,Not specified,Not specified,Enrolled or accepted in eligible accredited institution,Good academic standing,Not specified,Any,General,Equal Opportunity,International student or foreign national,Varies by award,USD,Partial,Partial,Not specified,Not specified,Not specified,Free,Varies (See official site),Annual / Semester award,Multiple,"Academic transcript, Proof of enrollment, Recommendation letter, Essay",Nationalities: Unrestricted; Host country: United States; Fields: Unrestricted.,"Merit, essay response, and academic verification.","UW-Superior offers nonresident tuition waivers (NTWs) of $5,300 to $7,200 per year to more than 90% of international undergraduate students...",Not specified,2026-09-16
SCH_0450,Marie Sklodowska-Curie Individual Fellowships at FEEM supported by Eni,International Organization / Foundation,Organization / Foundation,IEFA,https://www.iefa.org/scholarships/3417/Marie_Sklodowska-Curie_Individual_Fellowships_at_FEEM_supported_by_Eni_,https://www.iefa.org/scholarships/3417/Marie_Sklodowska-Curie_Individual_Fellowships_at_FEEM_supported_by_Eni_,Italy,Italy,Unrestricted,Postgraduate,Full-time,"Sustainable Development, Economics, Applied Science...",Not specified,Not specified,Enrolled or accepted in eligible accredited institution,Good academic standing,Not specified,Any,General,Equal Opportunity,International student or foreign national,Varies by award,USD,Partial,Partial,Not specified,Not specified,Not specified,Free,Varies (See official site),Annual / Semester award,Multiple,"Academic transcript, Proof of enrollment, Recommendation letter, Essay","Nationalities: Unrestricted; Host country: Italy; Fields: Sustainable Development, Economics, Applied Science....","Merit, essay response, and academic verification.","Subject: Road transport decarbonization Following FEEM's long-time tradition of successful international post-graduate and doctoral training, and Eni's interest in supporting innovation...",Not specified,2026-09-16
SCH_0451,Decarbonisation in the energy sector: Marie Sklodowska-Curie Fellowships,International Organization / Foundation,Organization / Foundation,IEFA,https://www.iefa.org/scholarships/3422/Decarbonisation_in_the_energy_sector:_Marie_Sklodowska-Curie_Fellowships,https://www.iefa.org/scholarships/3422/Decarbonisation_in_the_energy_sector:_Marie_Sklodowska-Curie_Fellowships,Italy,Italy,Unrestricted,Postgraduate,Full-time,"Sustainable Development, Economics, Applied Science...",Not specified,Not specified,Enrolled or accepted in eligible accredited institution,Good academic standing,Not specified,Any,General,Equal Opportunity,International student or foreign national,Varies by award,USD,Partial,Partial,Not specified,Not specified,Not specified,Free,Varies (See official site),Annual / Semester award,Multiple,"Academic transcript, Proof of enrollment, Recommendation letter, Essay","Nationalities: Unrestricted; Host country: Italy; Fields: Sustainable Development, Economics, Applied Science....","Merit, essay response, and academic verification.","Following FEEM long time tradition of successful international post-graduate and doctoral training, and Eni interest in supporting innovation and excellence...",Not specified,2026-09-16
SCH_0452,European PhD Flavor Research Awards for final year PhD students,International Organization / Foundation,Organization / Foundation,IEFA,https://www.iefa.org/scholarships/3420/European_PhD_Flavor_Research_Awards_for_final_year_PhD_students,https://www.iefa.org/scholarships/3420/European_PhD_Flavor_Research_Awards_for_final_year_PhD_students,"Austria, Belgium, Bolivia...","Austria, Belgium, Bolivia...",Unrestricted,Any,Full-time,"Biology/Life Sciences, Engineering, Agriculture...",Not specified,Not specified,Enrolled or accepted in eligible accredited institution,Good academic standing,Not specified,Any,General,Equal Opportunity,International student or foreign national,Varies by award,EUR,Partial,Partial,Not specified,Not specified,Not specified,Free,Varies (See official site),Annual / Semester award,Multiple,"Academic transcript, Proof of enrollment, Recommendation letter, Essay","Nationalities: Unrestricted; Host country: Austria, Belgium, Bolivia...; Fields: Biology/Life Sciences, Engineering, Agriculture....","Merit, essay response, and academic verification.",The programme aims to raise the profile of flavor science research in Europe by encouraging students of differing scientific disciplines...,Not specified,2026-09-16
SCH_0453,European PhD Flavor Research Bursary for first year PhD students,International Organization / Foundation,Organization / Foundation,IEFA,https://www.iefa.org/scholarships/3421/European_PhD_Flavor_Research_Bursary_for_first_year_PhD_students,https://www.iefa.org/scholarships/3421/European_PhD_Flavor_Research_Bursary_for_first_year_PhD_students,International,International,Unrestricted,Postgraduate,Full-time,"Biology/Life Sciences, Business/Management, Engineering...",Not specified,Not specified,Enrolled or accepted in eligible accredited institution,Good academic standing,Not specified,Any,General,Equal Opportunity,International student or foreign national,Varies by award,EUR,Partial,Partial,Not specified,Not specified,Not specified,Free,Varies (See official site),Annual / Semester award,Multiple,"Academic transcript, Proof of enrollment, Recommendation letter, Essay","Nationalities: Unrestricted; Host country: Unrestricted; Fields: Biology/Life Sciences, Business/Management, Engineering....","Merit, essay response, and academic verification.",Applications for European PhD Flavor Research Award & Bursaries. The programme aims to raise the profile of flavor science research...,Not specified,2026-09-16
SCH_0454,Scholarship for Orphans,International Organization / Foundation,Organization / Foundation,IEFA,https://www.iefa.org/scholarships/3413/Scholarship_for_Orphans,https://www.iefa.org/scholarships/3413/Scholarship_for_Orphans,International,International,Unrestricted,Any,Full-time,Unrestricted,Not specified,Not specified,Enrolled or accepted in eligible accredited institution,Good academic standing,Not specified,Any,General,Equal Opportunity,International student or foreign national,Varies by award,USD,Partial,Partial,Not specified,Not specified,Not specified,Free,Varies (See official site),Annual / Semester award,Multiple,"Academic transcript, Proof of enrollment, Recommendation letter, Essay",Nationalities: Unrestricted; Host country: Unrestricted; Fields: Unrestricted.,"Merit, essay response, and academic verification.",We at CustomEssayMeister believe that many bright students are buried in various life circumstances that hinder them from reaching their...,Not specified,2026-09-16
SCH_0455,International Academic Merit Scholarships,Wilson College full-time,Organization / Foundation,IEFA,https://www.iefa.org/scholarships/2089/International_Academic_Merit_Scholarships,https://www.iefa.org/scholarships/2089/International_Academic_Merit_Scholarships,USA,USA,Unrestricted,Any,Full-time,Unrestricted,Not specified,Not specified,Enrolled or accepted in eligible accredited institution,Good academic standing,Not specified,Any,General,Equal Opportunity,International student or foreign national,Varies by award,USD,Partial,Partial,Not specified,Not specified,Not specified,Free,Varies (See official site),Annual / Semester award,Multiple,"Academic transcript, Proof of enrollment, Recommendation letter, Essay",Nationalities: Unrestricted; Host country: United States; Fields: Unrestricted.,"Merit, essay response, and academic verification.",A student must be enrolled at Wilson College full-time to be eligible for a Merit Scholarship. Eligibility for the tuition...,Not specified,2026-09-16
SCH_0456,International Partnership Scholarship,International Organization / Foundation,Organization / Foundation,IEFA,https://www.iefa.org/scholarships/3383/International_Partnership_Scholarship_,https://www.iefa.org/scholarships/3383/International_Partnership_Scholarship_,USA,USA,Unrestricted,Any,Full-time,Unrestricted,Not specified,Not specified,Enrolled or accepted in eligible accredited institution,Good academic standing,Not specified,Any,General,Equal Opportunity,International student or foreign national,Varies by award,USD,Partial,Partial,Not specified,Not specified,Not specified,Free,Varies (See official site),Annual / Semester award,Multiple,"Academic transcript, Proof of enrollment, Recommendation letter, Essay",Nationalities: Unrestricted; Host country: United States; Fields: Unrestricted.,"Merit, essay response, and academic verification.",Given to first year students who come from international backgrounds Only available for students attending Birmingham-Southern College,Not specified,2026-09-16
SCH_0457,Youth Forward Scholarship Opportunity,International Organization / Foundation,Organization / Foundation,IEFA,https://www.iefa.org/scholarships/3404/Youth_Forward_Scholarship_Opportunity,https://www.iefa.org/scholarships/3404/Youth_Forward_Scholarship_Opportunity,International,International,Unrestricted,Any,Full-time,Unrestricted,Not specified,Not specified,Enrolled or accepted in eligible accredited institution,Good academic standing,Not specified,Any,General,Equal Opportunity,International student or foreign national,Varies by award,USD,Partial,Partial,Not specified,Not specified,Not specified,Free,Varies (See official site),Annual / Semester award,Multiple,"Academic transcript, Proof of enrollment, Recommendation letter, Essay",Nationalities: Unrestricted; Host country: Unrestricted; Fields: Unrestricted.,"Merit, essay response, and academic verification.","National Driving and Traffic School are proud to announce their scholarship opportunity, entitled “In the Driver’s Seat.” The company is...",Not specified,2026-09-16
SCH_0458,Skoolville's Scholarship for Exemplary International Students,International Organization / Foundation,Organization / Foundation,IEFA,https://www.iefa.org/scholarships/3403/Skoolville's_Scholarship_for_Exemplary_International_Students,https://www.iefa.org/scholarships/3403/Skoolville's_Scholarship_for_Exemplary_International_Students,USA,USA,Unrestricted,Any,Full-time,Unrestricted,Not specified,Not specified,Enrolled or accepted in eligible accredited institution,Good academic standing,Not specified,Any,General,Equal Opportunity,International student or foreign national,Varies by award,USD,Partial,Partial,Not specified,Not specified,Not specified,Free,Varies (See official site),Annual / Semester award,Multiple,"Academic transcript, Proof of enrollment, Recommendation letter, Essay",Nationalities: Unrestricted; Host country: United States; Fields: Unrestricted.,"Merit, essay response, and academic verification.","Skoolville is an online study abroad consultancy providing free counseling services to international students interested in applying to USA, Canada,...",Not specified,2026-09-16
SCH_0459,"The TFC Scholarship – $1,000 Award",International Organization / Foundation,Organization / Foundation,IEFA,"https://www.iefa.org/scholarships/3304/The_TFC_Scholarship_–_$1,000_Award","https://www.iefa.org/scholarships/3304/The_TFC_Scholarship_–_$1,000_Award",USA,USA,Unrestricted,Any,Full-time,Unrestricted,Not specified,Not specified,Enrolled or accepted in eligible accredited institution,Good academic standing,Not specified,Any,General,Equal Opportunity,International student or foreign national,Varies by award,USD,Partial,Partial,Not specified,Not specified,Not specified,Free,Varies (See official site),Annual / Semester award,Multiple,"Academic transcript, Proof of enrollment, Recommendation letter, Essay",Nationalities: Unrestricted; Host country: United States; Fields: Unrestricted.,"Merit, essay response, and academic verification.","As a new generation of students getting an excellent education, you have the ability to solve a major financial issue...",Not specified,2026-09-16
SCH_0460,Walailak University (Thailand) Full and Partial Tuition Fee Waiver Scholarships,Walailak University,Organization / Foundation,IEFA,https://www.iefa.org/scholarships/3402/Walailak_University_(Thailand)_Full_and_Partial_Tuition_Fee_Waiver_Scholarships,https://www.iefa.org/scholarships/3402/Walailak_University_(Thailand)_Full_and_Partial_Tuition_Fee_Waiver_Scholarships,Thailand,Thailand,Unrestricted,Any,Full-time,"Business/Management, Computer & Information Systems, Law & Legal Studies and Accounting",Not specified,Not specified,Enrolled or accepted in eligible accredited institution,Good academic standing,Not specified,Any,General,Equal Opportunity,International student or foreign national,Varies by award,USD,Partial,Partial,Not specified,Not specified,Not specified,Free,Varies (See official site),Annual / Semester award,Multiple,"Academic transcript, Proof of enrollment, Recommendation letter, Essay","Nationalities: Unrestricted; Host country: Thailand; Fields: Business/Management, Computer & Information Systems, Law & Legal Studies and Accounting.","Merit, essay response, and academic verification.",Walailak University International College (Thailand) is pleased to announce that applications for excellence scholarships are now open. We offer Full...,Not specified,2026-09-16
SCH_0461,Aimee Student Success Scholarship,International Organization / Foundation,Organization / Foundation,IEFA,https://www.iefa.org/scholarships/3401/Aimee_Student_Success_Scholarship,https://www.iefa.org/scholarships/3401/Aimee_Student_Success_Scholarship,International,International,Unrestricted,Any,Full-time,Unrestricted,Not specified,Not specified,Enrolled or accepted in eligible accredited institution,Good academic standing,Not specified,Any,General,Equal Opportunity,International student or foreign national,Varies by award,USD,Partial,Partial,Not specified,Not specified,Not specified,Free,Varies (See official site),Annual / Semester award,Multiple,"Academic transcript, Proof of enrollment, Recommendation letter, Essay",Nationalities: Unrestricted; Host country: Unrestricted; Fields: Unrestricted.,"Merit, essay response, and academic verification.","The Aimee Student Success Scholarship will be awarded to students who demonstrate through an online bio (portfolio) and corresponding resume,...",Not specified,2026-09-16
SCH_0462,CSU Monterey Bay - International Student Non-Resident Fee Waiver,International Organization / Foundation,Organization / Foundation,IEFA,https://www.iefa.org/scholarships/3345/CSU_Monterey_Bay_-_International_Student_Non-Resident_Fee_Waiver,https://www.iefa.org/scholarships/3345/CSU_Monterey_Bay_-_International_Student_Non-Resident_Fee_Waiver,International,International,Unrestricted,Any,Full-time,Unrestricted,Not specified,Not specified,Enrolled or accepted in eligible accredited institution,Good academic standing,Not specified,Any,General,Equal Opportunity,International student or foreign national,Varies by award,USD,Partial,Partial,Not specified,Not specified,Not specified,Free,Varies (See official site),Annual / Semester award,Multiple,"Academic transcript, Proof of enrollment, Recommendation letter, Essay",Nationalities: Unrestricted; Host country: Unrestricted; Fields: Unrestricted.,"Merit, essay response, and academic verification.","International F-1 degree seeking students who plan to attend California State University Monterey Bay, may be eligible for the International...",Not specified,2026-09-16
SCH_0463,Bonner Leader Program,International Organization / Foundation,Organization / Foundation,IEFA,https://www.iefa.org/scholarships/3388/Bonner_Leader_Program_,https://www.iefa.org/scholarships/3388/Bonner_Leader_Program_,USA,USA,Unrestricted,Any,Full-time,Unrestricted,Not specified,Not specified,Enrolled or accepted in eligible accredited institution,Good academic standing,Not specified,Any,General,Equal Opportunity,International student or foreign national,Varies by award,USD,Partial,Partial,Not specified,Not specified,Not specified,Free,Varies (See official site),Annual / Semester award,Multiple,"Academic transcript, Proof of enrollment, Recommendation letter, Essay",Nationalities: Unrestricted; Host country: United States; Fields: Unrestricted.,"Merit, essay response, and academic verification.",The Bonner Leader Program is a leadership development program for students who are committed to community and civic engagement. This...,Not specified,2026-09-16
SCH_0464,Transfer Student Scholarship,International Organization / Foundation,Organization / Foundation,IEFA,https://www.iefa.org/scholarships/3387/Transfer_Student_Scholarship_,https://www.iefa.org/scholarships/3387/Transfer_Student_Scholarship_,USA,USA,Unrestricted,Any,Full-time,Unrestricted,Not specified,Not specified,Enrolled or accepted in eligible accredited institution,Good academic standing,Not specified,Any,General,Equal Opportunity,International student or foreign national,Varies by award,USD,Partial,Partial,Not specified,Not specified,Not specified,Free,Varies (See official site),Annual / Semester award,Multiple,"Academic transcript, Proof of enrollment, Recommendation letter, Essay",Nationalities: Unrestricted; Host country: United States; Fields: Unrestricted.,"Merit, essay response, and academic verification.",Students who are transferring from a two-year or four-year college with a GPA of 2.5 or higher are eligible for...,Not specified,2026-09-16
SCH_0465,Visual and Preforming Arts Scholarship,International Organization / Foundation,Organization / Foundation,IEFA,https://www.iefa.org/scholarships/3386/Visual_and_Preforming_Arts_Scholarship_,https://www.iefa.org/scholarships/3386/Visual_and_Preforming_Arts_Scholarship_,USA,USA,Unrestricted,Any,Full-time,Fine Arts and Performing Arts,Not specified,Not specified,Enrolled or accepted in eligible accredited institution,Good academic standing,Not specified,Any,General,Equal Opportunity,International student or foreign national,Varies by award,USD,Partial,Partial,Not specified,Not specified,Not specified,Free,Varies (See official site),Annual / Semester award,Multiple,"Academic transcript, Proof of enrollment, Recommendation letter, Essay",Nationalities: Unrestricted; Host country: United States; Fields: Fine Arts and Performing Arts.,"Merit, essay response, and academic verification.","These renewable scholarships are given to students who have been admitted to the college and plan to study theater, musical...",Not specified,2026-09-16
SCH_0466,Methodist Scholarship,International Organization / Foundation,Organization / Foundation,IEFA,https://www.iefa.org/scholarships/3385/Methodist_Scholarship,https://www.iefa.org/scholarships/3385/Methodist_Scholarship,USA,USA,Unrestricted,Any,Full-time,Unrestricted,Not specified,Not specified,Enrolled or accepted in eligible accredited institution,Good academic standing,Not specified,Any,General,Equal Opportunity,International student or foreign national,Varies by award,USD,Partial,Partial,Not specified,Not specified,Not specified,Free,Varies (See official site),Annual / Semester award,Multiple,"Academic transcript, Proof of enrollment, Recommendation letter, Essay",Nationalities: Unrestricted; Host country: United States; Fields: Unrestricted.,"Merit, essay response, and academic verification.","BSC is a national leader in providing financial assistance to United Methodist students, clergy families, and those called to ministry....",Not specified,2026-09-16
SCH_0467,Multicultural Student Scholarship,International Organization / Foundation,Organization / Foundation,IEFA,https://www.iefa.org/scholarships/3384/Multicultural_Student_Scholarship_,https://www.iefa.org/scholarships/3384/Multicultural_Student_Scholarship_,USA,USA,Unrestricted,Any,Full-time,Unrestricted,Not specified,Not specified,Enrolled or accepted in eligible accredited institution,Good academic standing,Not specified,Any,General,Equal Opportunity,International student or foreign national,Varies by award,USD,Partial,Partial,Not specified,Not specified,Not specified,Free,Varies (See official site),Annual / Semester award,Multiple,"Academic transcript, Proof of enrollment, Recommendation letter, Essay",Nationalities: Unrestricted; Host country: United States; Fields: Unrestricted.,"Merit, essay response, and academic verification.",The Multicultural Scholarship (previously called the BSC Student of Color Scholarship) recognizes the value of inclusion and diversity that is...,Not specified,2026-09-16
SCH_0468,CoverWallet Small Business Scholarship,CoverWallet by submitting an essay about the risks faced by,Organization / Foundation,IEFA,https://www.iefa.org/scholarships/3395/CoverWallet_Small_Business_Scholarship,https://www.iefa.org/scholarships/3395/CoverWallet_Small_Business_Scholarship,USA,USA,Unrestricted,Any,Full-time,Unrestricted,Not specified,Not specified,Enrolled or accepted in eligible accredited institution,Good academic standing,Not specified,Any,General,Equal Opportunity,International student or foreign national,Varies by award,USD,Partial,Partial,Not specified,Not specified,Not specified,Free,Varies (See official site),Annual / Semester award,Multiple,"Academic transcript, Proof of enrollment, Recommendation letter, Essay",Nationalities: Unrestricted; Host country: United States; Fields: Unrestricted.,"Merit, essay response, and academic verification.","Students have the opportunity to win a $1,000 scholarship from CoverWallet by submitting an essay about the risks faced by...",Not specified,2026-09-16
SCH_0469,SSE MBA Scholarship,International Organization / Foundation,Organization / Foundation,IEFA,https://www.iefa.org/scholarships/3371/SSE_MBA_Scholarship,https://www.iefa.org/scholarships/3371/SSE_MBA_Scholarship,Sweden,Sweden,Unrestricted,Any,Full-time,Unrestricted,Not specified,Not specified,Enrolled or accepted in eligible accredited institution,Good academic standing,Not specified,Any,General,Equal Opportunity,International student or foreign national,Varies by award,USD,Partial,Partial,Not specified,Not specified,Not specified,Free,Varies (See official site),Annual / Semester award,Multiple,"Academic transcript, Proof of enrollment, Recommendation letter, Essay",Nationalities: Unrestricted; Host country: Sweden; Fields: Unrestricted.,"Merit, essay response, and academic verification.",The SSE MBA Scholarship is open for students from all countries and covers the full tuition fee of SEK 495.000...,Not specified,2026-09-16
SCH_0470,Giract's European Flavor Research Promotional Programme,International Organization / Foundation,Organization / Foundation,IEFA,https://www.iefa.org/scholarships/2940/Giract's_European_Flavor_Research_Promotional_Programme,https://www.iefa.org/scholarships/2940/Giract's_European_Flavor_Research_Promotional_Programme,"Austria, Belgium, Cyprus...","Austria, Belgium, Cyprus...",Unrestricted,Any,Full-time,"Biology/Life Sciences, Business/Management, Engineering...",Not specified,Not specified,Enrolled or accepted in eligible accredited institution,Good academic standing,Not specified,Any,General,Equal Opportunity,International student or foreign national,Varies by award,EUR,Partial,Partial,Not specified,Not specified,Not specified,Free,Varies (See official site),Annual / Semester award,Multiple,"Academic transcript, Proof of enrollment, Recommendation letter, Essay","Nationalities: Unrestricted; Host country: Austria, Belgium, Cyprus...; Fields: Biology/Life Sciences, Business/Management, Engineering....","Merit, essay response, and academic verification.",The programme aims to raise the profile of flavor science research in Europe by encouraging students of differing scientific disciplines...,Not specified,2026-09-16
SCH_0471,Graduate Research Assistant Grant - South Korea,School of Mechatronics Engineering in Korea,Organization / Foundation,IEFA,https://www.iefa.org/scholarships/3365/Graduate_Research_Assistant_Grant_-_South_Korea,https://www.iefa.org/scholarships/3365/Graduate_Research_Assistant_Grant_-_South_Korea,South Korea,South Korea,Unrestricted,Postgraduate,Full-time,"Engineering, Chemistry and Physics",Not specified,Not specified,Enrolled or accepted in eligible accredited institution,Good academic standing,Not specified,Any,General,Equal Opportunity,International student or foreign national,Varies by award,USD,Partial,Partial,Not specified,Not specified,Not specified,Free,Varies (See official site),Annual / Semester award,Multiple,"Academic transcript, Proof of enrollment, Recommendation letter, Essay","Nationalities: Unrestricted; Host country: Korea, South; Fields: Engineering, Chemistry and Physics.","Merit, essay response, and academic verification.",We are inviting applicants for two Graduate Research Assistant positions (PhD candidate preferred) at School of Mechatronics Engineering in Korea...,Not specified,2026-09-16
SCH_0472,Vietnamese Academic Excellence Award,Vietnam are eligible,Organization / Foundation,IEFA,https://www.iefa.org/scholarships/3364/Vietnamese_Academic_Excellence_Award,https://www.iefa.org/scholarships/3364/Vietnamese_Academic_Excellence_Award,USA,USA,Unrestricted,Any,Full-time,Unrestricted,Not specified,Not specified,Enrolled or accepted in eligible accredited institution,Good academic standing,Not specified,Any,General,Equal Opportunity,International student or foreign national,Varies by award,USD,Partial,Partial,Not specified,Not specified,Not specified,Free,Varies (See official site),Annual / Semester award,Multiple,"Academic transcript, Proof of enrollment, Recommendation letter, Essay",Nationalities: Unrestricted; Host country: United States; Fields: Unrestricted.,"Merit, essay response, and academic verification.","Students applying to Ohio Dominican University from Vietnam are eligible for and additional $2,000 award to be added to any...",Not specified,2026-09-16
SCH_0473,ODU Work-Study Award,Ohio Dominican University,Organization / Foundation,IEFA,https://www.iefa.org/scholarships/3363/ODU_Work-Study_Award,https://www.iefa.org/scholarships/3363/ODU_Work-Study_Award,International,International,Unrestricted,Postgraduate,Full-time,Unrestricted,Not specified,Not specified,Enrolled or accepted in eligible accredited institution,Good academic standing,Not specified,Any,General,Equal Opportunity,International student or foreign national,Varies by award,USD,Partial,Partial,Not specified,Not specified,Not specified,Free,Varies (See official site),Annual / Semester award,Multiple,"Academic transcript, Proof of enrollment, Recommendation letter, Essay",Nationalities: Unrestricted; Host country: Unrestricted; Fields: Unrestricted.,"Merit, essay response, and academic verification.",This award allows international undergraduate students at Ohio Dominican University to seek on-campus employment during the academic year. Students are...,Not specified,2026-09-16
SCH_0474,International Student Housing Grant,Ohio Dominican University are eligible,Organization / Foundation,IEFA,https://www.iefa.org/scholarships/3362/International_Student_Housing_Grant,https://www.iefa.org/scholarships/3362/International_Student_Housing_Grant,International,International,Unrestricted,Postgraduate,Full-time,Unrestricted,Not specified,Not specified,Enrolled or accepted in eligible accredited institution,Good academic standing,Not specified,Any,General,Equal Opportunity,International student or foreign national,Varies by award,USD,Partial,Partial,Not specified,Not specified,Not specified,Free,Varies (See official site),Annual / Semester award,Multiple,"Academic transcript, Proof of enrollment, Recommendation letter, Essay",Nationalities: Unrestricted; Host country: Unrestricted; Fields: Unrestricted.,"Merit, essay response, and academic verification.","International undergraduate students studying at Ohio Dominican University are eligible for the International Student Housing Grant, which provides a $2,000/year...",Not specified,2026-09-16
SCH_0475,International Academic Opportunity Scholarship,International Organization / Foundation,Organization / Foundation,IEFA,https://www.iefa.org/scholarships/3361/International_Academic_Opportunity_Scholarship,https://www.iefa.org/scholarships/3361/International_Academic_Opportunity_Scholarship,International,International,Unrestricted,Any,Full-time,Unrestricted,Not specified,Not specified,Enrolled or accepted in eligible accredited institution,Good academic standing,Not specified,Any,General,Equal Opportunity,International student or foreign national,Varies by award,USD,Partial,Partial,Not specified,Not specified,Not specified,Free,Varies (See official site),Annual / Semester award,Multiple,"Academic transcript, Proof of enrollment, Recommendation letter, Essay",Nationalities: Unrestricted; Host country: Unrestricted; Fields: Unrestricted.,"Merit, essay response, and academic verification.","Ohio Dominican University recognizes the drive of international students seeking to study in the United States, by awarding the International...",Not specified,2026-09-16
SCH_0476,International Academic Achievement Scholarship,International Organization / Foundation,Organization / Foundation,IEFA,https://www.iefa.org/scholarships/3360/International_Academic_Achievement_Scholarship,https://www.iefa.org/scholarships/3360/International_Academic_Achievement_Scholarship,International,International,Unrestricted,Any,Full-time,Unrestricted,Not specified,Not specified,Enrolled or accepted in eligible accredited institution,Good academic standing,Not specified,Any,General,Equal Opportunity,International student or foreign national,Varies by award,USD,Partial,Partial,Not specified,Not specified,Not specified,Free,Varies (See official site),Annual / Semester award,Multiple,"Academic transcript, Proof of enrollment, Recommendation letter, Essay",Nationalities: Unrestricted; Host country: Unrestricted; Fields: Unrestricted.,"Merit, essay response, and academic verification.",The International Academic Achievement Scholarship recognizes the strong academic achievement of international students by awarding those admitted to Ohio Dominican...,Not specified,2026-09-16
SCH_0477,Global Connections Grant - Free On-campus Housing,Ohio Dominican University,Organization / Foundation,IEFA,https://www.iefa.org/scholarships/3359/Global_Connections_Grant_-_Free_On-campus_Housing,https://www.iefa.org/scholarships/3359/Global_Connections_Grant_-_Free_On-campus_Housing,International,International,Unrestricted,Postgraduate,Full-time,Unrestricted,Not specified,Not specified,Enrolled or accepted in eligible accredited institution,Good academic standing,Not specified,Any,General,Equal Opportunity,International student or foreign national,Varies by award,USD,Partial,Partial,Not specified,Not specified,Not specified,Free,Varies (See official site),Annual / Semester award,Multiple,"Academic transcript, Proof of enrollment, Recommendation letter, Essay",Nationalities: Unrestricted; Host country: Unrestricted; Fields: Unrestricted.,"Merit, essay response, and academic verification.",The Global Connections Grant provides one year of free on-campus housing to new undergraduate international students at Ohio Dominican University....,Not specified,2026-09-16
SCH_0478,Full Scholarship - Computer Engineering field - Smart Networking Lab. (SNL),International Organization / Foundation,Organization / Foundation,IEFA,https://www.iefa.org/scholarships/3357/Full_Scholarship_-_Computer_Engineering_field_-_Smart_Networking_Lab._(SNL),https://www.iefa.org/scholarships/3357/Full_Scholarship_-_Computer_Engineering_field_-_Smart_Networking_Lab._(SNL),South Korea,South Korea,Unrestricted,Postgraduate,Full-time,Computer & Information Systems and Engineering,Not specified,Not specified,Enrolled or accepted in eligible accredited institution,Good academic standing,Not specified,Any,General,Equal Opportunity,International student or foreign national,Varies by award,USD,Partial,Partial,Not specified,Not specified,Not specified,Free,Varies (See official site),Annual / Semester award,Multiple,"Academic transcript, Proof of enrollment, Recommendation letter, Essay","Nationalities: Unrestricted; Host country: Korea, South; Fields: Computer & Information Systems and Engineering.","Merit, essay response, and academic verification.",We are looking for new graduate students having an interest in one or more of our research areas that include...,Not specified,2026-09-16
SCH_0479,Graphic Design Scholarship By Savah,International Organization / Foundation,Organization / Foundation,IEFA,https://www.iefa.org/scholarships/3347/Graphic_Design_Scholarship_By_Savah,https://www.iefa.org/scholarships/3347/Graphic_Design_Scholarship_By_Savah,United Kingdom,USA,Unrestricted,Any,Full-time,Graphic Design,Not specified,Not specified,Enrolled or accepted in eligible accredited institution,Good academic standing,Not specified,Any,General,Equal Opportunity,International student or foreign national,Varies by award,GBP,Partial,Partial,Not specified,Not specified,Not specified,Free,Varies (See official site),Annual / Semester award,Multiple,"Academic transcript, Proof of enrollment, Recommendation letter, Essay",Nationalities: Unrestricted; Host country: United Kingdom and United States; Fields: Graphic Design.,"Merit, essay response, and academic verification.","In line with supporting education, creativity and excellent design skill among youth, Savah is excited to announce a graphic design...",Not specified,2026-09-16
SCH_0480,"Fashion, Design, Visual Communication, Management Scholarships",International Organization / Foundation,Organization / Foundation,IEFA,"https://www.iefa.org/scholarships/3341/Fashion,_Design,_Visual_Communication,_Management_Scholarships","https://www.iefa.org/scholarships/3341/Fashion,_Design,_Visual_Communication,_Management_Scholarships",International,International,Unrestricted,Any,Full-time,"Architecture & Design, Business/Management, Communications...",Not specified,Not specified,Enrolled or accepted in eligible accredited institution,Good academic standing,Not specified,Any,General,Equal Opportunity,International student or foreign national,Varies by award,USD,Partial,Partial,Not specified,Not specified,Not specified,Free,Varies (See official site),Annual / Semester award,Multiple,"Academic transcript, Proof of enrollment, Recommendation letter, Essay","Nationalities: Unrestricted; Host country: Unrestricted; Fields: Architecture & Design, Business/Management, Communications....","Merit, essay response, and academic verification.",IED Barcelona invites students from all over the world to participate in the Scholarship Contest 2019. The school offers 28...,Not specified,2026-09-16
SCH_0481,Florida Rentals Annual Dream Vacation Scholarship,International Organization / Foundation,Organization / Foundation,IEFA,https://www.iefa.org/scholarships/3340/Florida_Rentals_Annual_Dream_Vacation_Scholarship,https://www.iefa.org/scholarships/3340/Florida_Rentals_Annual_Dream_Vacation_Scholarship,USA,USA,Unrestricted,Any,Full-time,Unrestricted,Not specified,Not specified,Enrolled or accepted in eligible accredited institution,Good academic standing,Not specified,Any,General,Equal Opportunity,International student or foreign national,Varies by award,USD,Partial,Partial,Not specified,Not specified,Not specified,Free,Varies (See official site),Annual / Semester award,Multiple,"Academic transcript, Proof of enrollment, Recommendation letter, Essay",Nationalities: Unrestricted; Host country: United States; Fields: Unrestricted.,"Merit, essay response, and academic verification.","At Florida Rentals we know how hard you work all semester. Studying, stressing, and late night writing can take their...",Not specified,2026-09-16
SCH_0482,Post-doctoral Fellowship - Child-Mother Health,International Organization / Foundation,Organization / Foundation,IEFA,https://www.iefa.org/scholarships/3334/Post-doctoral_Fellowship_-_Child-Mother_Health,https://www.iefa.org/scholarships/3334/Post-doctoral_Fellowship_-_Child-Mother_Health,Brazil,Brazil,Unrestricted,Any,Full-time,"Health Professions, Psychology and Medicine",Not specified,Not specified,Enrolled or accepted in eligible accredited institution,Good academic standing,Not specified,Any,General,Equal Opportunity,International student or foreign national,Varies by award,USD,Partial,Partial,Not specified,Not specified,Not specified,Free,Varies (See official site),Annual / Semester award,Multiple,"Academic transcript, Proof of enrollment, Recommendation letter, Essay","Nationalities: Unrestricted; Host country: Brazil; Fields: Health Professions, Psychology and Medicine.","Merit, essay response, and academic verification.",The candidate will be responsible for coordinating the necessary activities to carry out the intervention and the follow-up of the...,Not specified,2026-09-16
SCH_0483,Khazar University International Scholarships - Azerbaijan,Khazar University,Organization / Foundation,IEFA,https://www.iefa.org/scholarships/3335/Khazar_University_International_Scholarships_-_Azerbaijan,https://www.iefa.org/scholarships/3335/Khazar_University_International_Scholarships_-_Azerbaijan,Azerbaijan,Azerbaijan,Unrestricted,Any,Full-time,Unrestricted,Not specified,Not specified,Enrolled or accepted in eligible accredited institution,Good academic standing,Not specified,Any,General,Equal Opportunity,International student or foreign national,Varies by award,USD,Partial,Partial,Not specified,Not specified,Not specified,Free,Varies (See official site),Annual / Semester award,Multiple,"Academic transcript, Proof of enrollment, Recommendation letter, Essay",Nationalities: Unrestricted; Host country: Azerbaijan; Fields: Unrestricted.,"Merit, essay response, and academic verification.",Khazar University Announces Scholarships for International Applicants! Khazar University announces the Excellence and Merit Scholarships for distinguished international applicants who wish...,Not specified,2026-09-16
SCH_0484,Catholic High School Award,International Organization / Foundation,Organization / Foundation,IEFA,https://www.iefa.org/scholarships/2180/Catholic_High_School_Award,https://www.iefa.org/scholarships/2180/Catholic_High_School_Award,USA,USA,Unrestricted,Postgraduate,Full-time,"Biology/Life Sciences, Business/Management, Communications...",Not specified,Not specified,Enrolled or accepted in eligible accredited institution,Good academic standing,Not specified,Any,General,Equal Opportunity,International student or foreign national,Varies by award,USD,Partial,Partial,Not specified,Not specified,Not specified,Free,Varies (See official site),Annual / Semester award,Multiple,"Academic transcript, Proof of enrollment, Recommendation letter, Essay","Nationalities: Unrestricted; Host country: United States; Fields: Biology/Life Sciences, Business/Management, Communications....","Merit, essay response, and academic verification.","Any freshman applicant that graduated from a Catholic high school will be awarded a $2,000 scholarship at the time of...",Not specified,2026-09-16
SCH_0485,Transfer Merit Award,International Organization / Foundation,Organization / Foundation,IEFA,https://www.iefa.org/scholarships/2473/Transfer_Merit_Award,https://www.iefa.org/scholarships/2473/Transfer_Merit_Award,USA,USA,Unrestricted,Any,Full-time,"Biology/Life Sciences, Business/Management, Communications...",Not specified,Not specified,Enrolled or accepted in eligible accredited institution,Good academic standing,Not specified,Any,General,Equal Opportunity,International student or foreign national,Varies by award,USD,Partial,Partial,Not specified,Not specified,Not specified,Free,Varies (See official site),Annual / Semester award,Multiple,"Academic transcript, Proof of enrollment, Recommendation letter, Essay","Nationalities: Unrestricted; Host country: United States; Fields: Biology/Life Sciences, Business/Management, Communications....","Merit, essay response, and academic verification.",Any student that is applying with a minimum of 24 degree-seeking credits is considered a transfer student. All transfer...,Not specified,2026-09-16
SCH_0486,Freshman Merit Award,International Organization / Foundation,Organization / Foundation,IEFA,https://www.iefa.org/scholarships/2472/Freshman_Merit_Award,https://www.iefa.org/scholarships/2472/Freshman_Merit_Award,USA,USA,Unrestricted,Postgraduate,Full-time,"Biology/Life Sciences, Business/Management, Communications...",Not specified,Not specified,Enrolled or accepted in eligible accredited institution,Good academic standing,Not specified,Any,General,Equal Opportunity,International student or foreign national,Varies by award,USD,Partial,Partial,Not specified,Not specified,Not specified,Free,Varies (See official site),Annual / Semester award,Multiple,"Academic transcript, Proof of enrollment, Recommendation letter, Essay","Nationalities: Unrestricted; Host country: United States; Fields: Biology/Life Sciences, Business/Management, Communications....","Merit, essay response, and academic verification.",The University of the Incarnate Word offers a number of scholarships to first degree-seeking undergraduate students. All merit-based scholarships...,Not specified,2026-09-16
SCH_0487,Tuition fee free places for Master's degree studies in Lithuania,VGTU can be awarded a scholarship,Organization / Foundation,IEFA,https://www.iefa.org/scholarships/3333/Tuition_fee_free_places_for_Master's_degree_studies_in_Lithuania,https://www.iefa.org/scholarships/3333/Tuition_fee_free_places_for_Master's_degree_studies_in_Lithuania,Lithuania,Lithuania,Unrestricted,Postgraduate,Full-time,"Architecture & Design, Business/Management, Computer & Information Systems...",Not specified,Not specified,Enrolled or accepted in eligible accredited institution,Good academic standing,Not specified,Any,General,Equal Opportunity,International student or foreign national,Varies by award,USD,Partial,Partial,Not specified,Not specified,Not specified,Free,Varies (See official site),Annual / Semester award,Multiple,"Academic transcript, Proof of enrollment, Recommendation letter, Essay","Nationalities: Unrestricted; Host country: Lithuania; Fields: Architecture & Design, Business/Management, Computer & Information Systems....","Merit, essay response, and academic verification.",The best International students applying to the first year of Master’s degree studies at VGTU can be awarded a scholarship...,Not specified,2026-09-16
SCH_0488,Tuition fee-free places for Bachelor's degree studies Lithuania,International Organization / Foundation,Organization / Foundation,IEFA,https://www.iefa.org/scholarships/3332/Tuition_fee-free_places_for_Bachelor's_degree_studies_Lithuania,https://www.iefa.org/scholarships/3332/Tuition_fee-free_places_for_Bachelor's_degree_studies_Lithuania,Lithuania,Lithuania,Unrestricted,Undergraduate,Full-time,"Architecture & Design, Business/Management, Communications and Engineering",Not specified,Not specified,Enrolled or accepted in eligible accredited institution,Good academic standing,Not specified,Any,General,Equal Opportunity,International student or foreign national,Varies by award,USD,Partial,Partial,Not specified,Not specified,Not specified,Free,Varies (See official site),Annual / Semester award,Multiple,"Academic transcript, Proof of enrollment, Recommendation letter, Essay","Nationalities: Unrestricted; Host country: Lithuania; Fields: Architecture & Design, Business/Management, Communications and Engineering.","Merit, essay response, and academic verification.",International students applying to the first year of Bachelor’s degree studies at VGTU can be awarded a scholarship (tuition fee-free...,Not specified,2026-09-16
SCH_0489,Grand Rapids Trans Foundation Academic Scholarship,International Organization / Foundation,Organization / Foundation,IEFA,https://www.iefa.org/scholarships/3331/Grand_Rapids_Trans_Foundation_Academic_Scholarship,https://www.iefa.org/scholarships/3331/Grand_Rapids_Trans_Foundation_Academic_Scholarship,USA,USA,Unrestricted,Any,Full-time,Unrestricted,Not specified,Not specified,Enrolled or accepted in eligible accredited institution,Good academic standing,Not specified,Any,General,Equal Opportunity,International student or foreign national,Varies by award,USD,Partial,Partial,Not specified,Not specified,Not specified,Free,Varies (See official site),Annual / Semester award,Multiple,"Academic transcript, Proof of enrollment, Recommendation letter, Essay",Nationalities: Unrestricted; Host country: United States; Fields: Unrestricted.,"Merit, essay response, and academic verification.","A scholarship for transgender and non-binary students pursuing post-secondary education within Kent County, MI. To be eligible, applicants must identify...",Not specified,2026-09-16
SCH_0490,SYSAT Sport & Arts Scholarships,Mbog Invest Foundation that brings,Organization / Foundation,IEFA,https://www.iefa.org/scholarships/3330/SYSAT_Sport_&_Arts_Scholarships,https://www.iefa.org/scholarships/3330/SYSAT_Sport_&_Arts_Scholarships,International,International,Unrestricted,Any,Full-time,Unrestricted,Not specified,Not specified,Enrolled or accepted in eligible accredited institution,Good academic standing,Not specified,Any,General,Equal Opportunity,International student or foreign national,Varies by award,USD,Partial,Partial,Not specified,Not specified,Not specified,Free,Varies (See official site),Annual / Semester award,Multiple,"Academic transcript, Proof of enrollment, Recommendation letter, Essay",Nationalities: Unrestricted; Host country: Unrestricted; Fields: Unrestricted.,"Merit, essay response, and academic verification.",The Summer Youth Sports & Arts Trials (SYSAT) is an annual event hosted by Mbog Invest Foundation that brings together...,Not specified,2026-09-16
SCH_0491,Fulbright-Anne Wexler Scholarship,International Organization / Foundation,Organization / Foundation,IEFA,https://www.iefa.org/scholarships/1804/Fulbright-Anne_Wexler_Scholarship,https://www.iefa.org/scholarships/1804/Fulbright-Anne_Wexler_Scholarship,Australia,USA,Unrestricted,Postgraduate,Full-time,Unrestricted,Not specified,Not specified,Enrolled or accepted in eligible accredited institution,Good academic standing,Not specified,Any,General,Equal Opportunity,International student or foreign national,Varies by award,USD,Partial,Partial,Not specified,Not specified,Not specified,Free,Varies (See official site),Annual / Semester award,Multiple,"Academic transcript, Proof of enrollment, Recommendation letter, Essay",Nationalities: Unrestricted; Host country: Australia and United States; Fields: Unrestricted.,"Merit, essay response, and academic verification.",This scholarship enables a U.S. postgraduate student with strong academic credentials and leadership potential to undertake a two-year Master’s degree...,Not specified,2026-09-16
SCH_0492,Aurora Challenge Grant,International Organization / Foundation,Organization / Foundation,IEFA,https://www.iefa.org/scholarships/814/Aurora_Challenge_Grant,https://www.iefa.org/scholarships/814/Aurora_Challenge_Grant,Japan,Japan,Unrestricted,Any,Full-time,Languages/Linguistics,Not specified,Not specified,Enrolled or accepted in eligible accredited institution,Good academic standing,Not specified,Any,General,Equal Opportunity,International student or foreign national,Varies by award,USD,Partial,Partial,Not specified,Not specified,Not specified,Free,Varies (See official site),Annual / Semester award,Multiple,"Academic transcript, Proof of enrollment, Recommendation letter, Essay",Nationalities: Unrestricted; Host country: Japan; Fields: Languages/Linguistics.,"Merit, essay response, and academic verification.","The grant will be awarded to a citizen of the USA who resides in California and has a unique dream,...",Not specified,2026-09-16
SCH_0493,Ritchie-Jennings Memorial Scholarship,International Organization / Foundation,Organization / Foundation,IEFA,https://www.iefa.org/scholarships/923/Ritchie-Jennings_Memorial_Scholarship,https://www.iefa.org/scholarships/923/Ritchie-Jennings_Memorial_Scholarship,International,International,Unrestricted,Postgraduate,Full-time,"Business/Management, Finance and Accounting",Not specified,Not specified,Enrolled or accepted in eligible accredited institution,Good academic standing,Not specified,Any,General,Equal Opportunity,International student or foreign national,Varies by award,USD,Partial,Partial,Not specified,Not specified,Not specified,Free,Varies (See official site),Annual / Semester award,Multiple,"Academic transcript, Proof of enrollment, Recommendation letter, Essay","Nationalities: Unrestricted; Host country: Unrestricted; Fields: Business/Management, Finance and Accounting.","Merit, essay response, and academic verification.","Available to all currently enrolled, full-time criminal justice, finance, or accounting majors, attending an accredited four-year college or university. Undergraduates...",Not specified,2026-09-16
SCH_0494,3D Printing Student Grant,International Organization / Foundation,Organization / Foundation,IEFA,https://www.iefa.org/scholarships/3326/3D_Printing_Student_Grant,https://www.iefa.org/scholarships/3326/3D_Printing_Student_Grant,International,International,Unrestricted,Any,Full-time,Unrestricted,Not specified,Not specified,Enrolled or accepted in eligible accredited institution,Good academic standing,Not specified,Any,General,Equal Opportunity,International student or foreign national,Varies by award,USD,Partial,Partial,Not specified,Not specified,Not specified,Free,Varies (See official site),Annual / Semester award,Multiple,"Academic transcript, Proof of enrollment, Recommendation letter, Essay",Nationalities: Unrestricted; Host country: Unrestricted; Fields: Unrestricted.,"Merit, essay response, and academic verification.","Show us how you used 3D printing to realize your innovative engineering or design project. We’re looking for inventors, entrepreneurs and...",Not specified,2026-09-16
SCH_0495,"Car Loans of America Scholarship – $1,000 Award",International Organization / Foundation,Organization / Foundation,IEFA,"https://www.iefa.org/scholarships/3325/Car_Loans_of_America_Scholarship_–_$1,000_Award","https://www.iefa.org/scholarships/3325/Car_Loans_of_America_Scholarship_–_$1,000_Award",USA,USA,Unrestricted,Any,Full-time,Unrestricted,Not specified,Not specified,Enrolled or accepted in eligible accredited institution,Good academic standing,Not specified,Any,General,Equal Opportunity,International student or foreign national,Varies by award,USD,Partial,Partial,Not specified,Not specified,Not specified,Free,Varies (See official site),Annual / Semester award,Multiple,"Academic transcript, Proof of enrollment, Recommendation letter, Essay",Nationalities: Unrestricted; Host country: United States; Fields: Unrestricted.,"Merit, essay response, and academic verification.","As a new generation of students is getting a better education, you have the ability to solve a major financial...",Not specified,2026-09-16
SCH_0496,Winter Scholarship Essay Contest: Take Part and Pull off $1000!,International Organization / Foundation,Organization / Foundation,IEFA,https://www.iefa.org/scholarships/3285/Winter_Scholarship_Essay_Contest:_Take_Part_and_Pull_off_$1000!,https://www.iefa.org/scholarships/3285/Winter_Scholarship_Essay_Contest:_Take_Part_and_Pull_off_$1000!,International,International,Unrestricted,Any,Full-time,Unrestricted,Not specified,Not specified,Enrolled or accepted in eligible accredited institution,Good academic standing,Not specified,Any,General,Equal Opportunity,International student or foreign national,Varies by award,USD,Partial,Partial,Not specified,Not specified,Not specified,Free,Varies (See official site),Annual / Semester award,Multiple,"Academic transcript, Proof of enrollment, Recommendation letter, Essay",Nationalities: Unrestricted; Host country: Unrestricted; Fields: Unrestricted.,"Merit, essay response, and academic verification.","Writing Contest Details: If you like to write, believe to have a writing talent, or simply want to take part in...",Not specified,2026-09-16
SCH_0497,Giorgio Rota Best Paper Award,International Organization / Foundation,Organization / Foundation,IEFA,https://www.iefa.org/scholarships/3319/Giorgio_Rota_Best_Paper_Award,https://www.iefa.org/scholarships/3319/Giorgio_Rota_Best_Paper_Award,International,International,Unrestricted,Any,Full-time,Unrestricted,Not specified,Not specified,Enrolled or accepted in eligible accredited institution,Good academic standing,Not specified,Any,General,Equal Opportunity,International student or foreign national,Varies by award,USD,Partial,Partial,Not specified,Not specified,Not specified,Free,Varies (See official site),Annual / Semester award,Multiple,"Academic transcript, Proof of enrollment, Recommendation letter, Essay",Nationalities: Unrestricted; Host country: Unrestricted; Fields: Unrestricted.,"Merit, essay response, and academic verification.",The Centro Einaudi with the support of Fondazione CRT launches the Giorgio Rota Best Paper Award. Young researchers are invited...,Not specified,2026-09-16
SCH_0498,"Car Title Loans California Scholarship – $1,000 Award",International Organization / Foundation,Organization / Foundation,IEFA,"https://www.iefa.org/scholarships/3317/Car_Title_Loans_California_Scholarship_–_$1,000_Award","https://www.iefa.org/scholarships/3317/Car_Title_Loans_California_Scholarship_–_$1,000_Award",USA,USA,Unrestricted,Any,Full-time,Unrestricted,Not specified,Not specified,Enrolled or accepted in eligible accredited institution,Good academic standing,Not specified,Any,General,Equal Opportunity,International student or foreign national,Varies by award,USD,Partial,Partial,Not specified,Not specified,Not specified,Free,Varies (See official site),Annual / Semester award,Multiple,"Academic transcript, Proof of enrollment, Recommendation letter, Essay",Nationalities: Unrestricted; Host country: United States; Fields: Unrestricted.,"Merit, essay response, and academic verification.",You must be currently enrolled in college. Exhibit notable achievement. Need to have academic excellence. We will need a statement summarizing why...,Not specified,2026-09-16
SCH_0499,Stukent Entrepreneur of the Year Scholarship,International Organization / Foundation,Organization / Foundation,IEFA,https://www.iefa.org/scholarships/3314/Stukent_Entrepreneur_of_the_Year_Scholarship,https://www.iefa.org/scholarships/3314/Stukent_Entrepreneur_of_the_Year_Scholarship,International,International,Unrestricted,Any,Full-time,Unrestricted,Not specified,Not specified,Enrolled or accepted in eligible accredited institution,Good academic standing,Not specified,Any,General,Equal Opportunity,International student or foreign national,Varies by award,USD,Partial,Partial,Not specified,Not specified,Not specified,Free,Varies (See official site),Annual / Semester award,Multiple,"Academic transcript, Proof of enrollment, Recommendation letter, Essay",Nationalities: Unrestricted; Host country: Unrestricted; Fields: Unrestricted.,"Merit, essay response, and academic verification.",The Entrepreneur of the Year Scholarship will help students seeking a boost to quick start their new venture as an...,Not specified,2026-09-16
SCH_0500,Passion For Fashion Scholarship,International Organization / Foundation,Organization / Foundation,IEFA,https://www.iefa.org/scholarships/1334/Passion_For_Fashion_Scholarship,https://www.iefa.org/scholarships/1334/Passion_For_Fashion_Scholarship,Canada,USA,Unrestricted,Any,Full-time,Unrestricted,Not specified,Not specified,Enrolled or accepted in eligible accredited institution,Good academic standing,Not specified,Any,General,Equal Opportunity,International student or foreign national,Varies by award,USD,Partial,Partial,Not specified,Not specified,Not specified,Free,Varies (See official site),Annual / Semester award,Multiple,"Academic transcript, Proof of enrollment, Recommendation letter, Essay",Nationalities: Unrestricted; Host country: Canada and United States; Fields: Unrestricted.,"Merit, essay response, and academic verification.","The Passion for Fashion Competition challenges people to create their own original design, fashion marketing, merchandising, or retail management plan....",Not specified,2026-09-16
SCH_0501,DontPayFull - Scholarships for College Students,International Organization / Foundation,Organization / Foundation,IEFA,https://www.iefa.org/scholarships/2975/DontPayFull_-_Scholarships_for_College_Students,https://www.iefa.org/scholarships/2975/DontPayFull_-_Scholarships_for_College_Students,USA,USA,Unrestricted,Any,Full-time,Unrestricted,Not specified,Not specified,Enrolled or accepted in eligible accredited institution,Good academic standing,Not specified,Any,General,Equal Opportunity,International student or foreign national,Varies by award,USD,Partial,Partial,Not specified,Not specified,Not specified,Free,Varies (See official site),Annual / Semester award,Multiple,"Academic transcript, Proof of enrollment, Recommendation letter, Essay",Nationalities: Unrestricted; Host country: United States and United States Minor Outlying Islands; Fields: Unrestricted.,"Merit, essay response, and academic verification.","Our objective is to help people save money, providing them with the best deals and discount coupons for online shopping. Now,...",Not specified,2026-09-16
SCH_0502,The Best Hoverboard Scholarship Era,International Organization / Foundation,Organization / Foundation,IEFA,https://www.iefa.org/scholarships/3281/The_Best_Hoverboard_Scholarship_Era,https://www.iefa.org/scholarships/3281/The_Best_Hoverboard_Scholarship_Era,International,International,Unrestricted,Any,Full-time,Unrestricted,Not specified,Not specified,Enrolled or accepted in eligible accredited institution,Good academic standing,Not specified,Any,General,Equal Opportunity,International student or foreign national,Varies by award,USD,Partial,Partial,Not specified,Not specified,Not specified,Free,Varies (See official site),Annual / Semester award,Multiple,"Academic transcript, Proof of enrollment, Recommendation letter, Essay",Nationalities: Unrestricted; Host country: Unrestricted; Fields: Unrestricted.,"Merit, essay response, and academic verification.","Thebesthoverboard.com is excited to announce that we are offering a scholarship to students of University under the name ""The Best...",Not specified,2026-09-16
SCH_0503,Higher School of Economics scholarhip,International Organization / Foundation,Organization / Foundation,IEFA,https://www.iefa.org/scholarships/3280/Higher_School_of_Economics_scholarhip,https://www.iefa.org/scholarships/3280/Higher_School_of_Economics_scholarhip,Russia,Russia,Unrestricted,Any,Full-time,"Architecture & Design, Biology/Life Sciences, Business/Management...",Not specified,Not specified,Enrolled or accepted in eligible accredited institution,Good academic standing,Not specified,Any,General,Equal Opportunity,International student or foreign national,Varies by award,USD,Partial,Partial,Not specified,Not specified,Not specified,Free,Varies (See official site),Annual / Semester award,Multiple,"Academic transcript, Proof of enrollment, Recommendation letter, Essay","Nationalities: Unrestricted; Host country: Russia; Fields: Architecture & Design, Biology/Life Sciences, Business/Management....","Merit, essay response, and academic verification.","The HSE University provides tuition-waver grants and grants which partially cover the tuition (25%, 50%, 75%) for its international students.",Not specified,2026-09-16
SCH_0504,Toolsmesh Scholarship,International Organization / Foundation,Organization / Foundation,IEFA,https://www.iefa.org/scholarships/3277/Toolsmesh_Scholarship,https://www.iefa.org/scholarships/3277/Toolsmesh_Scholarship,USA,USA,Unrestricted,Any,Full-time,Unrestricted,Not specified,Not specified,Enrolled or accepted in eligible accredited institution,Good academic standing,Not specified,Any,General,Equal Opportunity,International student or foreign national,Varies by award,USD,Partial,Partial,Not specified,Not specified,Not specified,Free,Varies (See official site),Annual / Semester award,Multiple,"Academic transcript, Proof of enrollment, Recommendation letter, Essay",Nationalities: Unrestricted; Host country: United States; Fields: Unrestricted.,"Merit, essay response, and academic verification.",Students who are willing to participate in our scholarship program must submit a 1000 – 1200 words essay on “Child...,Not specified,2026-09-16
SCH_0505,Transparency School,International Organization / Foundation,Organization / Foundation,IEFA,https://www.iefa.org/scholarships/3282/Transparency_School,https://www.iefa.org/scholarships/3282/Transparency_School,Lithuania,Lithuania,Unrestricted,Any,Full-time,"Law & Legal Studies, Public Administration, Other...",Not specified,Not specified,Enrolled or accepted in eligible accredited institution,Good academic standing,Not specified,Any,General,Equal Opportunity,International student or foreign national,Varies by award,USD,Partial,Partial,Not specified,Not specified,Not specified,Free,Varies (See official site),Annual / Semester award,Multiple,"Academic transcript, Proof of enrollment, Recommendation letter, Essay","Nationalities: Unrestricted; Host country: Lithuania; Fields: Law & Legal Studies, Public Administration, Other....","Merit, essay response, and academic verification.",Transparency International School on Integrity (Transparency School) is an annual state-of-the-art anti-corruption and accountability training for future leaders. The upcoming...,Not specified,2026-09-16
SCH_0506,"Lemmermann Foundation Fellowship Award for Research in Rome, Italy",International Organization / Foundation,Organization / Foundation,IEFA,"https://www.iefa.org/scholarships/3302/Lemmermann_Foundation_Fellowship_Award_for_Research_in_Rome,_Italy","https://www.iefa.org/scholarships/3302/Lemmermann_Foundation_Fellowship_Award_for_Research_in_Rome,_Italy",International,International,Unrestricted,Postgraduate,Full-time,"Architecture & Design, Cultural Studies, Other...",Not specified,Not specified,Enrolled or accepted in eligible accredited institution,Good academic standing,Not specified,Any,General,Equal Opportunity,International student or foreign national,Varies by award,USD,Partial,Partial,Not specified,Not specified,Not specified,Free,Varies (See official site),Annual / Semester award,Multiple,"Academic transcript, Proof of enrollment, Recommendation letter, Essay","Nationalities: Unrestricted; Host country: Unrestricted; Fields: Architecture & Design, Cultural Studies, Other....","Merit, essay response, and academic verification.",The Lemmermann Foundation offers scholarships in the classical studies and humanities to master's and doctoral students. Fields of study include...,Not specified,2026-09-16
SCH_0507,Fully-funded Rotary Peace Fellowship,Rotary International,Organization / Foundation,IEFA,https://www.iefa.org/scholarships/3291/Fully-funded_Rotary_Peace_Fellowship,https://www.iefa.org/scholarships/3291/Fully-funded_Rotary_Peace_Fellowship,Australia,Australia,Unrestricted,Any,Full-time,Unrestricted,Not specified,Not specified,Enrolled or accepted in eligible accredited institution,Good academic standing,Not specified,Any,General,Equal Opportunity,International student or foreign national,Varies by award,USD,Partial,Partial,Not specified,Not specified,Not specified,Free,Varies (See official site),Annual / Semester award,Multiple,"Academic transcript, Proof of enrollment, Recommendation letter, Essay","Nationalities: Unrestricted; Host country: Australia, Japan, Sweden...; Fields: Unrestricted.","Merit, essay response, and academic verification.",The Rotary Foundation is now accepting applications for the fully-funded Rotary Peace Fellowship. Up to 100 peace and development leaders...,Not specified,2026-09-16
SCH_0508,32 PhD Scholarships at the IMT School (Italy),International Organization / Foundation,Organization / Foundation,IEFA,https://www.iefa.org/scholarships/3292/32_PhD_Scholarships_at_the_IMT_School_(Italy),https://www.iefa.org/scholarships/3292/32_PhD_Scholarships_at_the_IMT_School_(Italy),International,International,Unrestricted,Postgraduate,Full-time,"Biology/Life Sciences, Business/Management, Computer & Information Systems...",Not specified,Not specified,Enrolled or accepted in eligible accredited institution,Good academic standing,Not specified,Any,General,Equal Opportunity,International student or foreign national,Varies by award,USD,Partial,Partial,Not specified,Not specified,Not specified,Free,Varies (See official site),Annual / Semester award,Multiple,"Academic transcript, Proof of enrollment, Recommendation letter, Essay","Nationalities: Unrestricted; Host country: Unrestricted; Fields: Biology/Life Sciences, Business/Management, Computer & Information Systems....","Merit, essay response, and academic verification.",PhD programs at the IMT School for Advanced Studies Lucca Deadline for applications – April 23rd Applications are now being accepted for...,Not specified,2026-09-16
SCH_0509,Master Degree Scholarships at HSE University Russia,Master Degree Scholarships at HSE University,Organization / Foundation,IEFA,https://www.iefa.org/scholarships/3294/Master_Degree_Scholarships_at_HSE_University_Russia,https://www.iefa.org/scholarships/3294/Master_Degree_Scholarships_at_HSE_University_Russia,Russia,Russia,Unrestricted,Postgraduate,Full-time,"Architecture & Design, Biology/Life Sciences, Business/Management...",Not specified,Not specified,Enrolled or accepted in eligible accredited institution,Good academic standing,Not specified,Any,General,Equal Opportunity,International student or foreign national,Varies by award,USD,Partial,Partial,Not specified,Not specified,Not specified,Free,Varies (See official site),Annual / Semester award,Multiple,"Academic transcript, Proof of enrollment, Recommendation letter, Essay","Nationalities: Unrestricted; Host country: Russia; Fields: Architecture & Design, Biology/Life Sciences, Business/Management....","Merit, essay response, and academic verification.",Applications are currently being accepted for the 31 Master degree programmes at National Research University – Higher School of Economics...,Not specified,2026-09-16
SCH_0510,Scholarship Program For Engineering Students In USA And Canada,International Organization / Foundation,Organization / Foundation,IEFA,https://www.iefa.org/scholarships/3269/Scholarship_Program_For_Engineering_Students_In_USA_And_Canada,https://www.iefa.org/scholarships/3269/Scholarship_Program_For_Engineering_Students_In_USA_And_Canada,Canada,USA,Unrestricted,Undergraduate,Full-time,Engineering,Not specified,Not specified,Enrolled or accepted in eligible accredited institution,Good academic standing,Not specified,Any,General,Equal Opportunity,International student or foreign national,Varies by award,USD,Partial,Partial,Not specified,Not specified,Not specified,Free,Varies (See official site),Annual / Semester award,Multiple,"Academic transcript, Proof of enrollment, Recommendation letter, Essay",Nationalities: Unrestricted; Host country: Canada and United States; Fields: Engineering.,"Merit, essay response, and academic verification.",The applicant should be either citizen or permanent resident of USA or Canada The applicant must have completed high school /...,Not specified,2026-09-16
SCH_0511,SYSAT 2019 Arts Scholarship,Mbog Invest Foundation that brings,Organization / Foundation,IEFA,https://www.iefa.org/scholarships/3268/SYSAT_2019_Arts_Scholarship,https://www.iefa.org/scholarships/3268/SYSAT_2019_Arts_Scholarship,International,International,Unrestricted,Any,Full-time,Unrestricted,Not specified,Not specified,Enrolled or accepted in eligible accredited institution,Good academic standing,Not specified,Any,General,Equal Opportunity,International student or foreign national,Varies by award,USD,Partial,Partial,Not specified,Not specified,Not specified,Free,Varies (See official site),Annual / Semester award,Multiple,"Academic transcript, Proof of enrollment, Recommendation letter, Essay",Nationalities: Unrestricted; Host country: Unrestricted; Fields: Unrestricted.,"Merit, essay response, and academic verification.",The Summer Youth Sports & Arts Trials (SYSAT) is an annual event hosted by Mbog Invest Foundation that brings together...,Not specified,2026-09-16
SCH_0512,Visual Art Scholarship Program For USA-Canada Students,International Organization / Foundation,Organization / Foundation,IEFA,https://www.iefa.org/scholarships/3263/Visual_Art_Scholarship_Program_For_USA-Canada_Students,https://www.iefa.org/scholarships/3263/Visual_Art_Scholarship_Program_For_USA-Canada_Students,Canada,USA,Unrestricted,Postgraduate,Full-time,Digital Arts & Design and Graphic Design,Not specified,Not specified,Enrolled or accepted in eligible accredited institution,Good academic standing,Not specified,Any,General,Equal Opportunity,International student or foreign national,Varies by award,USD,Partial,Partial,Not specified,Not specified,Not specified,Free,Varies (See official site),Annual / Semester award,Multiple,"Academic transcript, Proof of enrollment, Recommendation letter, Essay",Nationalities: Unrestricted; Host country: Canada and United States; Fields: Digital Arts & Design and Graphic Design.,"Merit, essay response, and academic verification.",Only citizens/permanent residents of USA or Canada can apply Already enrolled in undergraduate or graduation program and looking forward to attaining...,Not specified,2026-09-16
SCH_0513,Game Development Scholarship Program For USA-Canada,International Organization / Foundation,Organization / Foundation,IEFA,https://www.iefa.org/scholarships/3262/Game_Development_Scholarship_Program_For_USA-Canada,https://www.iefa.org/scholarships/3262/Game_Development_Scholarship_Program_For_USA-Canada,Canada,USA,Unrestricted,Any,Full-time,Computer & Information Systems and Game Design & Development,Not specified,Not specified,Enrolled or accepted in eligible accredited institution,Good academic standing,Not specified,Any,General,Equal Opportunity,International student or foreign national,Varies by award,USD,Partial,Partial,Not specified,Not specified,Not specified,Free,Varies (See official site),Annual / Semester award,Multiple,"Academic transcript, Proof of enrollment, Recommendation letter, Essay",Nationalities: Unrestricted; Host country: Canada and United States; Fields: Computer & Information Systems and Game Design & Development.,"Merit, essay response, and academic verification.",You should be either a citizen or a permanent resident of USA or Canada You should be enrolled or planning to...,Not specified,2026-09-16
SCH_0514,Accounting Scholarship Program For USA-Canada Students,International Organization / Foundation,Organization / Foundation,IEFA,https://www.iefa.org/scholarships/3261/Accounting_Scholarship_Program_For_USA-Canada_Students,https://www.iefa.org/scholarships/3261/Accounting_Scholarship_Program_For_USA-Canada_Students,Canada,USA,Unrestricted,Undergraduate,Full-time,Finance and Accounting,Not specified,Not specified,Enrolled or accepted in eligible accredited institution,Good academic standing,Not specified,Any,General,Equal Opportunity,International student or foreign national,Varies by award,USD,Partial,Partial,Not specified,Not specified,Not specified,Free,Varies (See official site),Annual / Semester award,Multiple,"Academic transcript, Proof of enrollment, Recommendation letter, Essay",Nationalities: Unrestricted; Host country: Canada and United States; Fields: Finance and Accounting.,"Merit, essay response, and academic verification.",You must have completed high school / secondary school education You must be a citizen or permanent resident of USA/Canada You must...,Not specified,2026-09-16
SCH_0515,Human Resource Scholarship Program For USA & Canada Students,International Organization / Foundation,Organization / Foundation,IEFA,https://www.iefa.org/scholarships/3260/Human_Resource_Scholarship_Program_For_USA_&_Canada_Students,https://www.iefa.org/scholarships/3260/Human_Resource_Scholarship_Program_For_USA_&_Canada_Students,Canada,USA,Unrestricted,Any,Full-time,Business/Management and Psychology,Not specified,Not specified,Enrolled or accepted in eligible accredited institution,Good academic standing,Not specified,Any,General,Equal Opportunity,International student or foreign national,Varies by award,USD,Partial,Partial,Not specified,Not specified,Not specified,Free,Varies (See official site),Annual / Semester award,Multiple,"Academic transcript, Proof of enrollment, Recommendation letter, Essay",Nationalities: Unrestricted; Host country: Canada and United States; Fields: Business/Management and Psychology.,"Merit, essay response, and academic verification.",The students should have enrolled or in the process of enrolling with accredited college/university in USA or Canada for full...,Not specified,2026-09-16
SCH_0516,Graphic Web Design Scholarship Program,International Organization / Foundation,Organization / Foundation,IEFA,https://www.iefa.org/scholarships/3254/Graphic_Web_Design_Scholarship_Program,https://www.iefa.org/scholarships/3254/Graphic_Web_Design_Scholarship_Program,Canada,USA,Unrestricted,Postgraduate,Full-time,Web Design & Development and Graphic Design,Not specified,Not specified,Enrolled or accepted in eligible accredited institution,Good academic standing,Not specified,Any,General,Equal Opportunity,International student or foreign national,Varies by award,USD,Partial,Partial,Not specified,Not specified,Not specified,Free,Varies (See official site),Annual / Semester award,Multiple,"Academic transcript, Proof of enrollment, Recommendation letter, Essay",Nationalities: Unrestricted; Host country: Canada and United States; Fields: Web Design & Development and Graphic Design.,"Merit, essay response, and academic verification.","All high school, college or graduate students, who are either citizens or legal residents of the United States and Canada,...",Not specified,2026-09-16
SCH_0517,Scholarship Program For Marketing Students,International Organization / Foundation,Organization / Foundation,IEFA,https://www.iefa.org/scholarships/3255/Scholarship_Program_For_Marketing_Students,https://www.iefa.org/scholarships/3255/Scholarship_Program_For_Marketing_Students,Canada,USA,Unrestricted,Any,Full-time,Marketing and Journalism,Not specified,Not specified,Enrolled or accepted in eligible accredited institution,Good academic standing,Not specified,Any,General,Equal Opportunity,International student or foreign national,Varies by award,USD,Partial,Partial,Not specified,Not specified,Not specified,Free,Varies (See official site),Annual / Semester award,Multiple,"Academic transcript, Proof of enrollment, Recommendation letter, Essay",Nationalities: Unrestricted; Host country: Canada and United States; Fields: Marketing and Journalism.,"Merit, essay response, and academic verification.",1)Create content for content marketing Let your creativity speak out. Create content on a topic given by us. The article should be...,Not specified,2026-09-16
SCH_0518,Scholarship Program For Engineering Excellence For USA – Canada,International Organization / Foundation,Organization / Foundation,IEFA,https://www.iefa.org/scholarships/3248/Scholarship_Program_For_Engineering_Excellence_For_USA_–_Canada,https://www.iefa.org/scholarships/3248/Scholarship_Program_For_Engineering_Excellence_For_USA_–_Canada,Canada,USA,Unrestricted,Any,Full-time,Computer & Information Systems and Engineering,Not specified,Not specified,Enrolled or accepted in eligible accredited institution,Good academic standing,Not specified,Any,General,Equal Opportunity,International student or foreign national,Varies by award,USD,Partial,Partial,Not specified,Not specified,Not specified,Free,Varies (See official site),Annual / Semester award,Multiple,"Academic transcript, Proof of enrollment, Recommendation letter, Essay",Nationalities: Unrestricted; Host country: Canada and United States; Fields: Computer & Information Systems and Engineering.,"Merit, essay response, and academic verification.",Sprak Design is an expert graphic design company offering services which can help the companies in establishing their brand identity...,Not specified,2026-09-16
SCH_0519,Medical Student Scholarship Program For USA-Canada Students,International Organization / Foundation,Organization / Foundation,IEFA,https://www.iefa.org/scholarships/3258/Medical_Student_Scholarship_Program_For_USA-Canada_Students,https://www.iefa.org/scholarships/3258/Medical_Student_Scholarship_Program_For_USA-Canada_Students,Canada,USA,Unrestricted,Undergraduate,Full-time,Nursing and Medicine,Not specified,Not specified,Enrolled or accepted in eligible accredited institution,Good academic standing,Not specified,Any,General,Equal Opportunity,International student or foreign national,Varies by award,USD,Partial,Partial,Not specified,Not specified,Not specified,Free,Varies (See official site),Annual / Semester award,Multiple,"Academic transcript, Proof of enrollment, Recommendation letter, Essay",Nationalities: Unrestricted; Host country: Canada and United States; Fields: Nursing and Medicine.,"Merit, essay response, and academic verification.",You should have completed high school / secondary school education You must have enrolled or planning to enroll for baccalaureate or...,Not specified,2026-09-16
SCH_0520,Scholarship Program For Real Estate Excellence For USA – Canada,International Organization / Foundation,Organization / Foundation,IEFA,https://www.iefa.org/scholarships/3243/Scholarship_Program_For_Real_Estate_Excellence_For_USA_–_Canada,https://www.iefa.org/scholarships/3243/Scholarship_Program_For_Real_Estate_Excellence_For_USA_–_Canada,Canada,USA,Unrestricted,Any,Full-time,"Engineering, Law & Legal Studies and Accounting",Not specified,Not specified,Enrolled or accepted in eligible accredited institution,Good academic standing,Not specified,Any,General,Equal Opportunity,International student or foreign national,Varies by award,USD,Partial,Partial,Not specified,Not specified,Not specified,Free,Varies (See official site),Annual / Semester award,Multiple,"Academic transcript, Proof of enrollment, Recommendation letter, Essay","Nationalities: Unrestricted; Host country: Canada and United States; Fields: Engineering, Law & Legal Studies and Accounting.","Merit, essay response, and academic verification.",Sprak Design is a graphic design company pioneered in providing services to real estate companies. We have gained expertise in...,Not specified,2026-09-16
SCH_0521,Cystic Fibrosis Foundation Clinical Fellowships,International Organization / Foundation,Organization / Foundation,IEFA,https://www.iefa.org/scholarships/1/Cystic_Fibrosis_Foundation_Clinical_Fellowships,https://www.iefa.org/scholarships/1/Cystic_Fibrosis_Foundation_Clinical_Fellowships,USA,USA,Unrestricted,Any,Full-time,Medicine and Health Sciences,Not specified,Not specified,Enrolled or accepted in eligible accredited institution,Good academic standing,Not specified,Any,General,Equal Opportunity,International student or foreign national,Varies by award,USD,Partial,Partial,Not specified,Not specified,Not specified,Free,Varies (See official site),Annual / Semester award,Multiple,"Academic transcript, Proof of enrollment, Recommendation letter, Essay",Nationalities: Unrestricted; Host country: United States; Fields: Medicine and Health Sciences.,"Merit, essay response, and academic verification.",The intent of this award is to encourage specialized training early in a physicians career and to prepare candidates for...,Not specified,2026-09-16
SCH_0522,Scholarship Program For Interior Design Excellence For USA – Canada,International Organization / Foundation,Organization / Foundation,IEFA,https://www.iefa.org/scholarships/3231/Scholarship_Program_For_Interior_Design_Excellence_For_USA_–_Canada,https://www.iefa.org/scholarships/3231/Scholarship_Program_For_Interior_Design_Excellence_For_USA_–_Canada,Canada,USA,Unrestricted,Any,Full-time,Architecture & Design,Not specified,Not specified,Enrolled or accepted in eligible accredited institution,Good academic standing,Not specified,Any,General,Equal Opportunity,International student or foreign national,Varies by award,USD,Partial,Partial,Not specified,Not specified,Not specified,Free,Varies (See official site),Annual / Semester award,Multiple,"Academic transcript, Proof of enrollment, Recommendation letter, Essay",Nationalities: Unrestricted; Host country: Canada and United States; Fields: Architecture & Design.,"Merit, essay response, and academic verification.","Interior designers who want to apply for the scholarship program, have to send us “Digital Application Package”. If our team...",Not specified,2026-09-16
SCH_0523,Scholarship Program For Visual Art Excellence For USA – Canada,International Organization / Foundation,Organization / Foundation,IEFA,https://www.iefa.org/scholarships/3233/Scholarship_Program_For_Visual_Art_Excellence_For_USA_–_Canada,https://www.iefa.org/scholarships/3233/Scholarship_Program_For_Visual_Art_Excellence_For_USA_–_Canada,Canada,USA,Unrestricted,Any,Full-time,"Architecture & Design, Digital Arts & Design, Fine Arts and Graphic Design",Not specified,Not specified,Enrolled or accepted in eligible accredited institution,Good academic standing,Not specified,Any,General,Equal Opportunity,International student or foreign national,Varies by award,USD,Partial,Partial,Not specified,Not specified,Not specified,Free,Varies (See official site),Annual / Semester award,Multiple,"Academic transcript, Proof of enrollment, Recommendation letter, Essay","Nationalities: Unrestricted; Host country: Canada and United States; Fields: Architecture & Design, Digital Arts & Design, Fine Arts and Graphic Design.","Merit, essay response, and academic verification.",Designers who want to apply for the scholarship program have to Submit 5 samples of 2 genre/are within the same...,Not specified,2026-09-16
SCH_0524,Scholarship Program For Marketing Excellence For USA – Canada,International Organization / Foundation,Organization / Foundation,IEFA,https://www.iefa.org/scholarships/3234/Scholarship_Program_For_Marketing_Excellence_For_USA_–_Canada,https://www.iefa.org/scholarships/3234/Scholarship_Program_For_Marketing_Excellence_For_USA_–_Canada,Canada,USA,Unrestricted,Any,Full-time,"Business/Management, Communications and Marketing",Not specified,Not specified,Enrolled or accepted in eligible accredited institution,Good academic standing,Not specified,Any,General,Equal Opportunity,International student or foreign national,Varies by award,USD,Partial,Partial,Not specified,Not specified,Not specified,Free,Varies (See official site),Annual / Semester award,Multiple,"Academic transcript, Proof of enrollment, Recommendation letter, Essay","Nationalities: Unrestricted; Host country: Canada and United States; Fields: Business/Management, Communications and Marketing.","Merit, essay response, and academic verification.",The Winner Will Be Selected Based On Either Of The Two Given Criteria: 1. Create Content For Content Marketing (The unique...,Not specified,2026-09-16
SCH_0525,Berkeley Haas Global Access Program Scholarship,International Organization / Foundation,Organization / Foundation,IEFA,https://www.iefa.org/scholarships/3219/Berkeley_Haas_Global_Access_Program_Scholarship,https://www.iefa.org/scholarships/3219/Berkeley_Haas_Global_Access_Program_Scholarship,USA,USA,Unrestricted,Any,Full-time,Business/Management,Not specified,Not specified,Enrolled or accepted in eligible accredited institution,Good academic standing,Not specified,Any,General,Equal Opportunity,International student or foreign national,Varies by award,USD,Partial,Partial,Not specified,Not specified,Not specified,Free,Varies (See official site),Annual / Semester award,Multiple,"Academic transcript, Proof of enrollment, Recommendation letter, Essay",Nationalities: Unrestricted; Host country: United States; Fields: Business/Management.,"Merit, essay response, and academic verification.","The Berkeley Haas Global Access Program (BHGAP) is excited to announce four (4) scholarships, up to $5,000 each, to be...",Not specified,2026-09-16
SCH_0526,SCHOLARSHIP PROGRAM FOR GRAPHIC & WEB DESIGN FOR THE USA-CANADA STUDENTS,International Organization / Foundation,Organization / Foundation,IEFA,https://www.iefa.org/scholarships/3235/SCHOLARSHIP_PROGRAM_FOR_GRAPHIC_&_WEB_DESIGN_FOR_THE_USA-CANADA_STUDENTS,https://www.iefa.org/scholarships/3235/SCHOLARSHIP_PROGRAM_FOR_GRAPHIC_&_WEB_DESIGN_FOR_THE_USA-CANADA_STUDENTS,Canada,USA,Unrestricted,Any,Full-time,Web Design & Development and Graphic Design,Not specified,Not specified,Enrolled or accepted in eligible accredited institution,Good academic standing,Not specified,Any,General,Equal Opportunity,International student or foreign national,Varies by award,USD,Partial,Partial,Not specified,Not specified,Not specified,Free,Varies (See official site),Annual / Semester award,Multiple,"Academic transcript, Proof of enrollment, Recommendation letter, Essay",Nationalities: Unrestricted; Host country: Canada and United States; Fields: Web Design & Development and Graphic Design.,"Merit, essay response, and academic verification.","APPLICATION PROCESS To apply for graphic & web design scholarship, you need to submit a sample design of either a webpage...",Not specified,2026-09-16
SCH_0527,SCHOLARSHIP PROGRAM FOR VISUAL ART STUDENTS IN USA AND CANADA,International Organization / Foundation,Organization / Foundation,IEFA,https://www.iefa.org/scholarships/3236/SCHOLARSHIP_PROGRAM_FOR_VISUAL_ART_STUDENTS_IN_USA_AND_CANADA,https://www.iefa.org/scholarships/3236/SCHOLARSHIP_PROGRAM_FOR_VISUAL_ART_STUDENTS_IN_USA_AND_CANADA,USA,USA,Unrestricted,Any,Full-time,Fine Arts and Graphic Design,Not specified,Not specified,Enrolled or accepted in eligible accredited institution,Good academic standing,Not specified,Any,General,Equal Opportunity,International student or foreign national,Varies by award,USD,Partial,Partial,Not specified,Not specified,Not specified,Free,Varies (See official site),Annual / Semester award,Multiple,"Academic transcript, Proof of enrollment, Recommendation letter, Essay",Nationalities: Unrestricted; Host country: United States; Fields: Fine Arts and Graphic Design.,"Merit, essay response, and academic verification.","To apply for this scholarship program, you need to submit five different variants of logo design for food delivery app. Vector...",Not specified,2026-09-16
SCH_0528,SCHOLARSHIP GRANT FOR GAME DESIGNER STUDENTS OF USA-CANADA,International Organization / Foundation,Organization / Foundation,IEFA,https://www.iefa.org/scholarships/3237/SCHOLARSHIP_GRANT_FOR_GAME_DESIGNER_STUDENTS_OF_USA-CANADA,https://www.iefa.org/scholarships/3237/SCHOLARSHIP_GRANT_FOR_GAME_DESIGNER_STUDENTS_OF_USA-CANADA,USA,USA,Unrestricted,Any,Full-time,Computer & Information Systems and Game Design & Development,Not specified,Not specified,Enrolled or accepted in eligible accredited institution,Good academic standing,Not specified,Any,General,Equal Opportunity,International student or foreign national,Varies by award,USD,Partial,Partial,Not specified,Not specified,Not specified,Free,Varies (See official site),Annual / Semester award,Multiple,"Academic transcript, Proof of enrollment, Recommendation letter, Essay",Nationalities: Unrestricted; Host country: United States; Fields: Computer & Information Systems and Game Design & Development.,"Merit, essay response, and academic verification.","To apply for this scholarship program, the students need to submit a wireframe of a mobile game with excellent UX...",Not specified,2026-09-16
SCH_0529,University of Southern Indiana International Merit Scholarships,University,Organization / Foundation,IEFA,https://www.iefa.org/scholarships/3225/University_of_Southern_Indiana_International_Merit_Scholarships,https://www.iefa.org/scholarships/3225/University_of_Southern_Indiana_International_Merit_Scholarships,International,International,Unrestricted,Any,Full-time,Unrestricted,Not specified,Not specified,Enrolled or accepted in eligible accredited institution,Good academic standing,Not specified,Any,General,Equal Opportunity,International student or foreign national,Varies by award,USD,Partial,Partial,Not specified,Not specified,Not specified,Free,Varies (See official site),Annual / Semester award,Multiple,"Academic transcript, Proof of enrollment, Recommendation letter, Essay",Nationalities: Unrestricted; Host country: Unrestricted; Fields: Unrestricted.,"Merit, essay response, and academic verification.",Interested students should complete a separate scholarship application in addition to the application for admission. Scholarships consist of several...,Not specified,2026-09-16
SCH_0530,"DirectTextbook.com ""Transcend"" Photo Essay Contest",International Organization / Foundation,Organization / Foundation,IEFA,"https://www.iefa.org/scholarships/3230/DirectTextbook.com_""Transcend""_Photo_Essay_Contest","https://www.iefa.org/scholarships/3230/DirectTextbook.com_""Transcend""_Photo_Essay_Contest",International,International,Unrestricted,Any,Full-time,Unrestricted,Not specified,Not specified,Enrolled or accepted in eligible accredited institution,Good academic standing,Not specified,Any,General,Equal Opportunity,International student or foreign national,Varies by award,USD,Partial,Partial,Not specified,Not specified,Not specified,Free,Varies (See official site),Annual / Semester award,Multiple,"Academic transcript, Proof of enrollment, Recommendation letter, Essay",Nationalities: Unrestricted; Host country: Unrestricted; Fields: Unrestricted.,"Merit, essay response, and academic verification.","DirectTextbook.com ""Transcend"" Photo Essay Scholarship Contest Award amounts: Two $500 Scholarships: Photos selected by Direct Textbook Two $500 Scholarships: Photos with the...",Not specified,2026-09-16
SCH_0531,SCHOLARSHIP PROGRAM FOR MOBILE COMPUTING STUDENTS FOR USA AND CANADA,International Organization / Foundation,Organization / Foundation,IEFA,https://www.iefa.org/scholarships/3229/SCHOLARSHIP_PROGRAM_FOR_MOBILE_COMPUTING_STUDENTS_FOR_USA_AND_CANADA,https://www.iefa.org/scholarships/3229/SCHOLARSHIP_PROGRAM_FOR_MOBILE_COMPUTING_STUDENTS_FOR_USA_AND_CANADA,Canada,USA,Unrestricted,Any,Full-time,"Computer & Information Systems, Engineering, Game Design & Development...",Not specified,Not specified,Enrolled or accepted in eligible accredited institution,Good academic standing,Not specified,Any,General,Equal Opportunity,International student or foreign national,Varies by award,USD,Partial,Partial,Not specified,Not specified,Not specified,Free,Varies (See official site),Annual / Semester award,Multiple,"Academic transcript, Proof of enrollment, Recommendation letter, Essay","Nationalities: Unrestricted; Host country: Canada and United States; Fields: Computer & Information Systems, Engineering, Game Design & Development....","Merit, essay response, and academic verification.","We are excited to announce our company’s annual $1000 scholarship, which is available to college students of all majors who are...",Not specified,2026-09-16
SCH_0532,The TurnKey Lender's Scholarship Program,International Organization / Foundation,Organization / Foundation,IEFA,https://www.iefa.org/scholarships/3228/The_TurnKey_Lender's_Scholarship_Program,https://www.iefa.org/scholarships/3228/The_TurnKey_Lender's_Scholarship_Program,International,International,Unrestricted,Any,Full-time,Unrestricted,Not specified,Not specified,Enrolled or accepted in eligible accredited institution,Good academic standing,Not specified,Any,General,Equal Opportunity,International student or foreign national,Varies by award,USD,Partial,Partial,Not specified,Not specified,Not specified,Free,Varies (See official site),Annual / Semester award,Multiple,"Academic transcript, Proof of enrollment, Recommendation letter, Essay",Nationalities: Unrestricted; Host country: Unrestricted; Fields: Unrestricted.,"Merit, essay response, and academic verification.",Write a 1000+ words essay on one of the topics suggested on the scholarship page. The text must be in...,Not specified,2026-09-16
SCH_0533,Scholarship Program for Graphic & Web Design Excellence For USA – Canada,International Organization / Foundation,Organization / Foundation,IEFA,https://www.iefa.org/scholarships/3193/Scholarship_Program_for_Graphic_&_Web_Design_Excellence_For_USA_–_Canada,https://www.iefa.org/scholarships/3193/Scholarship_Program_for_Graphic_&_Web_Design_Excellence_For_USA_–_Canada,Canada,USA,Unrestricted,Any,Full-time,Architecture & Design and Web Design & Development,Not specified,Not specified,Enrolled or accepted in eligible accredited institution,Good academic standing,Not specified,Any,General,Equal Opportunity,International student or foreign national,Varies by award,USD,Partial,Partial,Not specified,Not specified,Not specified,Free,Varies (See official site),Annual / Semester award,Multiple,"Academic transcript, Proof of enrollment, Recommendation letter, Essay","Nationalities: Unrestricted; Host country: American Samoa, Canada and United States; Fields: Architecture & Design and Web Design & Development.","Merit, essay response, and academic verification.","Graphic designers who want to apply for the scholarship program, have to send us “5 variant logo design, 3 PSD...",Not specified,2026-09-16
SCH_0534,Open Doors: Russian Scholarship Project,International Organization / Foundation,Organization / Foundation,IEFA,https://www.iefa.org/scholarships/3224/Open_Doors:_Russian_Scholarship_Project,https://www.iefa.org/scholarships/3224/Open_Doors:_Russian_Scholarship_Project,Russia,Russia,Unrestricted,Any,Full-time,"Biology/Life Sciences, Business/Management, Computer & Information Systems...",Not specified,Not specified,Enrolled or accepted in eligible accredited institution,Good academic standing,Not specified,Any,General,Equal Opportunity,International student or foreign national,Varies by award,USD,Partial,Partial,Not specified,Not specified,Not specified,Free,Varies (See official site),Annual / Semester award,Multiple,"Academic transcript, Proof of enrollment, Recommendation letter, Essay","Nationalities: Unrestricted; Host country: Russia; Fields: Biology/Life Sciences, Business/Management, Computer & Information Systems....","Merit, essay response, and academic verification.",“Global Universities” Association in collaboration with the Ministry of Education and Science of the Russian Federation offers Open Doors Russian...,Not specified,2026-09-16
SCH_0535,Mobile App Development Scholarship Program,International Organization / Foundation,Organization / Foundation,IEFA,https://www.iefa.org/scholarships/3220/Mobile_App_Development_Scholarship_Program,https://www.iefa.org/scholarships/3220/Mobile_App_Development_Scholarship_Program,USA,USA,Unrestricted,Any,Full-time,Computer & Information Systems and Game Design & Development,Not specified,Not specified,Enrolled or accepted in eligible accredited institution,Good academic standing,Not specified,Any,General,Equal Opportunity,International student or foreign national,Varies by award,USD,Partial,Partial,Not specified,Not specified,Not specified,Free,Varies (See official site),Annual / Semester award,Multiple,"Academic transcript, Proof of enrollment, Recommendation letter, Essay",Nationalities: Unrestricted; Host country: United States; Fields: Computer & Information Systems and Game Design & Development.,"Merit, essay response, and academic verification.","Only those applicants are eligible to compete in the Mobile App Development Scholarship Program, who develop an app(Android or IOS)...",Not specified,2026-09-16
SCH_0536,Milepost One at Warren Wilson College,International Organization / Foundation,Organization / Foundation,IEFA,https://www.iefa.org/scholarships/3218/Milepost_One_at_Warren_Wilson_College,https://www.iefa.org/scholarships/3218/Milepost_One_at_Warren_Wilson_College,International,International,Unrestricted,Any,Full-time,Unrestricted,Not specified,Not specified,Enrolled or accepted in eligible accredited institution,Good academic standing,Not specified,Any,General,Equal Opportunity,International student or foreign national,Varies by award,USD,Partial,Partial,Not specified,Not specified,Not specified,Free,Varies (See official site),Annual / Semester award,Multiple,"Academic transcript, Proof of enrollment, Recommendation letter, Essay",Nationalities: Unrestricted; Host country: Unrestricted; Fields: Unrestricted.,"Merit, essay response, and academic verification.",Warren Wilson will award up to 25 full-tuition Milepost One scholarships to students with total family income levels equal to...,Not specified,2026-09-16
SCH_0537,Pillars Scholarship,"Waldorf University provides students focused on academic, leadership, or service, opportunities",Organization / Foundation,IEFA,https://www.iefa.org/scholarships/3212/Pillars_Scholarship,https://www.iefa.org/scholarships/3212/Pillars_Scholarship,USA,USA,Unrestricted,Any,Full-time,Unrestricted,Not specified,Not specified,Enrolled or accepted in eligible accredited institution,Good academic standing,Not specified,Any,General,Equal Opportunity,International student or foreign national,Varies by award,USD,Partial,Partial,Not specified,Not specified,Not specified,Free,Varies (See official site),Annual / Semester award,Multiple,"Academic transcript, Proof of enrollment, Recommendation letter, Essay",Nationalities: Unrestricted; Host country: United States; Fields: Unrestricted.,"Merit, essay response, and academic verification.","The Pillars Scholarship program at Waldorf University provides students focused on academic, leadership, or service, opportunities for enrichment while pursuing...",Not specified,2026-09-16
SCH_0538,International Academic Excellence at University of Mississippi,International Academic Excellence at University,Organization / Foundation,IEFA,https://www.iefa.org/scholarships/3211/International_Academic_Excellence_at_University_of_Mississippi,https://www.iefa.org/scholarships/3211/International_Academic_Excellence_at_University_of_Mississippi,USA,USA,Unrestricted,Postgraduate,Full-time,Unrestricted,Not specified,Not specified,Enrolled or accepted in eligible accredited institution,Good academic standing,Not specified,Any,General,Equal Opportunity,International student or foreign national,Varies by award,USD,Partial,Partial,Not specified,Not specified,Not specified,Free,Varies (See official site),Annual / Semester award,Multiple,"Academic transcript, Proof of enrollment, Recommendation letter, Essay",Nationalities: Unrestricted; Host country: United States; Fields: Unrestricted.,"Merit, essay response, and academic verification.",For international Freshman Students who graduate from high school (secondary education) outside of the USA: • International students who are recruited...,Not specified,2026-09-16
SCH_0539,Digital Success Scholarship Program,International Organization / Foundation,Organization / Foundation,IEFA,https://www.iefa.org/scholarships/3205/Digital_Success_Scholarship_Program,https://www.iefa.org/scholarships/3205/Digital_Success_Scholarship_Program,USA,USA,Unrestricted,Any,Full-time,Unrestricted,Not specified,Not specified,Enrolled or accepted in eligible accredited institution,Good academic standing,Not specified,Any,General,Equal Opportunity,International student or foreign national,Varies by award,USD,Partial,Partial,Not specified,Not specified,Not specified,Free,Varies (See official site),Annual / Semester award,Multiple,"Academic transcript, Proof of enrollment, Recommendation letter, Essay",Nationalities: Unrestricted; Host country: United States; Fields: Unrestricted.,"Merit, essay response, and academic verification.","Digital Success, is offering a scholarship for local students. This scholarship is merit-based, requires an essay submission, and the winning applicant...",Not specified,2026-09-16
SCH_0540,"Two Graduate Research Scholarship Positions at the Mobile Computing Lab, Chosun",International Organization / Foundation,Organization / Foundation,IEFA,"https://www.iefa.org/scholarships/3199/Two_Graduate_Research_Scholarship_Positions_at_the_Mobile_Computing_Lab,_Chosun_","https://www.iefa.org/scholarships/3199/Two_Graduate_Research_Scholarship_Positions_at_the_Mobile_Computing_Lab,_Chosun_",South Korea,South Korea,Unrestricted,Any,Full-time,Computer & Information Systems,Not specified,Not specified,Enrolled or accepted in eligible accredited institution,Good academic standing,Not specified,Any,General,Equal Opportunity,International student or foreign national,Varies by award,USD,Partial,Partial,Not specified,Not specified,Not specified,Free,Varies (See official site),Annual / Semester award,Multiple,"Academic transcript, Proof of enrollment, Recommendation letter, Essay","Nationalities: Unrestricted; Host country: Korea, South; Fields: Computer & Information Systems.","Merit, essay response, and academic verification.","The Mobile Computing Lab (MCL) is seeking for skillful, hard working and creative candidates with good credentials to join our dynamic...",Not specified,2026-09-16
SCH_0541,Scholarships for FUBiS Winter for students from Australia,International Organization / Foundation,Organization / Foundation,IEFA,https://www.iefa.org/scholarships/3197/Scholarships_for_FUBiS_Winter_for_students_from_Australia,https://www.iefa.org/scholarships/3197/Scholarships_for_FUBiS_Winter_for_students_from_Australia,International,International,Unrestricted,Any,Full-time,Unrestricted,Not specified,Not specified,Enrolled or accepted in eligible accredited institution,Good academic standing,Not specified,Any,General,Equal Opportunity,International student or foreign national,Varies by award,USD,Partial,Partial,Not specified,Not specified,Not specified,Free,Varies (See official site),Annual / Semester award,Multiple,"Academic transcript, Proof of enrollment, Recommendation letter, Essay",Nationalities: Unrestricted; Host country: Unrestricted; Fields: Unrestricted.,"Merit, essay response, and academic verification.","FUBiS is an intensive, academic program of Freie Universität Berlin through which students can earn credits that may be counted...",Not specified,2026-09-16
SCH_0542,Tuition Fee Waiver Scholarships for Undergraduate Students,International Organization / Foundation,Organization / Foundation,IEFA,https://www.iefa.org/scholarships/3190/Tuition_Fee_Waiver_Scholarships_for_Undergraduate_Students,https://www.iefa.org/scholarships/3190/Tuition_Fee_Waiver_Scholarships_for_Undergraduate_Students,Thailand,Thailand,Unrestricted,Any,Full-time,"Business/Management, Computer & Information Systems, Law & Legal Studies and Transportation/Logistics",Not specified,Not specified,Enrolled or accepted in eligible accredited institution,Good academic standing,Not specified,Any,General,Equal Opportunity,International student or foreign national,Varies by award,USD,Partial,Partial,Not specified,Not specified,Not specified,Free,Varies (See official site),Annual / Semester award,Multiple,"Academic transcript, Proof of enrollment, Recommendation letter, Essay","Nationalities: Unrestricted; Host country: Thailand; Fields: Business/Management, Computer & Information Systems, Law & Legal Studies and Transportation/Logistics.","Merit, essay response, and academic verification.",Walailak University International College (Thailand) is pleased to open admissions for the next semester and to award Full and Partial...,Not specified,2026-09-16
SCH_0543,Scholarships for FUBiS Winter Term I for students from Australia,International Organization / Foundation,Organization / Foundation,IEFA,https://www.iefa.org/scholarships/3198/Scholarships_for_FUBiS_Winter_Term_I_for_students_from_Australia,https://www.iefa.org/scholarships/3198/Scholarships_for_FUBiS_Winter_Term_I_for_students_from_Australia,Australia,Australia,Unrestricted,Any,Full-time,Unrestricted,Not specified,Not specified,Enrolled or accepted in eligible accredited institution,Good academic standing,Not specified,Any,General,Equal Opportunity,International student or foreign national,Varies by award,USD,Partial,Partial,Not specified,Not specified,Not specified,Free,Varies (See official site),Annual / Semester award,Multiple,"Academic transcript, Proof of enrollment, Recommendation letter, Essay",Nationalities: Unrestricted; Host country: Australia; Fields: Unrestricted.,"Merit, essay response, and academic verification.","FUBiS is an intensive, academic program of Freie Universität Berlin through which students can earn credits that may be counted...",Not specified,2026-09-16
SCH_0544,Walailak University Tuition Fee Waiver Scholarships for Undergraduate Students,Walailak University,Organization / Foundation,IEFA,https://www.iefa.org/scholarships/3202/Walailak_University_Tuition_Fee_Waiver_Scholarships_for_Undergraduate_Students,https://www.iefa.org/scholarships/3202/Walailak_University_Tuition_Fee_Waiver_Scholarships_for_Undergraduate_Students,Thailand,Thailand,Unrestricted,Any,Full-time,"Business/Management, Computer & Information Systems, Law & Legal Studies and Transportation/Logistics",Not specified,Not specified,Enrolled or accepted in eligible accredited institution,Good academic standing,Not specified,Any,General,Equal Opportunity,International student or foreign national,Varies by award,USD,Partial,Partial,Not specified,Not specified,Not specified,Free,Varies (See official site),Annual / Semester award,Multiple,"Academic transcript, Proof of enrollment, Recommendation letter, Essay","Nationalities: Unrestricted; Host country: Thailand; Fields: Business/Management, Computer & Information Systems, Law & Legal Studies and Transportation/Logistics.","Merit, essay response, and academic verification.",Walailak University International College is pleased to open admissions for the next semester and to award Full and Partial Tuition Fee...,Not specified,2026-09-16
SCH_0545,GreyCampus Scholarship Program,International Organization / Foundation,Organization / Foundation,IEFA,https://www.iefa.org/scholarships/3204/GreyCampus_Scholarship_Program,https://www.iefa.org/scholarships/3204/GreyCampus_Scholarship_Program,USA,USA,Unrestricted,Any,Full-time,Unrestricted,Not specified,Not specified,Enrolled or accepted in eligible accredited institution,Good academic standing,Not specified,Any,General,Equal Opportunity,International student or foreign national,Varies by award,USD,Partial,Partial,Not specified,Not specified,Not specified,Free,Varies (See official site),Annual / Semester award,Multiple,"Academic transcript, Proof of enrollment, Recommendation letter, Essay",Nationalities: Unrestricted; Host country: United States; Fields: Unrestricted.,"Merit, essay response, and academic verification.",GreyCampus' scholarship program is a 2 step process: Step1: Register yourself into the scholarship program by filling up the application form...,Not specified,2026-09-16
SCH_0546,Sustain Grant,International Organization / Foundation,Organization / Foundation,IEFA,https://www.iefa.org/scholarships/3195/Sustain_Grant,https://www.iefa.org/scholarships/3195/Sustain_Grant,International,International,United States,Any,Full-time,"Biology/Life Sciences, Sustainable Development, Geology...",Not specified,Not specified,Enrolled or accepted in eligible accredited institution,Good academic standing,Not specified,Any,General,Equal Opportunity,International student or foreign national,Varies by award,USD,Partial,Partial,Not specified,Not specified,Not specified,Free,Varies (See official site),Annual / Semester award,Multiple,"Academic transcript, Proof of enrollment, Recommendation letter, Essay","Nationalities: United States; Host country: Unrestricted; Fields: Biology/Life Sciences, Sustainable Development, Geology....","Merit, essay response, and academic verification.",The Sustain Grant covers many of the fees for InterExchange's Sustainable Action Program.,Not specified,2026-09-16
SCH_0547,Christianson Grant,International Organization / Foundation,Organization / Foundation,IEFA,https://www.iefa.org/scholarships/3196/Christianson_Grant,https://www.iefa.org/scholarships/3196/Christianson_Grant,International,International,United States,Any,Full-time,Unrestricted,Not specified,Not specified,Enrolled or accepted in eligible accredited institution,Good academic standing,Not specified,Any,General,Equal Opportunity,International student or foreign national,Varies by award,USD,Partial,Partial,Not specified,Not specified,Not specified,Free,Varies (See official site),Annual / Semester award,Multiple,"Academic transcript, Proof of enrollment, Recommendation letter, Essay",Nationalities: United States; Host country: Unrestricted; Fields: Unrestricted.,"Merit, essay response, and academic verification.","The InterExchange Foundation Christianson Grant provides awards up to $10,000 to motivated young Americans who create and carry out their...",Not specified,2026-09-16
SCH_0548,DAAD Undergraduate Scholarship,International Organization / Foundation,Organization / Foundation,IEFA,https://www.iefa.org/scholarships/857/DAAD_Undergraduate_Scholarship,https://www.iefa.org/scholarships/857/DAAD_Undergraduate_Scholarship,Germany,Germany,Canada and United States,Postgraduate,Full-time,Unrestricted,Not specified,Not specified,Enrolled or accepted in eligible accredited institution,Good academic standing,Not specified,Any,General,Equal Opportunity,International student or foreign national,Varies by award,USD,Partial,Partial,Not specified,Not specified,Not specified,Free,Varies (See official site),Annual / Semester award,Multiple,"Academic transcript, Proof of enrollment, Recommendation letter, Essay",Nationalities: Canada and United States; Host country: Germany; Fields: Unrestricted.,"Merit, essay response, and academic verification.",Support to undergraduate students of US universities for study or research in Germany for one semester to one year...,Not specified,2026-09-16
SCH_0549,Global Leadership Full-Tuition Scholarship,International Organization / Foundation,Organization / Foundation,IEFA,https://www.iefa.org/scholarships/2521/Global_Leadership_Full-Tuition_Scholarship,https://www.iefa.org/scholarships/2521/Global_Leadership_Full-Tuition_Scholarship,USA,USA,Unrestricted,Undergraduate,Full-time,"Architecture & Design, Biology/Life Sciences, Business/Management...",Not specified,Not specified,Enrolled or accepted in eligible accredited institution,Good academic standing,Not specified,Any,General,Equal Opportunity,International student or foreign national,Varies by award,USD,Partial,Partial,Not specified,Not specified,Not specified,Free,Varies (See official site),Annual / Semester award,Multiple,"Academic transcript, Proof of enrollment, Recommendation letter, Essay","Nationalities: Unrestricted; Host country: United States; Fields: Architecture & Design, Biology/Life Sciences, Business/Management....","Merit, essay response, and academic verification.",Coe College provides one full-tuition scholarship each year to a non-U.S. citizen attending high school outside of the U.S. This...,Not specified,2026-09-16
SCH_0550,Atlas Shrugged Essay Contest,International Organization / Foundation,Organization / Foundation,IEFA,https://www.iefa.org/scholarships/2563/Atlas_Shrugged_Essay_Contest,https://www.iefa.org/scholarships/2563/Atlas_Shrugged_Essay_Contest,International,International,Unrestricted,Postgraduate,Full-time,Unrestricted,Not specified,Not specified,Enrolled or accepted in eligible accredited institution,Good academic standing,Not specified,Any,General,Equal Opportunity,International student or foreign national,Varies by award,USD,Partial,Partial,Not specified,Not specified,Not specified,Free,Varies (See official site),Annual / Semester award,Multiple,"Academic transcript, Proof of enrollment, Recommendation letter, Essay",Nationalities: Unrestricted; Host country: Unrestricted; Fields: Unrestricted.,"Merit, essay response, and academic verification.","Topic-specific essay contest about the novel Atlas Shrugged. Entrant must be a 12th Grader, College Undergraduate or Graduate Student. See...",Not specified,2026-09-16
SCH_0551,$3000 E-Commerce Research Scholarship,International Organization / Foundation,Organization / Foundation,IEFA,https://www.iefa.org/scholarships/3191/_$3000_E-Commerce_Research_Scholarship_,https://www.iefa.org/scholarships/3191/_$3000_E-Commerce_Research_Scholarship_,International,International,Unrestricted,Any,Full-time,Unrestricted,Not specified,Not specified,Enrolled or accepted in eligible accredited institution,Good academic standing,Not specified,Any,General,Equal Opportunity,International student or foreign national,Varies by award,USD,Partial,Partial,Not specified,Not specified,Not specified,Free,Varies (See official site),Annual / Semester award,Multiple,"Academic transcript, Proof of enrollment, Recommendation letter, Essay",Nationalities: Unrestricted; Host country: Unrestricted; Fields: Unrestricted.,"Merit, essay response, and academic verification.","Since its conception in 1991, electronic commerce, or e-commerce, has made revolutionary changes in the way people do business transactions....",Not specified,2026-09-16
SCH_0552,Cambridge Immerse Scholarship Programme,International Organization / Foundation,Organization / Foundation,IEFA,https://www.iefa.org/scholarships/3192/Cambridge_Immerse_Scholarship_Programme,https://www.iefa.org/scholarships/3192/Cambridge_Immerse_Scholarship_Programme,United Kingdom,United Kingdom,Unrestricted,Any,Full-time,Unrestricted,Not specified,Not specified,Enrolled or accepted in eligible accredited institution,Good academic standing,Not specified,Any,General,Equal Opportunity,International student or foreign national,Varies by award,GBP,Partial,Partial,Not specified,Not specified,Not specified,Free,Varies (See official site),Annual / Semester award,Multiple,"Academic transcript, Proof of enrollment, Recommendation letter, Essay",Nationalities: Unrestricted; Host country: United Kingdom; Fields: Unrestricted.,"Merit, essay response, and academic verification.",Cambridge Immerse is a residential academic programme with a diverse and enriching curriculum. Our 16-18 year old programmes are designed...,Not specified,2026-09-16
SCH_0553,$3000 E-Commerce Research Scholarship 2019,International Organization / Foundation,Organization / Foundation,IEFA,https://www.iefa.org/scholarships/3188/_$3000_E-Commerce_Research_Scholarship_2019,https://www.iefa.org/scholarships/3188/_$3000_E-Commerce_Research_Scholarship_2019,International,International,Unrestricted,Any,Full-time,Unrestricted,Not specified,Not specified,Enrolled or accepted in eligible accredited institution,Good academic standing,Not specified,Any,General,Equal Opportunity,International student or foreign national,Varies by award,USD,Partial,Partial,Not specified,Not specified,Not specified,Free,Varies (See official site),Annual / Semester award,Multiple,"Academic transcript, Proof of enrollment, Recommendation letter, Essay",Nationalities: Unrestricted; Host country: Unrestricted; Fields: Unrestricted.,"Merit, essay response, and academic verification.",College is a big step forward in achieving student’s goals and we would like to be a part of the...,Not specified,2026-09-16
SCH_0554,$1000 Autumn Scholarship from Homework Lab,International Organization / Foundation,Organization / Foundation,IEFA,https://www.iefa.org/scholarships/3152/$1000_Autumn_Scholarship_from_Homework_Lab,https://www.iefa.org/scholarships/3152/$1000_Autumn_Scholarship_from_Homework_Lab,International,International,Unrestricted,Any,Full-time,Unrestricted,Not specified,Not specified,Enrolled or accepted in eligible accredited institution,Good academic standing,Not specified,Any,General,Equal Opportunity,International student or foreign national,Varies by award,USD,Partial,Partial,Not specified,Not specified,Not specified,Free,Varies (See official site),Annual / Semester award,Multiple,"Academic transcript, Proof of enrollment, Recommendation letter, Essay",Nationalities: Unrestricted; Host country: Unrestricted; Fields: Unrestricted.,"Merit, essay response, and academic verification.","Please, make sure to send us the following information in your email along with your application essay: Full name Country of residence University Study...",Not specified,2026-09-16
SCH_0555,"$1,500 Video Contest Scholarship for Students Who Enjoy Writing",International Organization / Foundation,Organization / Foundation,IEFA,"https://www.iefa.org/scholarships/3186/$1,500_Video_Contest_Scholarship_for_Students_Who_Enjoy_Writing","https://www.iefa.org/scholarships/3186/$1,500_Video_Contest_Scholarship_for_Students_Who_Enjoy_Writing",International,International,Unrestricted,Any,Full-time,Unrestricted,Not specified,Not specified,Enrolled or accepted in eligible accredited institution,Good academic standing,Not specified,Any,General,Equal Opportunity,International student or foreign national,Varies by award,USD,Partial,Partial,Not specified,Not specified,Not specified,Free,Varies (See official site),Annual / Semester award,Multiple,"Academic transcript, Proof of enrollment, Recommendation letter, Essay",Nationalities: Unrestricted; Host country: Unrestricted; Fields: Unrestricted.,"Merit, essay response, and academic verification.",If you love expressing yourself creatively by writing stories or making videos for the world to see—tell us about it! Here...,Not specified,2026-09-16
SCH_0556,Kennedy Scholarships,International Organization / Foundation,Organization / Foundation,IEFA,https://www.iefa.org/scholarships/3180/Kennedy_Scholarships_,https://www.iefa.org/scholarships/3180/Kennedy_Scholarships_,United Kingdom,United Kingdom,United Kingdom,Postgraduate,Full-time,Unrestricted,Not specified,Not specified,Enrolled or accepted in eligible accredited institution,Good academic standing,Not specified,Any,General,Equal Opportunity,International student or foreign national,Varies by award,GBP,Partial,Partial,Not specified,Not specified,Not specified,Free,Varies (See official site),Annual / Semester award,Multiple,"Academic transcript, Proof of enrollment, Recommendation letter, Essay",Nationalities: United Kingdom; Host country: United Kingdom; Fields: Unrestricted.,"Merit, essay response, and academic verification.",Kennedy Scholarships are awarded annually in competition to enable British citizens who are also graduates of British universities to take...,Not specified,2026-09-16
SCH_0557,Travel for your dreams Colombia - Unicoc,International Organization / Foundation,Organization / Foundation,IEFA,https://www.iefa.org/scholarships/3176/Travel_for_your_dreams_Colombia_-_Unicoc,https://www.iefa.org/scholarships/3176/Travel_for_your_dreams_Colombia_-_Unicoc,International,International,Unrestricted,Postgraduate,Full-time,"Business/Management, Law & Legal Studies and Dental/Orthodontics",Not specified,Not specified,Enrolled or accepted in eligible accredited institution,Good academic standing,Not specified,Any,General,Equal Opportunity,International student or foreign national,Varies by award,USD,Partial,Partial,Not specified,Not specified,Not specified,Free,Varies (See official site),Annual / Semester award,Multiple,"Academic transcript, Proof of enrollment, Recommendation letter, Essay","Nationalities: Unrestricted; Host country: Unrestricted; Fields: Business/Management, Law & Legal Studies and Dental/Orthodontics.","Merit, essay response, and academic verification.",The ¨Institución Universitaria Colegios de Colombia Unicoc¨ Grants 15 scholarships for university Undergraduate students that are coursing the last two...,Not specified,2026-09-16
SCH_0558,Longwood University Merit-based Scholarships,Longwood University,Organization / Foundation,IEFA,https://www.iefa.org/scholarships/3168/Longwood_University_Merit-based_Scholarships_,https://www.iefa.org/scholarships/3168/Longwood_University_Merit-based_Scholarships_,USA,USA,Unrestricted,Postgraduate,Full-time,Unrestricted,Not specified,Not specified,Enrolled or accepted in eligible accredited institution,Good academic standing,Not specified,Any,General,Equal Opportunity,International student or foreign national,Varies by award,USD,Partial,Partial,Not specified,Not specified,Not specified,Free,Varies (See official site),Annual / Semester award,Multiple,"Academic transcript, Proof of enrollment, Recommendation letter, Essay",Nationalities: Unrestricted; Host country: United States; Fields: Unrestricted.,"Merit, essay response, and academic verification.","1. $2,000-$15,000 per year for 4 years ($8,000-$60,000 total) 2. No separate application 3. Students are automatically considered when submitting the undergraduate...",Not specified,2026-09-16
SCH_0559,Longwood University Honors Scholarships,Longwood University,Organization / Foundation,IEFA,https://www.iefa.org/scholarships/3169/Longwood_University_Honors_Scholarships_,https://www.iefa.org/scholarships/3169/Longwood_University_Honors_Scholarships_,USA,USA,Unrestricted,Postgraduate,Full-time,Unrestricted,Not specified,Not specified,Enrolled or accepted in eligible accredited institution,Good academic standing,Not specified,Any,General,Equal Opportunity,International student or foreign national,Varies by award,USD,Partial,Partial,Not specified,Not specified,Not specified,Free,Varies (See official site),Annual / Semester award,Multiple,"Academic transcript, Proof of enrollment, Recommendation letter, Essay",Nationalities: Unrestricted; Host country: United States; Fields: Unrestricted.,"Merit, essay response, and academic verification.","1. $1,000-$6,000 per year for 4 years for qualified undergraduate students ($4,000-$24,000 total) 2. Eligible students are invited to apply once...",Not specified,2026-09-16
SCH_0560,Safe Driver Scholarship,International Organization / Foundation,Organization / Foundation,IEFA,https://www.iefa.org/scholarships/3170/Safe_Driver_Scholarship_,https://www.iefa.org/scholarships/3170/Safe_Driver_Scholarship_,International,International,Unrestricted,Any,Full-time,Unrestricted,Not specified,Not specified,Enrolled or accepted in eligible accredited institution,Good academic standing,Not specified,Any,General,Equal Opportunity,International student or foreign national,Varies by award,USD,Partial,Partial,Not specified,Not specified,Not specified,Free,Varies (See official site),Annual / Semester award,Multiple,"Academic transcript, Proof of enrollment, Recommendation letter, Essay",Nationalities: Unrestricted; Host country: Unrestricted; Fields: Unrestricted.,"Merit, essay response, and academic verification.","At QuoteWizard, we are dedicated to preventing accidents by reducing the number of distracted drivers on the road. Since a...",Not specified,2026-09-16
SCH_0561,CGTrader Annual Scholarship,International Organization / Foundation,Organization / Foundation,IEFA,https://www.iefa.org/scholarships/3162/CGTrader_Annual_Scholarship_,https://www.iefa.org/scholarships/3162/CGTrader_Annual_Scholarship_,International,International,Unrestricted,Any,Full-time,Unrestricted,Not specified,Not specified,Enrolled or accepted in eligible accredited institution,Good academic standing,Not specified,Any,General,Equal Opportunity,International student or foreign national,Varies by award,USD,Partial,Partial,Not specified,Not specified,Not specified,Free,Varies (See official site),Annual / Semester award,Multiple,"Academic transcript, Proof of enrollment, Recommendation letter, Essay",Nationalities: Unrestricted; Host country: Unrestricted; Fields: Unrestricted.,"Merit, essay response, and academic verification.",We are running an annual scholarship where we challenge students to dig into the field of technology by writing various...,Not specified,2026-09-16
SCH_0562,The Fountainhead Essay Contest,International Organization / Foundation,Organization / Foundation,IEFA,https://www.iefa.org/scholarships/2609/The_Fountainhead_Essay_Contest,https://www.iefa.org/scholarships/2609/The_Fountainhead_Essay_Contest,International,International,Unrestricted,Any,Full-time,Unrestricted,Not specified,Not specified,Enrolled or accepted in eligible accredited institution,Good academic standing,Not specified,Any,General,Equal Opportunity,International student or foreign national,Varies by award,USD,Partial,Partial,Not specified,Not specified,Not specified,Free,Varies (See official site),Annual / Semester award,Multiple,"Academic transcript, Proof of enrollment, Recommendation letter, Essay",Nationalities: Unrestricted; Host country: Unrestricted; Fields: Unrestricted.,"Merit, essay response, and academic verification.",Entrant must be in the 11th or 12th grade. Essay must be no fewer than 800 and no more than...,Not specified,2026-09-16
SCH_0563,DirectTextbook.com Haiku Scholarship Contest,International Organization / Foundation,Organization / Foundation,IEFA,https://www.iefa.org/scholarships/3159/DirectTextbook.com_Haiku_Scholarship_Contest,https://www.iefa.org/scholarships/3159/DirectTextbook.com_Haiku_Scholarship_Contest,International,International,Unrestricted,Any,Full-time,Unrestricted,Not specified,Not specified,Enrolled or accepted in eligible accredited institution,Good academic standing,Not specified,Any,General,Equal Opportunity,International student or foreign national,Varies by award,USD,Partial,Partial,Not specified,Not specified,Not specified,Free,Varies (See official site),Annual / Semester award,Multiple,"Academic transcript, Proof of enrollment, Recommendation letter, Essay",Nationalities: Unrestricted; Host country: Unrestricted; Fields: Unrestricted.,"Merit, essay response, and academic verification.",DirectTextbook.com Haiku Scholarship Contest Award amounts: Two $500 Scholarships: Haikus selected by Direct Textbook Two $500 Scholarships: Haikus with the most...,Not specified,2026-09-16
SCH_0564,PDFelement Scholarship Contest,International Organization / Foundation,Organization / Foundation,IEFA,https://www.iefa.org/scholarships/3161/PDFelement_Scholarship_Contest,https://www.iefa.org/scholarships/3161/PDFelement_Scholarship_Contest,International,International,Unrestricted,Any,Full-time,Unrestricted,Not specified,Not specified,Enrolled or accepted in eligible accredited institution,Good academic standing,Not specified,Any,General,Equal Opportunity,International student or foreign national,Varies by award,USD,Partial,Partial,Not specified,Not specified,Not specified,Free,Varies (See official site),Annual / Semester award,Multiple,"Academic transcript, Proof of enrollment, Recommendation letter, Essay",Nationalities: Unrestricted; Host country: Unrestricted; Fields: Unrestricted.,"Merit, essay response, and academic verification.",PDFelement is a simple yet robust PDF editing software that empowers teams and institutions across the world. Our goal is...,Not specified,2026-09-16
SCH_0565,Graduate Assistantship at Troy State University,Graduate Assistantship at Troy State University,Organization / Foundation,IEFA,https://www.iefa.org/scholarships/179/Graduate_Assistantship_at_Troy_State_University,https://www.iefa.org/scholarships/179/Graduate_Assistantship_at_Troy_State_University,USA,USA,Unrestricted,Postgraduate,Full-time,Unrestricted,Not specified,Not specified,Enrolled or accepted in eligible accredited institution,Good academic standing,Not specified,Any,General,Equal Opportunity,International student or foreign national,Varies by award,USD,Partial,Partial,Not specified,Not specified,Not specified,Free,Varies (See official site),Annual / Semester award,Multiple,"Academic transcript, Proof of enrollment, Recommendation letter, Essay",Nationalities: Unrestricted; Host country: United States; Fields: Unrestricted.,"Merit, essay response, and academic verification.",Troy University offers a variety of graduate assistantships and fellowships. Students may search and apply for these through the Troy...,Not specified,2026-09-16
SCH_0566,Grants for Student Fellowships through the Smithsonian Institution,International Organization / Foundation,Organization / Foundation,IEFA,https://www.iefa.org/scholarships/219/Grants_for_Student_Fellowships_through_the_Smithsonian_Institution,https://www.iefa.org/scholarships/219/Grants_for_Student_Fellowships_through_the_Smithsonian_Institution,USA,USA,Unrestricted,Postgraduate,Full-time,Unrestricted,Not specified,Not specified,Enrolled or accepted in eligible accredited institution,Good academic standing,Not specified,Any,General,Equal Opportunity,International student or foreign national,Varies by award,USD,Partial,Partial,Not specified,Not specified,Not specified,Free,Varies (See official site),Annual / Semester award,Multiple,"Academic transcript, Proof of enrollment, Recommendation letter, Essay",Nationalities: Unrestricted; Host country: United States; Fields: Unrestricted.,"Merit, essay response, and academic verification.","he Smithsonian offers a world of research opportunities for graduate, pre-doctoral, or post-doctoral students, as well as for visiting professionals,...",Not specified,2026-09-16
SCH_0567,Admiral Grace Murray Hopper Memorial Scholarships,International Organization / Foundation,Organization / Foundation,IEFA,https://www.iefa.org/scholarships/278/Admiral_Grace_Murray_Hopper_Memorial_Scholarships,https://www.iefa.org/scholarships/278/Admiral_Grace_Murray_Hopper_Memorial_Scholarships,Mexico,USA,Unrestricted,Any,Full-time,Computer & Information Systems and Engineering,Not specified,Not specified,Enrolled or accepted in eligible accredited institution,Good academic standing,Not specified,Any,General,Equal Opportunity,International student or foreign national,Varies by award,USD,Partial,Partial,Not specified,Not specified,Not specified,Free,Varies (See official site),Annual / Semester award,Multiple,"Academic transcript, Proof of enrollment, Recommendation letter, Essay",Nationalities: Unrestricted; Host country: Mexico and United States; Fields: Computer & Information Systems and Engineering.,"Merit, essay response, and academic verification.","To stimulate women to achieve full potential in careers as engineers and leaders, and to expand the image of the...",Not specified,2026-09-16
SCH_0568,Dissertation Fellowships from the Harry Frank Guggenheim Foundation,International Organization / Foundation,Organization / Foundation,IEFA,https://www.iefa.org/scholarships/293/Dissertation_Fellowships_from_the_Harry_Frank_Guggenheim_Foundation,https://www.iefa.org/scholarships/293/Dissertation_Fellowships_from_the_Harry_Frank_Guggenheim_Foundation,USA,USA,Unrestricted,Any,Full-time,Unrestricted,Not specified,Not specified,Enrolled or accepted in eligible accredited institution,Good academic standing,Not specified,Any,General,Equal Opportunity,International student or foreign national,Varies by award,USD,Partial,Partial,Not specified,Not specified,Not specified,Free,Varies (See official site),Annual / Semester award,Multiple,"Academic transcript, Proof of enrollment, Recommendation letter, Essay",Nationalities: Unrestricted; Host country: United States; Fields: Unrestricted.,"Merit, essay response, and academic verification.","In addition to the foundation’s program of support for postdoctoral research, ten or more dissertation fellowships are awarded each year to...",Not specified,2026-09-16
SCH_0569,Human Rights Advocates Training Program,International Organization / Foundation,Organization / Foundation,IEFA,https://www.iefa.org/scholarships/307/Human_Rights_Advocates_Training_Program,https://www.iefa.org/scholarships/307/Human_Rights_Advocates_Training_Program,USA,USA,Unrestricted,Any,Full-time,Unrestricted,Not specified,Not specified,Enrolled or accepted in eligible accredited institution,Good academic standing,Not specified,Any,General,Equal Opportunity,International student or foreign national,Varies by award,USD,Partial,Partial,Not specified,Not specified,Not specified,Free,Varies (See official site),Annual / Semester award,Multiple,"Academic transcript, Proof of enrollment, Recommendation letter, Essay",Nationalities: Unrestricted; Host country: United States; Fields: Unrestricted.,"Merit, essay response, and academic verification.","HRAP Word Cloud Founded in 1989, the Human Rights Advocates Program (HRAP) is a unique and successful model of human rights...",Not specified,2026-09-16
SCH_0570,Association For Women In Architecture Scholarship,International Organization / Foundation,Organization / Foundation,IEFA,https://www.iefa.org/scholarships/317/Association_For_Women_In_Architecture_Scholarship,https://www.iefa.org/scholarships/317/Association_For_Women_In_Architecture_Scholarship,USA,USA,Unrestricted,Any,Full-time,Architecture & Design and Engineering,Not specified,Not specified,Enrolled or accepted in eligible accredited institution,Good academic standing,Not specified,Female,General,Equal Opportunity,International student or foreign national,Varies by award,USD,Partial,Partial,Not specified,Not specified,Not specified,Free,Varies (See official site),Annual / Semester award,Multiple,"Academic transcript, Proof of enrollment, Recommendation letter, Essay",Nationalities: Unrestricted; Host country: United States; Fields: Architecture & Design and Engineering.,"Merit, essay response, and academic verification.","The Association for Women in Architecture Foundation offers annual cash awards to women students studying Architecture, Landscape Architecture, Urban and/or...",Not specified,2026-09-16
SCH_0571,J. Paul Getty Postdoctoral Fellowships,International Organization / Foundation,Organization / Foundation,IEFA,https://www.iefa.org/scholarships/354/J._Paul_Getty_Postdoctoral_Fellowships,https://www.iefa.org/scholarships/354/J._Paul_Getty_Postdoctoral_Fellowships,International,International,Unrestricted,Any,Full-time,Unrestricted,Not specified,Not specified,Enrolled or accepted in eligible accredited institution,Good academic standing,Not specified,Any,General,Equal Opportunity,International student or foreign national,Varies by award,USD,Partial,Partial,Not specified,Not specified,Not specified,Free,Varies (See official site),Annual / Semester award,Multiple,"Academic transcript, Proof of enrollment, Recommendation letter, Essay",Nationalities: Unrestricted; Host country: Unrestricted; Fields: Unrestricted.,"Merit, essay response, and academic verification.",Getty Predoctoral and Postdoctoral Fellowships are intended for emerging scholars to complete work on projects related to the Getty Research...,Not specified,2026-09-16
SCH_0572,American Association Of Diabetes Educators Grant,International Organization / Foundation,Organization / Foundation,IEFA,https://www.iefa.org/scholarships/388/American_Association_Of_Diabetes_Educators_Grant,https://www.iefa.org/scholarships/388/American_Association_Of_Diabetes_Educators_Grant,USA,USA,Unrestricted,Postgraduate,Full-time,Nursing,Not specified,Not specified,Enrolled or accepted in eligible accredited institution,Good academic standing,Not specified,Any,General,Equal Opportunity,International student or foreign national,Varies by award,USD,Partial,Partial,Not specified,Not specified,Not specified,Free,Varies (See official site),Annual / Semester award,Multiple,"Academic transcript, Proof of enrollment, Recommendation letter, Essay",Nationalities: Unrestricted; Host country: United States; Fields: Nursing.,"Merit, essay response, and academic verification.",Principal investigator must be a registered nurse Earned master's degree Team members may be from other disciplines Ability to complete project within one...,Not specified,2026-09-16
SCH_0573,Sigma Theta Tau International/ American Nurses Foundation Grant,International Organization / Foundation,Organization / Foundation,IEFA,https://www.iefa.org/scholarships/390/Sigma_Theta_Tau_International__American_Nurses_Foundation_Grant,https://www.iefa.org/scholarships/390/Sigma_Theta_Tau_International__American_Nurses_Foundation_Grant,USA,USA,Unrestricted,Postgraduate,Full-time,Nursing,Not specified,Not specified,Enrolled or accepted in eligible accredited institution,Good academic standing,Not specified,Any,General,Equal Opportunity,International student or foreign national,Varies by award,USD,Partial,Partial,Not specified,Not specified,Not specified,Free,Varies (See official site),Annual / Semester award,Multiple,"Academic transcript, Proof of enrollment, Recommendation letter, Essay",Nationalities: Unrestricted; Host country: United States; Fields: Nursing.,"Merit, essay response, and academic verification.",ELIGIBILITY CRITERIA Registered nurse with current license. Have a master's or doctoral degree or be enrolled in a doctoral program. Have a clinical...,Not specified,2026-09-16
SCH_0574,Sigma Theta Tau Small Grants,International Organization / Foundation,Organization / Foundation,IEFA,https://www.iefa.org/scholarships/391/Sigma_Theta_Tau_Small_Grants,https://www.iefa.org/scholarships/391/Sigma_Theta_Tau_Small_Grants,USA,USA,Unrestricted,Postgraduate,Full-time,Nursing,Not specified,Not specified,Enrolled or accepted in eligible accredited institution,Good academic standing,Not specified,Any,General,Equal Opportunity,International student or foreign national,Varies by award,USD,Partial,Partial,Not specified,Not specified,Not specified,Free,Varies (See official site),Annual / Semester award,Multiple,"Academic transcript, Proof of enrollment, Recommendation letter, Essay",Nationalities: Unrestricted; Host country: United States; Fields: Nursing.,"Merit, essay response, and academic verification.",ELIGIBILITY CRITERIA Registered nurse with current license. Have a master's or doctoral degree or be enrolled in a doctoral program. Submit a completed...,Not specified,2026-09-16
SCH_0575,Print and Graphics Scholarship Foundation Award,International Organization / Foundation,Organization / Foundation,IEFA,https://www.iefa.org/scholarships/411/Print_and_Graphics_Scholarship_Foundation_Award,https://www.iefa.org/scholarships/411/Print_and_Graphics_Scholarship_Foundation_Award,USA,USA,Unrestricted,Any,Full-time,Unrestricted,Not specified,Not specified,Enrolled or accepted in eligible accredited institution,Good academic standing,Not specified,Any,General,Equal Opportunity,International student or foreign national,Varies by award,USD,Partial,Partial,Not specified,Not specified,Not specified,Free,Varies (See official site),Annual / Semester award,Multiple,"Academic transcript, Proof of enrollment, Recommendation letter, Essay",Nationalities: Unrestricted; Host country: United States; Fields: Unrestricted.,"Merit, essay response, and academic verification.",Selection of Finalists The Scholarship Selection Committee of PGSF is comprised of college educators and industry leaders experienced in interpreting test...,Not specified,2026-09-16
SCH_0576,Arthur Schlesinger Jr. Research Fellowship,International Organization / Foundation,Organization / Foundation,IEFA,https://www.iefa.org/scholarships/489/Arthur_Schlesinger_Jr._Research_Fellowship,https://www.iefa.org/scholarships/489/Arthur_Schlesinger_Jr._Research_Fellowship,USA,USA,Unrestricted,Any,Full-time,Unrestricted,Not specified,Not specified,Enrolled or accepted in eligible accredited institution,Good academic standing,Not specified,Any,General,Equal Opportunity,International student or foreign national,Varies by award,USD,Partial,Partial,Not specified,Not specified,Not specified,Free,Varies (See official site),Annual / Semester award,Multiple,"Academic transcript, Proof of enrollment, Recommendation letter, Essay",Nationalities: Unrestricted; Host country: United States; Fields: Unrestricted.,"Merit, essay response, and academic verification.","Scholars are invited to apply for the Arthur M. Schlesinger, Jr. Research Fellowships. The fellowships are administered by the John...",Not specified,2026-09-16
SCH_0577,Charles Legeyt Fortescue Scholarship,International Organization / Foundation,Organization / Foundation,IEFA,https://www.iefa.org/scholarships/509/Charles_Legeyt_Fortescue_Scholarship,https://www.iefa.org/scholarships/509/Charles_Legeyt_Fortescue_Scholarship,USA,USA,Unrestricted,Any,Full-time,Engineering,Not specified,Not specified,Enrolled or accepted in eligible accredited institution,Good academic standing,Not specified,Any,General,Equal Opportunity,International student or foreign national,Varies by award,USD,Partial,Partial,Not specified,Not specified,Not specified,Free,Varies (See official site),Annual / Semester award,Multiple,"Academic transcript, Proof of enrollment, Recommendation letter, Essay",Nationalities: Unrestricted; Host country: United States; Fields: Engineering.,"Merit, essay response, and academic verification.","Award information The Charles LeGeyt Fortescue Scholarship was established in 1939 as a memorial to Charles LeGeyt, in recognition of his...",Not specified,2026-09-16
SCH_0578,Central Methodist University Academic Scholarships,Central Methodist University,Organization / Foundation,IEFA,https://www.iefa.org/scholarships/525/Central_Methodist_University_Academic_Scholarships,https://www.iefa.org/scholarships/525/Central_Methodist_University_Academic_Scholarships,USA,USA,Unrestricted,Any,Full-time,Unrestricted,Not specified,Not specified,Enrolled or accepted in eligible accredited institution,Good academic standing,Not specified,Any,General,Equal Opportunity,International student or foreign national,Varies by award,USD,Partial,Partial,Not specified,Not specified,Not specified,Free,Varies (See official site),Annual / Semester award,Multiple,"Academic transcript, Proof of enrollment, Recommendation letter, Essay",Nationalities: Unrestricted; Host country: United States; Fields: Unrestricted.,"Merit, essay response, and academic verification.","Incoming Freshmen Students: For both domestic and international students: academic scholarships vary from $4,000 to $12,000 and are based on...",Not specified,2026-09-16
SCH_0579,ACI Foundation Fellowships,International Organization / Foundation,Organization / Foundation,IEFA,https://www.iefa.org/scholarships/585/ACI_Foundation_Fellowships,https://www.iefa.org/scholarships/585/ACI_Foundation_Fellowships,Canada,USA,Unrestricted,Any,Full-time,"Architecture & Design, Engineering and Construction Trades",Not specified,Not specified,Enrolled or accepted in eligible accredited institution,Good academic standing,Not specified,Any,General,Equal Opportunity,International student or foreign national,Varies by award,USD,Partial,Partial,Not specified,Not specified,Not specified,Free,Varies (See official site),Annual / Semester award,Multiple,"Academic transcript, Proof of enrollment, Recommendation letter, Essay","Nationalities: Unrestricted; Host country: Canada and United States; Fields: Architecture & Design, Engineering and Construction Trades.","Merit, essay response, and academic verification.","ACI Foundation Fellowships can be awarded to anyone in the world; however, you must attend a U.S. or Canadian university...",Not specified,2026-09-16
SCH_0580,Harry Frank Guggenheim Foundation Dissertation Fellowship,International Organization / Foundation,Organization / Foundation,IEFA,https://www.iefa.org/scholarships/613/Harry_Frank_Guggenheim_Foundation_Dissertation_Fellowship,https://www.iefa.org/scholarships/613/Harry_Frank_Guggenheim_Foundation_Dissertation_Fellowship,International,International,Unrestricted,Any,Full-time,Unrestricted,Not specified,Not specified,Enrolled or accepted in eligible accredited institution,Good academic standing,Not specified,Any,General,Equal Opportunity,International student or foreign national,Varies by award,USD,Partial,Partial,Not specified,Not specified,Not specified,Free,Varies (See official site),Annual / Semester award,Multiple,"Academic transcript, Proof of enrollment, Recommendation letter, Essay",Nationalities: Unrestricted; Host country: Unrestricted; Fields: Unrestricted.,"Merit, essay response, and academic verification.","In addition to the foundation’s program of support for postdoctoral research, ten or more dissertation fellowships are awarded each year to...",Not specified,2026-09-16
SCH_0581,Harry Frank Guggenheim Foundation Research Grants,International Organization / Foundation,Organization / Foundation,IEFA,https://www.iefa.org/scholarships/614/Harry_Frank_Guggenheim_Foundation_Research_Grants,https://www.iefa.org/scholarships/614/Harry_Frank_Guggenheim_Foundation_Research_Grants,International,International,Unrestricted,Any,Full-time,Unrestricted,Not specified,Not specified,Enrolled or accepted in eligible accredited institution,Good academic standing,Not specified,Any,General,Equal Opportunity,International student or foreign national,Varies by award,USD,Partial,Partial,Not specified,Not specified,Not specified,Free,Varies (See official site),Annual / Semester award,Multiple,"Academic transcript, Proof of enrollment, Recommendation letter, Essay",Nationalities: Unrestricted; Host country: Unrestricted; Fields: Unrestricted.,"Merit, essay response, and academic verification.",The foundation welcomes proposals from any of the natural and social sciences and the humanities that promise to increase understanding...,Not specified,2026-09-16
SCH_0582,Awards For Advanced Study Or Research In The USA,International Organization / Foundation,Organization / Foundation,IEFA,https://www.iefa.org/scholarships/618/Awards_For_Advanced_Study_Or_Research_In_The_USA,https://www.iefa.org/scholarships/618/Awards_For_Advanced_Study_Or_Research_In_The_USA,USA,USA,"Denmark, Finland, Norway...",Any,Full-time,Unrestricted,Not specified,Not specified,Enrolled or accepted in eligible accredited institution,Good academic standing,Not specified,Any,General,Equal Opportunity,International student or foreign national,Varies by award,USD,Partial,Partial,Not specified,Not specified,Not specified,Free,Varies (See official site),Annual / Semester award,Multiple,"Academic transcript, Proof of enrollment, Recommendation letter, Essay","Nationalities: Denmark, Finland, Norway...; Host country: United States; Fields: Unrestricted.","Merit, essay response, and academic verification.","The American-Scandinavian Foundation (ASF) offers over $500,000 in funding to Scandinavians to undertake study or research programs (usually at the...",Not specified,2026-09-16
SCH_0583,Miami University Graduate Assistanships,Miami University,Organization / Foundation,IEFA,https://www.iefa.org/scholarships/682/Miami_University_Graduate_Assistanships,https://www.iefa.org/scholarships/682/Miami_University_Graduate_Assistanships,USA,USA,Unrestricted,Postgraduate,Full-time,Unrestricted,Not specified,Not specified,Enrolled or accepted in eligible accredited institution,Good academic standing,Not specified,Any,General,Equal Opportunity,International student or foreign national,Varies by award,USD,Partial,Partial,Not specified,Not specified,Not specified,Free,Varies (See official site),Annual / Semester award,Multiple,"Academic transcript, Proof of enrollment, Recommendation letter, Essay",Nationalities: Unrestricted; Host country: United States; Fields: Unrestricted.,"Merit, essay response, and academic verification.","Graduate assistantships are awards given to students who are working toward a master’s degree, a specialist in education degree, or...",Not specified,2026-09-16
SCH_0584,"$1,000 Scholarship for High and Middle School Students in the USA",International Organization / Foundation,Organization / Foundation,IEFA,"https://www.iefa.org/scholarships/2524/$1,000_Scholarship_for_High_and_Middle_School_Students_in_the_USA","https://www.iefa.org/scholarships/2524/$1,000_Scholarship_for_High_and_Middle_School_Students_in_the_USA",International,International,Unrestricted,Any,Full-time,Unrestricted,Not specified,Not specified,Enrolled or accepted in eligible accredited institution,Good academic standing,Not specified,Any,General,Equal Opportunity,International student or foreign national,Varies by award,USD,Partial,Partial,Not specified,Not specified,Not specified,Free,Varies (See official site),Annual / Semester award,Multiple,"Academic transcript, Proof of enrollment, Recommendation letter, Essay",Nationalities: Unrestricted; Host country: Unrestricted; Fields: Unrestricted.,"Merit, essay response, and academic verification.","We decided to establish a $1,000 annual scholarship to help University students across the country, who are struggling financially. The...",Not specified,2026-09-16
SCH_0585,AFS Global Leaders Need-Based Aid Program,International Organization / Foundation,Organization / Foundation,IEFA,https://www.iefa.org/scholarships/941/AFS_Global_Leaders_Need-Based_Aid_Program,https://www.iefa.org/scholarships/941/AFS_Global_Leaders_Need-Based_Aid_Program,"Argentina, Austria, Belgium...","Argentina, Austria, Belgium...",United States,Any,Full-time,Unrestricted,Not specified,Not specified,Enrolled or accepted in eligible accredited institution,Good academic standing,Not specified,Any,General,Equal Opportunity,International student or foreign national,Varies by award,USD,Partial,Partial,Not specified,Not specified,Not specified,Free,Varies (See official site),Annual / Semester award,Multiple,"Academic transcript, Proof of enrollment, Recommendation letter, Essay","Nationalities: United States; Host country: Argentina, Austria, Belgium...; Fields: Unrestricted.","Merit, essay response, and academic verification.","Families who qualify typically have household incomes of $65,000 or less, though some extenuating circumstances can be considered. If you...",Not specified,2026-09-16
SCH_0586,Unity College International Students Tuition Waiver,International Organization / Foundation,Organization / Foundation,IEFA,https://www.iefa.org/scholarships/2341/Unity_College_International_Students_Tuition_Waiver_,https://www.iefa.org/scholarships/2341/Unity_College_International_Students_Tuition_Waiver_,International,International,Unrestricted,Any,Full-time,Unrestricted,Not specified,Not specified,Enrolled or accepted in eligible accredited institution,Good academic standing,Not specified,Any,General,Equal Opportunity,International student or foreign national,Varies by award,USD,Partial,Partial,Not specified,Not specified,Not specified,Free,Varies (See official site),Annual / Semester award,Multiple,"Academic transcript, Proof of enrollment, Recommendation letter, Essay",Nationalities: Unrestricted; Host country: Unrestricted; Fields: Unrestricted.,"Merit, essay response, and academic verification.",The New International Student Tuition Waiver is a need aware & merit-based tuition waiver for new F-1 international students. All...,Not specified,2026-09-16
SCH_0587,Queen University Human Rights and Peace Building Summer School,Queen University,Organization / Foundation,IEFA,https://www.iefa.org/scholarships/1304/Queen_University_Human_Rights_and_Peace_Building_Summer_School,https://www.iefa.org/scholarships/1304/Queen_University_Human_Rights_and_Peace_Building_Summer_School,United Kingdom,United Kingdom,Unrestricted,Any,Full-time,Unrestricted,Not specified,Not specified,Enrolled or accepted in eligible accredited institution,Good academic standing,Not specified,Any,General,Equal Opportunity,International student or foreign national,Varies by award,GBP,Partial,Partial,Not specified,Not specified,Not specified,Free,Varies (See official site),Annual / Semester award,Multiple,"Academic transcript, Proof of enrollment, Recommendation letter, Essay",Nationalities: Unrestricted; Host country: United Kingdom; Fields: Unrestricted.,"Merit, essay response, and academic verification.","Across this five day programme, you will immerse yourself in the study of Human Rights and Peace Building from the...",Not specified,2026-09-16
SCH_0588,The Mr & Mrs Hung Mau Wu Memorial Fund Grant,International Organization / Foundation,Organization / Foundation,IEFA,https://www.iefa.org/scholarships/2202/The_Mr_&_Mrs_Hung_Mau_Wu_Memorial_Fund_Grant,https://www.iefa.org/scholarships/2202/The_Mr_&_Mrs_Hung_Mau_Wu_Memorial_Fund_Grant,International,International,Unrestricted,Any,Full-time,"Biology/Life Sciences, Business/Management, Education...",Not specified,Not specified,Enrolled or accepted in eligible accredited institution,Good academic standing,Not specified,Any,General,Equal Opportunity,International student or foreign national,Varies by award,USD,Partial,Partial,Not specified,Not specified,Not specified,Free,Varies (See official site),Annual / Semester award,Multiple,"Academic transcript, Proof of enrollment, Recommendation letter, Essay","Nationalities: Unrestricted; Host country: Unrestricted; Fields: Biology/Life Sciences, Business/Management, Education....","Merit, essay response, and academic verification.",The Grant is awarded annually to young university students of Chinese descent and/or nationality to help relieve the financial pressure...,Not specified,2026-09-16
SCH_0589,Felician University International Scholarships,Felician University,Organization / Foundation,IEFA,https://www.iefa.org/scholarships/2268/Felician_University_International_Scholarships,https://www.iefa.org/scholarships/2268/Felician_University_International_Scholarships,USA,USA,Unrestricted,Any,Full-time,Unrestricted,Not specified,Not specified,Enrolled or accepted in eligible accredited institution,Good academic standing,Not specified,Any,General,Equal Opportunity,International student or foreign national,Varies by award,USD,Partial,Partial,Not specified,Not specified,Not specified,Free,Varies (See official site),Annual / Semester award,Multiple,"Academic transcript, Proof of enrollment, Recommendation letter, Essay",Nationalities: Unrestricted; Host country: United States; Fields: Unrestricted.,"Merit, essay response, and academic verification.","International Student Scholarship Award: $10,000 - $15,000 per year To be considered for this scholarship, you must: Take the SATs and score...",Not specified,2026-09-16
SCH_0590,TUMS School of Nursing and Midwifery Scholarship,International Organization / Foundation,Organization / Foundation,IEFA,https://www.iefa.org/scholarships/2349/TUMS_School_of_Nursing_and_Midwifery_Scholarship,https://www.iefa.org/scholarships/2349/TUMS_School_of_Nursing_and_Midwifery_Scholarship,International,International,Unrestricted,Any,Full-time,Unrestricted,Not specified,Not specified,Enrolled or accepted in eligible accredited institution,Good academic standing,Not specified,Any,General,Equal Opportunity,International student or foreign national,Varies by award,USD,Partial,Partial,Not specified,Not specified,Not specified,Free,Varies (See official site),Annual / Semester award,Multiple,"Academic transcript, Proof of enrollment, Recommendation letter, Essay",Nationalities: Unrestricted; Host country: Unrestricted; Fields: Unrestricted.,"Merit, essay response, and academic verification.",We understand that your choice of funding/scholarship program is very important to you. There might be funding/scholarship opportunities announced for...,Not specified,2026-09-16
SCH_0591,"International Summer School, 2018",International Organization / Foundation,Organization / Foundation,IEFA,"https://www.iefa.org/scholarships/3065/International_Summer_School,_2018","https://www.iefa.org/scholarships/3065/International_Summer_School,_2018",International,International,Unrestricted,Any,Full-time,Unrestricted,Not specified,Not specified,Enrolled or accepted in eligible accredited institution,Good academic standing,Not specified,Any,General,Equal Opportunity,International student or foreign national,Varies by award,USD,Partial,Partial,Not specified,Not specified,Not specified,Free,Varies (See official site),Annual / Semester award,Multiple,"Academic transcript, Proof of enrollment, Recommendation letter, Essay",Nationalities: Unrestricted; Host country: Unrestricted; Fields: Unrestricted.,"Merit, essay response, and academic verification.",UEA's International Summer School provides a unique experience to live and learn in the UK at a world leading university...,Not specified,2026-09-16
SCH_0592,Brandeis University Wien International Scholarship,"Brandeis University, established in 1958, is a first-of-its kind bringing students from every",Organization / Foundation,IEFA,https://www.iefa.org/scholarships/714/Brandeis_University_Wien_International_Scholarship,https://www.iefa.org/scholarships/714/Brandeis_University_Wien_International_Scholarship,USA,USA,Unrestricted,Any,Full-time,Unrestricted,Not specified,Not specified,Enrolled or accepted in eligible accredited institution,Good academic standing,Not specified,Any,General,Equal Opportunity,International student or foreign national,Varies by award,USD,Partial,Partial,Not specified,Not specified,Not specified,Free,Varies (See official site),Annual / Semester award,Multiple,"Academic transcript, Proof of enrollment, Recommendation letter, Essay",Nationalities: Unrestricted; Host country: United States; Fields: Unrestricted.,"Merit, essay response, and academic verification.","The Wien International Scholarship Program (WISP) at Brandeis University, established in 1958, is a first-of-its kind bringing students from every...",Not specified,2026-09-16
SCH_0593,College/ university Performance and Production Grants,International Organization / Foundation,Organization / Foundation,IEFA,https://www.iefa.org/scholarships/892/College__university_Performance_and_Production_Grants,https://www.iefa.org/scholarships/892/College__university_Performance_and_Production_Grants,International,International,Unrestricted,Any,Full-time,Music,Not specified,Not specified,Enrolled or accepted in eligible accredited institution,Good academic standing,Not specified,Any,General,Equal Opportunity,International student or foreign national,Varies by award,USD,Partial,Partial,Not specified,Not specified,Not specified,Free,Varies (See official site),Annual / Semester award,Multiple,"Academic transcript, Proof of enrollment, Recommendation letter, Essay",Nationalities: Unrestricted; Host country: Unrestricted; Fields: Music.,"Merit, essay response, and academic verification.",Grants to colleges and universities in support of general production expenses for performances of Kurt Weills stage and concert works...,Not specified,2026-09-16
SCH_0594,Georgia College & State University International Student Scholarship,Georgia College & State University,Organization / Foundation,IEFA,https://www.iefa.org/scholarships/1233/Georgia_College_&_State_University_International_Student_Scholarship,https://www.iefa.org/scholarships/1233/Georgia_College_&_State_University_International_Student_Scholarship,USA,USA,Unrestricted,Any,Full-time,Unrestricted,Not specified,Not specified,Enrolled or accepted in eligible accredited institution,Good academic standing,Not specified,Any,General,Equal Opportunity,International student or foreign national,Varies by award,USD,Partial,Partial,Not specified,Not specified,Not specified,Free,Varies (See official site),Annual / Semester award,Multiple,"Academic transcript, Proof of enrollment, Recommendation letter, Essay",Nationalities: Unrestricted; Host country: United States; Fields: Unrestricted.,"Merit, essay response, and academic verification.","These scholarships are awarded as either a full out-of-state tuition waiver or a half out-of-state tuition waiver, and are awarded...",Not specified,2026-09-16
SCH_0595,International Bipolar Foundation Essay Contest,International Organization / Foundation,Organization / Foundation,IEFA,https://www.iefa.org/scholarships/2624/International_Bipolar_Foundation_Essay_Contest,https://www.iefa.org/scholarships/2624/International_Bipolar_Foundation_Essay_Contest,International,International,Unrestricted,Any,Full-time,Unrestricted,Not specified,Not specified,Enrolled or accepted in eligible accredited institution,Good academic standing,Not specified,Any,General,Equal Opportunity,International student or foreign national,Varies by award,USD,Partial,Partial,Not specified,Not specified,Not specified,Free,Varies (See official site),Annual / Semester award,Multiple,"Academic transcript, Proof of enrollment, Recommendation letter, Essay",Nationalities: Unrestricted; Host country: Unrestricted; Fields: Unrestricted.,"Merit, essay response, and academic verification.","Research a notable figure, past or present, with Bipolar Disorder and tell us how the illness affected their life, encouraged...",Not specified,2026-09-16
SCH_0596,National Security Education Program David L. Boren Undergraduate Scholarships,International Organization / Foundation,Organization / Foundation,IEFA,https://www.iefa.org/scholarships/837/National_Security_Education_Program_David_L._Boren_Undergraduate_Scholarships,https://www.iefa.org/scholarships/837/National_Security_Education_Program_David_L._Boren_Undergraduate_Scholarships,International,International,United States,Postgraduate,Full-time,Unrestricted,Not specified,Not specified,Enrolled or accepted in eligible accredited institution,Good academic standing,Not specified,Any,General,Equal Opportunity,International student or foreign national,Varies by award,USD,Partial,Partial,Not specified,Not specified,Not specified,Free,Varies (See official site),Annual / Semester award,Multiple,"Academic transcript, Proof of enrollment, Recommendation letter, Essay",Nationalities: United States; Host country: Unrestricted; Fields: Unrestricted.,"Merit, essay response, and academic verification.","Boren Scholarships, an initiative of the National Security Education Program, provide unique funding opportunities for U.S. undergraduate students to study...",Not specified,2026-09-16
SCH_0597,Hugh D. Miser Memorial Grants-In-Aid,International Organization / Foundation,Organization / Foundation,IEFA,https://www.iefa.org/scholarships/759/Hugh_D._Miser_Memorial_Grants-In-Aid,https://www.iefa.org/scholarships/759/Hugh_D._Miser_Memorial_Grants-In-Aid,International,International,Unrestricted,Postgraduate,Full-time,Unrestricted,Not specified,Not specified,Enrolled or accepted in eligible accredited institution,Good academic standing,Not specified,Any,General,Equal Opportunity,International student or foreign national,Varies by award,USD,Partial,Partial,Not specified,Not specified,Not specified,Free,Varies (See official site),Annual / Semester award,Multiple,"Academic transcript, Proof of enrollment, Recommendation letter, Essay",Nationalities: Unrestricted; Host country: Unrestricted; Fields: Unrestricted.,"Merit, essay response, and academic verification.",The Hugh D. Miser Memorial Grant is awarded annually to a deserving graduate student through the American Association of Petroleum...,Not specified,2026-09-16
SCH_0598,Humane Studies Fellowships,International Organization / Foundation,Organization / Foundation,IEFA,https://www.iefa.org/scholarships/943/Humane_Studies_Fellowships,https://www.iefa.org/scholarships/943/Humane_Studies_Fellowships,International,International,Unrestricted,Any,Full-time,Unrestricted,Not specified,Not specified,Enrolled or accepted in eligible accredited institution,Good academic standing,Not specified,Any,General,Equal Opportunity,International student or foreign national,Varies by award,USD,Partial,Partial,Not specified,Not specified,Not specified,Free,Varies (See official site),Annual / Semester award,Multiple,"Academic transcript, Proof of enrollment, Recommendation letter, Essay",Nationalities: Unrestricted; Host country: Unrestricted; Fields: Unrestricted.,"Merit, essay response, and academic verification.","The Humane Studies Fellowship is a renewable, non-residency award of up to $15,000 per year to support current or future...",Not specified,2026-09-16
SCH_0599,International Baccalaureate Scholarship at the College of Idaho,International Organization / Foundation,Organization / Foundation,IEFA,https://www.iefa.org/scholarships/1569/International_Baccalaureate_Scholarship_at_the_College_of_Idaho,https://www.iefa.org/scholarships/1569/International_Baccalaureate_Scholarship_at_the_College_of_Idaho,USA,USA,Unrestricted,Any,Full-time,Unrestricted,Not specified,Not specified,Enrolled or accepted in eligible accredited institution,Good academic standing,Not specified,Any,General,Equal Opportunity,International student or foreign national,Varies by award,USD,Partial,Partial,Not specified,Not specified,Not specified,Free,Varies (See official site),Annual / Semester award,Multiple,"Academic transcript, Proof of enrollment, Recommendation letter, Essay",Nationalities: Unrestricted; Host country: United States; Fields: Unrestricted.,"Merit, essay response, and academic verification.","All I.B. Diploma seeking students are eligible for a $11,000 per year scholarship, renewable for up to four years. ...",Not specified,2026-09-16
SCH_0600,MIT - Zaragoza Dual Degree Scholarships,International Organization / Foundation,Organization / Foundation,IEFA,https://www.iefa.org/scholarships/1595/MIT_-_Zaragoza_Dual_Degree_Scholarships,https://www.iefa.org/scholarships/1595/MIT_-_Zaragoza_Dual_Degree_Scholarships,International,International,Unrestricted,Postgraduate,Full-time,"Business/Management, Computer & Information Systems, Engineering...",Not specified,Not specified,Enrolled or accepted in eligible accredited institution,Good academic standing,Not specified,Any,General,Equal Opportunity,International student or foreign national,Varies by award,USD,Partial,Partial,Not specified,Not specified,Not specified,Free,Varies (See official site),Annual / Semester award,Multiple,"Academic transcript, Proof of enrollment, Recommendation letter, Essay","Nationalities: Unrestricted; Host country: Unrestricted; Fields: Business/Management, Computer & Information Systems, Engineering....","Merit, essay response, and academic verification.",ZLC will award a number of scholarships consisting of reduction in tuition for the MIT-Zaragoza Master of Engineering in Logistics and...,Not specified,2026-09-16
SCH_0601,Turnaround Management Scholarship,International Organization / Foundation,Organization / Foundation,IEFA,https://www.iefa.org/scholarships/1718/Turnaround_Management_Scholarship,https://www.iefa.org/scholarships/1718/Turnaround_Management_Scholarship,International,International,Unrestricted,Postgraduate,Full-time,Unrestricted,Not specified,Not specified,Enrolled or accepted in eligible accredited institution,Good academic standing,Not specified,Any,General,Equal Opportunity,International student or foreign national,Varies by award,USD,Partial,Partial,Not specified,Not specified,Not specified,Free,Varies (See official site),Annual / Semester award,Multiple,"Academic transcript, Proof of enrollment, Recommendation letter, Essay",Nationalities: Unrestricted; Host country: Unrestricted; Fields: Unrestricted.,"Merit, essay response, and academic verification.","To qualify for a scholarship, students must meet the following criteria: Outstanding record of academic achievement Enrollment in a master’s or PhD...",Not specified,2026-09-16
SCH_0602,BG Scholarship,International Organization / Foundation,Organization / Foundation,IEFA,https://www.iefa.org/scholarships/2091/BG_Scholarship,https://www.iefa.org/scholarships/2091/BG_Scholarship,USA,USA,Unrestricted,Any,Full-time,Unrestricted,Not specified,Not specified,Enrolled or accepted in eligible accredited institution,Good academic standing,Not specified,Any,General,Equal Opportunity,International student or foreign national,Varies by award,USD,Partial,Partial,Not specified,Not specified,Not specified,Free,Varies (See official site),Annual / Semester award,Multiple,"Academic transcript, Proof of enrollment, Recommendation letter, Essay",Nationalities: Unrestricted; Host country: United States; Fields: Unrestricted.,"Merit, essay response, and academic verification.","BgScholarship.com strives to reward students who do well academically, and also contribute to their school and/or community by getting involved....",Not specified,2026-09-16
SCH_0603,University Of Alberta China Centenary Scholarship,University,Organization / Foundation,IEFA,https://www.iefa.org/scholarships/2044/University_Of_Alberta_China_Centenary_Scholarship,https://www.iefa.org/scholarships/2044/University_Of_Alberta_China_Centenary_Scholarship,Canada,Canada,Unrestricted,Postgraduate,Full-time,Unrestricted,Not specified,Not specified,Enrolled or accepted in eligible accredited institution,Good academic standing,Not specified,Any,General,Equal Opportunity,International student or foreign national,Varies by award,CAD,Partial,Partial,Not specified,Not specified,Not specified,Free,Varies (See official site),Annual / Semester award,Multiple,"Academic transcript, Proof of enrollment, Recommendation letter, Essay",Nationalities: Unrestricted; Host country: Canada; Fields: Unrestricted.,"Merit, essay response, and academic verification.",Awarded to students on a Study Permit with superior academic achievement entering the first year of an undergraduate degree program...,Not specified,2026-09-16
SCH_0604,The Monroe International Student Scholarship Program,International Organization / Foundation,Organization / Foundation,IEFA,https://www.iefa.org/scholarships/2290/The_Monroe_International_Student_Scholarship_Program,https://www.iefa.org/scholarships/2290/The_Monroe_International_Student_Scholarship_Program,International,International,Unrestricted,Postgraduate,Full-time,Computer & Information Systems and Health Professions,Not specified,Not specified,Enrolled or accepted in eligible accredited institution,Good academic standing,Not specified,Any,General,Equal Opportunity,International student or foreign national,Varies by award,USD,Partial,Partial,Not specified,Not specified,Not specified,Free,Varies (See official site),Annual / Semester award,Multiple,"Academic transcript, Proof of enrollment, Recommendation letter, Essay",Nationalities: Unrestricted; Host country: Unrestricted; Fields: Computer & Information Systems and Health Professions.,"Merit, essay response, and academic verification.",Awarded to new-to- Monroe undergraduate international F1 matriculated students who have been nominated by select institutions with a formalized...,Not specified,2026-09-16
SCH_0605,"Tuition Fee Waivers for Masters Program in Economics, Finance",International Organization / Foundation,Organization / Foundation,IEFA,"https://www.iefa.org/scholarships/2523/Tuition_Fee_Waivers_for_Masters_Program_in_Economics,_Finance","https://www.iefa.org/scholarships/2523/Tuition_Fee_Waivers_for_Masters_Program_in_Economics,_Finance",International,International,Unrestricted,Postgraduate,Full-time,"Business/Management, Computer & Information Systems, Engineering...",Not specified,Not specified,Enrolled or accepted in eligible accredited institution,Good academic standing,Not specified,Any,General,Equal Opportunity,International student or foreign national,Varies by award,USD,Partial,Partial,Not specified,Not specified,Not specified,Free,Varies (See official site),Annual / Semester award,Multiple,"Academic transcript, Proof of enrollment, Recommendation letter, Essay","Nationalities: Unrestricted; Host country: Unrestricted; Fields: Business/Management, Computer & Information Systems, Engineering....","Merit, essay response, and academic verification.","Thanks to the participation of a number of companies and institutions, the Barcelona Graduate School of Economics is able to...",Not specified,2026-09-16
SCH_0606,1st Formations Business Scholarship,International Organization / Foundation,Organization / Foundation,IEFA,https://www.iefa.org/scholarships/2427/1st_Formations_Business_Scholarship,https://www.iefa.org/scholarships/2427/1st_Formations_Business_Scholarship,United Kingdom,United Kingdom,Unrestricted,Any,Full-time,Business/Management and Finance,Not specified,Not specified,Enrolled or accepted in eligible accredited institution,Good academic standing,Not specified,Any,General,Equal Opportunity,International student or foreign national,Varies by award,GBP,Partial,Partial,Not specified,Not specified,Not specified,Free,Varies (See official site),Annual / Semester award,Multiple,"Academic transcript, Proof of enrollment, Recommendation letter, Essay",Nationalities: Unrestricted; Host country: United Kingdom; Fields: Business/Management and Finance.,"Merit, essay response, and academic verification.",Our Scholarship awards up to 10 successful applicants with a bursary of £600 each. The bursary is designed to help...,Not specified,2026-09-16
SCH_0607,TUMS Fellowship Program in Critical Care Medicine Pharmacy Practice,International Organization / Foundation,Organization / Foundation,IEFA,https://www.iefa.org/scholarships/2491/TUMS_Fellowship_Program_in_Critical_Care_Medicine_Pharmacy_Practice,https://www.iefa.org/scholarships/2491/TUMS_Fellowship_Program_in_Critical_Care_Medicine_Pharmacy_Practice,International,International,Unrestricted,Any,Full-time,Unrestricted,Not specified,Not specified,Enrolled or accepted in eligible accredited institution,Good academic standing,Not specified,Any,General,Equal Opportunity,International student or foreign national,Varies by award,USD,Partial,Partial,Not specified,Not specified,Not specified,Free,Varies (See official site),Annual / Semester award,Multiple,"Academic transcript, Proof of enrollment, Recommendation letter, Essay",Nationalities: Unrestricted; Host country: Unrestricted; Fields: Unrestricted.,"Merit, essay response, and academic verification.","The critical care pharmacotherapy fellowship program, offered by School of Pharmacy at Tehran University of Medical Sciences (TUMS) and...",Not specified,2026-09-16
SCH_0608,Crush the GRE Test Scholarship Program,International Organization / Foundation,Organization / Foundation,IEFA,https://www.iefa.org/scholarships/2866/Crush_the_GRE_Test_Scholarship_Program,https://www.iefa.org/scholarships/2866/Crush_the_GRE_Test_Scholarship_Program,"Afghanistan, Albania, Algeria...","Afghanistan, Albania, Algeria...",Unrestricted,Any,Full-time,Unrestricted,Not specified,Not specified,Enrolled or accepted in eligible accredited institution,Good academic standing,Not specified,Any,General,Equal Opportunity,International student or foreign national,Varies by award,USD,Partial,Partial,Not specified,Not specified,Not specified,Free,Varies (See official site),Annual / Semester award,Multiple,"Academic transcript, Proof of enrollment, Recommendation letter, Essay","Nationalities: Unrestricted; Host country: Afghanistan, Albania, Algeria...; Fields: Unrestricted.","Merit, essay response, and academic verification.",One Grand Prize Winner will receive a $160 reimbursement of GRE fees plus a Magoosh review course that’s valued at...,Not specified,2026-09-16
SCH_0609,Scholarships in India,International Organization / Foundation,Organization / Foundation,IEFA,https://www.iefa.org/scholarships/3052/Scholarships_in_India,https://www.iefa.org/scholarships/3052/Scholarships_in_India,India,India,India,Any,Full-time,"Biology/Life Sciences, Engineering, Mathematics...",Not specified,Not specified,Enrolled or accepted in eligible accredited institution,Good academic standing,Not specified,Any,General,Equal Opportunity,International student or foreign national,Varies by award,USD,Partial,Partial,Not specified,Not specified,Not specified,Free,Varies (See official site),Annual / Semester award,Multiple,"Academic transcript, Proof of enrollment, Recommendation letter, Essay","Nationalities: India; Host country: India; Fields: Biology/Life Sciences, Engineering, Mathematics....","Merit, essay response, and academic verification.","Learning with Vodafone is a one Stop resource for various Indian Scholarships - Student Scholarships, Merit Scholarships, OBC Scholarships, National...",Not specified,2026-09-16
SCH_0610,Kettering World Scholarship,International Organization / Foundation,Organization / Foundation,IEFA,https://www.iefa.org/scholarships/2174/Kettering_World_Scholarship,https://www.iefa.org/scholarships/2174/Kettering_World_Scholarship,International,International,Unrestricted,Any,Full-time,"Biology/Life Sciences, Business/Management, Engineering...",Not specified,Not specified,Enrolled or accepted in eligible accredited institution,Good academic standing,Not specified,Any,General,Equal Opportunity,International student or foreign national,Varies by award,USD,Partial,Partial,Not specified,Not specified,Not specified,Free,Varies (See official site),Annual / Semester award,Multiple,"Academic transcript, Proof of enrollment, Recommendation letter, Essay","Nationalities: Unrestricted; Host country: Unrestricted; Fields: Biology/Life Sciences, Business/Management, Engineering....","Merit, essay response, and academic verification.",All international applicants are automatically considered for this annual scholarship upon admission. No separate application is necessary. This scholarship can...,Not specified,2026-09-16
SCH_0611,United Planet Service Scholarships,International Organization / Foundation,Organization / Foundation,IEFA,https://www.iefa.org/scholarships/2672/United_Planet_Service_Scholarships,https://www.iefa.org/scholarships/2672/United_Planet_Service_Scholarships,International,International,Unrestricted,Any,Full-time,Unrestricted,Not specified,Not specified,Enrolled or accepted in eligible accredited institution,Good academic standing,Not specified,Any,General,Equal Opportunity,International student or foreign national,Varies by award,USD,Partial,Partial,Not specified,Not specified,Not specified,Free,Varies (See official site),Annual / Semester award,Multiple,"Academic transcript, Proof of enrollment, Recommendation letter, Essay",Nationalities: Unrestricted; Host country: Unrestricted; Fields: Unrestricted.,"Merit, essay response, and academic verification.",United Planet is dedicated to making our programs accessible to all those who wish to form relationships abroad. As fellow...,Not specified,2026-09-16
SCH_0612,Global Nursing Research Grant,International Organization / Foundation,Organization / Foundation,IEFA,https://www.iefa.org/scholarships/387/Global_Nursing_Research_Grant,https://www.iefa.org/scholarships/387/Global_Nursing_Research_Grant,USA,USA,Unrestricted,Any,Full-time,Nursing,Not specified,Not specified,Enrolled or accepted in eligible accredited institution,Good academic standing,Not specified,Any,General,Equal Opportunity,International student or foreign national,Varies by award,USD,Partial,Partial,Not specified,Not specified,Not specified,Free,Varies (See official site),Annual / Semester award,Multiple,"Academic transcript, Proof of enrollment, Recommendation letter, Essay",Nationalities: Unrestricted; Host country: United States; Fields: Nursing.,"Merit, essay response, and academic verification.","Allocation of funds is based on the quality of the proposed research, the future promise of the applicant, and the...",Not specified,2026-09-16
SCH_0613,ARCE Fellowships,International Organization / Foundation,Organization / Foundation,IEFA,https://www.iefa.org/scholarships/292/ARCE_Fellowships,https://www.iefa.org/scholarships/292/ARCE_Fellowships,USA,USA,Egypt,Any,Full-time,Economics,Not specified,Not specified,Enrolled or accepted in eligible accredited institution,Good academic standing,Not specified,Any,General,Equal Opportunity,International student or foreign national,Varies by award,USD,Partial,Partial,Not specified,Not specified,Not specified,Free,Varies (See official site),Annual / Semester award,Multiple,"Academic transcript, Proof of enrollment, Recommendation letter, Essay",Nationalities: Egypt; Host country: United States; Fields: Economics.,"Merit, essay response, and academic verification.","-Bureau of Educational and Cultural Affairs (ECA), U.S. Department of State Available to American pre-doctoral candidates (ABD), postdoctoral scholars,...",Not specified,2026-09-16
SCH_0614,Karim Rida Said Foundation Scholarship,International Organization / Foundation,Organization / Foundation,IEFA,https://www.iefa.org/scholarships/868/Karim_Rida_Said_Foundation_Scholarship,https://www.iefa.org/scholarships/868/Karim_Rida_Said_Foundation_Scholarship,United Kingdom,United Kingdom,"Iraq, Jordan and Lebanon",Any,Full-time,Unrestricted,Not specified,Not specified,Enrolled or accepted in eligible accredited institution,Good academic standing,Not specified,Any,General,Equal Opportunity,International student or foreign national,Varies by award,GBP,Partial,Partial,Not specified,Not specified,Not specified,Free,Varies (See official site),Annual / Semester award,Multiple,"Academic transcript, Proof of enrollment, Recommendation letter, Essay","Nationalities: Iraq, Jordan and Lebanon; Host country: United Kingdom; Fields: Unrestricted.","Merit, essay response, and academic verification.",The Saïd Foundation has offered educational scholarships and training opportunities since 1984. The programme aims to empower people through educational...,Not specified,2026-09-16
SCH_0615,Graduate Vernon Hobson Bequest,International Organization / Foundation,Organization / Foundation,IEFA,https://www.iefa.org/scholarships/117/Graduate_Vernon_Hobson_Bequest,https://www.iefa.org/scholarships/117/Graduate_Vernon_Hobson_Bequest,International,International,Unrestricted,Any,Full-time,Unrestricted,Not specified,Not specified,Enrolled or accepted in eligible accredited institution,Good academic standing,Not specified,Any,General,Equal Opportunity,International student or foreign national,Varies by award,USD,Partial,Partial,Not specified,Not specified,Not specified,Free,Varies (See official site),Annual / Semester award,Multiple,"Academic transcript, Proof of enrollment, Recommendation letter, Essay",Nationalities: Unrestricted; Host country: Unrestricted; Fields: Unrestricted.,"Merit, essay response, and academic verification.",The Bequest was established for the 'advancement of teaching and practice of geology as applied to mining'. One or more...,Not specified,2026-09-16
SCH_0616,Freda Bage Fellowship,International Organization / Foundation,Organization / Foundation,IEFA,https://www.iefa.org/scholarships/881/Freda_Bage_Fellowship,https://www.iefa.org/scholarships/881/Freda_Bage_Fellowship,International,International,Unrestricted,Any,Full-time,Unrestricted,Not specified,Not specified,Enrolled or accepted in eligible accredited institution,Good academic standing,Not specified,Any,General,Equal Opportunity,International student or foreign national,Varies by award,USD,Partial,Partial,Not specified,Not specified,Not specified,Free,Varies (See official site),Annual / Semester award,Multiple,"Academic transcript, Proof of enrollment, Recommendation letter, Essay",Nationalities: Unrestricted; Host country: Unrestricted; Fields: Unrestricted.,"Merit, essay response, and academic verification.",FFI offers two types of Fellowships each year; generally one extended Fellowship tenable for up to three years and several...,Not specified,2026-09-16
SCH_0617,Ens-international,International Organization / Foundation,Organization / Foundation,IEFA,https://www.iefa.org/scholarships/81/Ens-international,https://www.iefa.org/scholarships/81/Ens-international,France,France,Unrestricted,Any,Full-time,Unrestricted,Not specified,Not specified,Enrolled or accepted in eligible accredited institution,Good academic standing,Not specified,Any,General,Equal Opportunity,International student or foreign national,Varies by award,USD,Partial,Partial,Not specified,Not specified,Not specified,Free,Varies (See official site),Annual / Semester award,Multiple,"Academic transcript, Proof of enrollment, Recommendation letter, Essay",Nationalities: Unrestricted; Host country: France; Fields: Unrestricted.,"Merit, essay response, and academic verification.",The Ecole normale supérieure aims at varying its students’ profiles and incorporates students to be enrolled in the 3rd year...,Not specified,2026-09-16
SCH_0618,Phi Kappa Phi Study Abroad Grant,International Organization / Foundation,Organization / Foundation,IEFA,https://www.iefa.org/scholarships/917/Phi_Kappa_Phi_Study_Abroad_Grant,https://www.iefa.org/scholarships/917/Phi_Kappa_Phi_Study_Abroad_Grant,International,International,Unrestricted,Postgraduate,Full-time,Unrestricted,Not specified,Not specified,Enrolled or accepted in eligible accredited institution,Good academic standing,Not specified,Any,General,Equal Opportunity,International student or foreign national,Varies by award,USD,Partial,Partial,Not specified,Not specified,Not specified,Free,Varies (See official site),Annual / Semester award,Multiple,"Academic transcript, Proof of enrollment, Recommendation letter, Essay",Nationalities: Unrestricted; Host country: Unrestricted; Fields: Unrestricted.,"Merit, essay response, and academic verification.",Phi Kappa Phi Study Abroad Grants are designed to help support undergraduates as they seek knowledge and experience in their...,Not specified,2026-09-16
SCH_0619,UFAW Animal Welfare Student Scholarship,International Organization / Foundation,Organization / Foundation,IEFA,https://www.iefa.org/scholarships/2138/UFAW_Animal_Welfare_Student_Scholarship,https://www.iefa.org/scholarships/2138/UFAW_Animal_Welfare_Student_Scholarship,International,International,Unrestricted,Any,Full-time,Biology/Life Sciences and Agriculture,Not specified,Not specified,Enrolled or accepted in eligible accredited institution,Good academic standing,Not specified,Any,General,Equal Opportunity,International student or foreign national,Varies by award,USD,Partial,Partial,Not specified,Not specified,Not specified,Free,Varies (See official site),Annual / Semester award,Multiple,"Academic transcript, Proof of enrollment, Recommendation letter, Essay",Nationalities: Unrestricted; Host country: Unrestricted; Fields: Biology/Life Sciences and Agriculture.,"Merit, essay response, and academic verification.","Through its Animal Welfare Student Scholarships, UFAW aims to encourage students to develop their interests in animal welfare and to...",Not specified,2026-09-16
SCH_0620,MIT - Zaragoza Supporting Promising Professionals in Logistics and SCM,International Organization / Foundation,Organization / Foundation,IEFA,https://www.iefa.org/scholarships/1597/MIT_-_Zaragoza_Supporting_Promising_Professionals_in_Logistics_and_SCM,https://www.iefa.org/scholarships/1597/MIT_-_Zaragoza_Supporting_Promising_Professionals_in_Logistics_and_SCM,International,International,Unrestricted,Postgraduate,Full-time,"Business/Management, Computer & Information Systems, Engineering...",Not specified,Not specified,Enrolled or accepted in eligible accredited institution,Good academic standing,Not specified,Any,General,Equal Opportunity,International student or foreign national,Varies by award,USD,Partial,Partial,Not specified,Not specified,Not specified,Free,Varies (See official site),Annual / Semester award,Multiple,"Academic transcript, Proof of enrollment, Recommendation letter, Essay","Nationalities: Unrestricted; Host country: Unrestricted; Fields: Business/Management, Computer & Information Systems, Engineering....","Merit, essay response, and academic verification.",Zaragoza Logistics Center (ZLC) currently provides a number of scholarships each year for students of the MIT-Zaragoza Master of Engineering in...,Not specified,2026-09-16
SCH_0621,International Furloughing Missionary @ Wheaton College Graduate School,International Organization / Foundation,Organization / Foundation,IEFA,https://www.iefa.org/scholarships/2411/International_Furloughing_Missionary_@_Wheaton_College_Graduate_School,https://www.iefa.org/scholarships/2411/International_Furloughing_Missionary_@_Wheaton_College_Graduate_School,USA,USA,"Afghanistan, Albania, Algeria...",Any,Full-time,"Psychology, Other, Teaching English to Speakers of Other Languages (TESOL)...",Not specified,Not specified,Enrolled or accepted in eligible accredited institution,Good academic standing,Not specified,Any,General,Equal Opportunity,International student or foreign national,Varies by award,USD,Partial,Partial,Not specified,Not specified,Not specified,Free,Varies (See official site),Annual / Semester award,Multiple,"Academic transcript, Proof of enrollment, Recommendation letter, Essay","Nationalities: Afghanistan, Albania, Algeria...; Host country: United States; Fields: Psychology, Other, Teaching English to Speakers of Other Languages (TESOL)....","Merit, essay response, and academic verification.",Loan/scholarships for those in full-time Christian ministry in a non-U.S. country that's not their home. The award is for...,Not specified,2026-09-16
SCH_0622,$2000 Coupons Promos Scholarship,International Organization / Foundation,Organization / Foundation,IEFA,https://www.iefa.org/scholarships/3148/$2000_Coupons_Promos_Scholarship,https://www.iefa.org/scholarships/3148/$2000_Coupons_Promos_Scholarship,World,World,World,Any,Full-time,"Architecture & Design, Biology/Life Sciences, Business/Management...",Not specified,Not specified,Enrolled or accepted in eligible accredited institution,Good academic standing,Not specified,Any,General,Equal Opportunity,International student or foreign national,Varies by award,USD,Partial,Partial,Not specified,Not specified,Not specified,Free,Varies (See official site),Annual / Semester award,Multiple,"Academic transcript, Proof of enrollment, Recommendation letter, Essay","Nationalities: World; Host country: World; Fields: Architecture & Design, Biology/Life Sciences, Business/Management....","Merit, essay response, and academic verification.",Saving money is always a hot subject. Coupons Promos – a website which offers the latest coupons and discount codes...,Not specified,2026-09-16
SCH_0623,Full Tuition Waiver Scholarships for Full Time Undergraduate Students,International Organization / Foundation,Organization / Foundation,IEFA,https://www.iefa.org/scholarships/3149/Full_Tuition_Waiver_Scholarships_for_Full_Time_Undergraduate_Students,https://www.iefa.org/scholarships/3149/Full_Tuition_Waiver_Scholarships_for_Full_Time_Undergraduate_Students,Thailand,Thailand,Unrestricted,Postgraduate,Full-time,"Business/Management, Computer & Information Systems, Engineering...",Not specified,Not specified,Enrolled or accepted in eligible accredited institution,Good academic standing,Not specified,Any,General,Equal Opportunity,International student or foreign national,Varies by award,USD,Partial,Partial,Not specified,Not specified,Not specified,Free,Varies (See official site),Annual / Semester award,Multiple,"Academic transcript, Proof of enrollment, Recommendation letter, Essay","Nationalities: Unrestricted; Host country: Thailand; Fields: Business/Management, Computer & Information Systems, Engineering....","Merit, essay response, and academic verification.",Walailak University International College is pleased to award Full Tuition Waiver Scholarships to full time undergraduate students for the 2018/19-2021/22...,Not specified,2026-09-16
SCH_0624,CustomerBloom Scholarship Program,International Organization / Foundation,Organization / Foundation,IEFA,https://www.iefa.org/scholarships/2516/CustomerBloom_Scholarship_Program,https://www.iefa.org/scholarships/2516/CustomerBloom_Scholarship_Program,International,International,Unrestricted,Any,Full-time,Unrestricted,Not specified,Not specified,Enrolled or accepted in eligible accredited institution,Good academic standing,Not specified,Any,General,Equal Opportunity,International student or foreign national,Varies by award,USD,Partial,Partial,Not specified,Not specified,Not specified,Free,Varies (See official site),Annual / Semester award,Multiple,"Academic transcript, Proof of enrollment, Recommendation letter, Essay",Nationalities: Unrestricted; Host country: Unrestricted; Fields: Unrestricted.,"Merit, essay response, and academic verification.",CustomerBloom wants to support the young new leaders in the digital agency market and help people of influence who bring...,Not specified,2026-09-16
SCH_0625,"Postdoctoral Fellowship sponsored by the National Research Foundation, Korea",International Organization / Foundation,Organization / Foundation,IEFA,"https://www.iefa.org/scholarships/2519/Postdoctoral_Fellowship_sponsored_by_the_National_Research_Foundation,_Korea","https://www.iefa.org/scholarships/2519/Postdoctoral_Fellowship_sponsored_by_the_National_Research_Foundation,_Korea",International,International,Unrestricted,Any,Full-time,"Communications, Computer & Information Systems, Computer Animation and Technology",Not specified,Not specified,Enrolled or accepted in eligible accredited institution,Good academic standing,Not specified,Any,General,Equal Opportunity,International student or foreign national,Varies by award,USD,Partial,Partial,Not specified,Not specified,Not specified,Free,Varies (See official site),Annual / Semester award,Multiple,"Academic transcript, Proof of enrollment, Recommendation letter, Essay","Nationalities: Unrestricted; Host country: Unrestricted; Fields: Communications, Computer & Information Systems, Computer Animation and Technology.","Merit, essay response, and academic verification.","NRF announces the call for proposal of the ""Postdoctoral Fellowship Program for Foreign Researchers"". The Postdoctoral Fellowship Program...",Not specified,2026-09-16
SCH_0626,Scholarships for Public Policy Degrees,International Organization / Foundation,Organization / Foundation,IEFA,https://www.iefa.org/scholarships/2573/Scholarships_for_Public_Policy_Degrees,https://www.iefa.org/scholarships/2573/Scholarships_for_Public_Policy_Degrees,International,International,Unrestricted,Postgraduate,Full-time,"Communications, Cultural Studies, Education...",Not specified,Not specified,Enrolled or accepted in eligible accredited institution,Good academic standing,Not specified,Any,General,Equal Opportunity,International student or foreign national,Varies by award,USD,Partial,Partial,Not specified,Not specified,Not specified,Free,Varies (See official site),Annual / Semester award,Multiple,"Academic transcript, Proof of enrollment, Recommendation letter, Essay","Nationalities: Unrestricted; Host country: Unrestricted; Fields: Communications, Cultural Studies, Education....","Merit, essay response, and academic verification.",CEU School of Public Policy offers three different Master's degrees: MASTER OF PUBLIC ADMINISTRATION (MPA) (Two years) A program combining academic...,Not specified,2026-09-16
SCH_0627,International Student Scholarship at Coe College,International Organization / Foundation,Organization / Foundation,IEFA,https://www.iefa.org/scholarships/2520/International_Student_Scholarship_at_Coe_College,https://www.iefa.org/scholarships/2520/International_Student_Scholarship_at_Coe_College,USA,USA,Unrestricted,Undergraduate,Full-time,"Architecture & Design, Biology/Life Sciences, Business/Management...",Not specified,Not specified,Enrolled or accepted in eligible accredited institution,Good academic standing,Not specified,Any,General,Equal Opportunity,International student or foreign national,Varies by award,USD,Partial,Partial,Not specified,Not specified,Not specified,Free,Varies (See official site),Annual / Semester award,Multiple,"Academic transcript, Proof of enrollment, Recommendation letter, Essay","Nationalities: Unrestricted; Host country: United States; Fields: Architecture & Design, Biology/Life Sciences, Business/Management....","Merit, essay response, and academic verification.",International Scholarships- Merit-based scholarships are awarded based on your academic performance in high school and exams such as the SAT. All...,Not specified,2026-09-16
SCH_0628,Full Scholarship for High School Students,International Organization / Foundation,Organization / Foundation,IEFA,https://www.iefa.org/scholarships/2636/Full_Scholarship_for_High_School_Students,https://www.iefa.org/scholarships/2636/Full_Scholarship_for_High_School_Students,China,China,Unrestricted,Undergraduate,Full-time,Unrestricted,Not specified,Not specified,Enrolled or accepted in eligible accredited institution,Good academic standing,Not specified,Any,General,Equal Opportunity,International student or foreign national,Varies by award,USD,Partial,Partial,Not specified,Not specified,Not specified,Free,Varies (See official site),Annual / Semester award,Multiple,"Academic transcript, Proof of enrollment, Recommendation letter, Essay",Nationalities: Unrestricted; Host country: China; Fields: Unrestricted.,"Merit, essay response, and academic verification.",Alcanta International College is an international high school with grade 9 to grade 12. It also offers International Baccalaureate Diploma...,Not specified,2026-09-16
SCH_0629,Scholarship Essay Contest,International Organization / Foundation,Organization / Foundation,IEFA,https://www.iefa.org/scholarships/2967/Scholarship_Essay_Contest,https://www.iefa.org/scholarships/2967/Scholarship_Essay_Contest,International,International,Unrestricted,Any,Full-time,Unrestricted,Not specified,Not specified,Enrolled or accepted in eligible accredited institution,Good academic standing,Not specified,Any,General,Equal Opportunity,International student or foreign national,Varies by award,USD,Partial,Partial,Not specified,Not specified,Not specified,Free,Varies (See official site),Annual / Semester award,Multiple,"Academic transcript, Proof of enrollment, Recommendation letter, Essay",Nationalities: Unrestricted; Host country: Unrestricted; Fields: Unrestricted.,"Merit, essay response, and academic verification.","At the beginning of each term, most students enter deadlines and other due dates from all their courses onto a...",Not specified,2026-09-16
SCH_0630,British Council-IELTS Award 2017,International Organization / Foundation,Organization / Foundation,IEFA,https://www.iefa.org/scholarships/2834/British_Council-IELTS_Award_2017,https://www.iefa.org/scholarships/2834/British_Council-IELTS_Award_2017,International,International,Unrestricted,Any,Full-time,Unrestricted,Not specified,Not specified,Enrolled or accepted in eligible accredited institution,Good academic standing,Not specified,Any,General,Equal Opportunity,International student or foreign national,Varies by award,USD,Partial,Partial,Not specified,Not specified,Not specified,Free,Varies (See official site),Annual / Semester award,Multiple,"Academic transcript, Proof of enrollment, Recommendation letter, Essay",Nationalities: Unrestricted; Host country: Unrestricted; Fields: Unrestricted.,"Merit, essay response, and academic verification.","Creating opportunities that can change lives, we established the British Council IELTS Award in order to assist high calibre individuals...",Not specified,2026-09-16
SCH_0631,"Creative Short Courses in London, Summer 2018",University of Arts London,Organization / Foundation,IEFA,"https://www.iefa.org/scholarships/3066/Creative_Short_Courses_in_London,_Summer_2018","https://www.iefa.org/scholarships/3066/Creative_Short_Courses_in_London,_Summer_2018",International,International,Unrestricted,Any,Full-time,Unrestricted,Not specified,Not specified,Enrolled or accepted in eligible accredited institution,Good academic standing,Not specified,Any,General,Equal Opportunity,International student or foreign national,Varies by award,USD,Partial,Partial,Not specified,Not specified,Not specified,Free,Varies (See official site),Annual / Semester award,Multiple,"Academic transcript, Proof of enrollment, Recommendation letter, Essay",Nationalities: Unrestricted; Host country: Unrestricted; Fields: Unrestricted.,"Merit, essay response, and academic verification.",Get inspired by a Short Course at University of Arts London. Participate in the Sqore Challenge to win 50% off...,Not specified,2026-09-16
SCH_0632,Fulbright Scholarships For Non-US Citizens,International Organization / Foundation,Organization / Foundation,IEFA,https://www.iefa.org/scholarships/313/Fulbright_Scholarships_For_Non-US_Citizens,https://www.iefa.org/scholarships/313/Fulbright_Scholarships_For_Non-US_Citizens,USA,USA,Unrestricted,Any,Full-time,Unrestricted,Not specified,Not specified,Enrolled or accepted in eligible accredited institution,Good academic standing,Not specified,Any,General,Equal Opportunity,International student or foreign national,Varies by award,USD,Partial,Partial,Not specified,Not specified,Not specified,Free,Varies (See official site),Annual / Semester award,Multiple,"Academic transcript, Proof of enrollment, Recommendation letter, Essay",Nationalities: Unrestricted; Host country: United States; Fields: Unrestricted.,"Merit, essay response, and academic verification.",The Fulbright Program provides orientation and enrichment opportunities to enhance the Fulbright Program experience in the United States. More than half...,Not specified,2026-09-16
SCH_0633,15-Minute MindSumo Mini-Scholarships,International Organization / Foundation,Organization / Foundation,IEFA,https://www.iefa.org/scholarships/2874/15-Minute_MindSumo_Mini-Scholarships,https://www.iefa.org/scholarships/2874/15-Minute_MindSumo_Mini-Scholarships,International,International,Unrestricted,Any,Full-time,Unrestricted,Not specified,Not specified,Enrolled or accepted in eligible accredited institution,Good academic standing,Not specified,Any,General,Equal Opportunity,International student or foreign national,Varies by award,USD,Partial,Partial,Not specified,Not specified,Not specified,Free,Varies (See official site),Annual / Semester award,Multiple,"Academic transcript, Proof of enrollment, Recommendation letter, Essay",Nationalities: Unrestricted; Host country: Unrestricted; Fields: Unrestricted.,"Merit, essay response, and academic verification.","MindSumo partners with Fortune 500 companies to create business and engineering ""challenges"" for students to solve. We are now using...",Not specified,2026-09-16
SCH_0634,Educational Testing Service Postdoctoral Fellowship Program,International Organization / Foundation,Organization / Foundation,IEFA,https://www.iefa.org/scholarships/461/Educational_Testing_Service_Postdoctoral_Fellowship_Program,https://www.iefa.org/scholarships/461/Educational_Testing_Service_Postdoctoral_Fellowship_Program,International,International,Unrestricted,Any,Full-time,Unrestricted,Not specified,Not specified,Enrolled or accepted in eligible accredited institution,Good academic standing,Not specified,Any,General,Equal Opportunity,International student or foreign national,Varies by award,USD,Partial,Partial,Not specified,Not specified,Not specified,Free,Varies (See official site),Annual / Semester award,Multiple,"Academic transcript, Proof of enrollment, Recommendation letter, Essay",Nationalities: Unrestricted; Host country: Unrestricted; Fields: Unrestricted.,"Merit, essay response, and academic verification.",Award for individuals with a doctorate in a relevant discipline.,Not specified,2026-09-16
SCH_0635,European PhD Flavor Research Bursary for first year PhD students - 2018/2019,International Organization / Foundation,Organization / Foundation,IEFA,https://www.iefa.org/scholarships/2726/European_PhD_Flavor_Research_Bursary_for_first_year_PhD_students_-_2018_2019,https://www.iefa.org/scholarships/2726/European_PhD_Flavor_Research_Bursary_for_first_year_PhD_students_-_2018_2019,"Austria, Belgium, Bulgaria...","Austria, Belgium, Bulgaria...",Unrestricted,Postgraduate,Full-time,"Biology/Life Sciences, Psychology, Agriculture...",Not specified,Not specified,Enrolled or accepted in eligible accredited institution,Good academic standing,Not specified,Any,General,Equal Opportunity,International student or foreign national,Varies by award,EUR,Partial,Partial,Not specified,Not specified,Not specified,Free,Varies (See official site),Annual / Semester award,Multiple,"Academic transcript, Proof of enrollment, Recommendation letter, Essay","Nationalities: Unrestricted; Host country: Austria, Belgium, Bulgaria...; Fields: Biology/Life Sciences, Psychology, Agriculture....","Merit, essay response, and academic verification.",Applications for European PhD Flavor Research Award & Bursaries. The programme aims to raise the profile of flavor science research in...,Not specified,2026-09-16
SCH_0636,75% Global Scholarships to study Online at Uni of South Wales,International Organization / Foundation,Organization / Foundation,IEFA,https://www.iefa.org/scholarships/3151/75*percent_Global_Scholarships_to_study_Online_at_Uni_of_South_Wales,https://www.iefa.org/scholarships/3151/75*percent_Global_Scholarships_to_study_Online_at_Uni_of_South_Wales,International,International,Unrestricted,Any,Full-time,"Business/Management, Education, Health Professions...",Not specified,Not specified,Enrolled or accepted in eligible accredited institution,Good academic standing,Not specified,Any,General,Equal Opportunity,International student or foreign national,Varies by award,USD,Partial,Partial,Not specified,Not specified,Not specified,Free,Varies (See official site),Annual / Semester award,Multiple,"Academic transcript, Proof of enrollment, Recommendation letter, Essay","Nationalities: Unrestricted; Host country: Unrestricted; Fields: Business/Management, Education, Health Professions....","Merit, essay response, and academic verification.",The University of South Wales is a major player in UK higher education and is renowned for its partnerships with...,Not specified,2026-09-16
SCH_0637,M.Sc. in Nursing Management,International Organization / Foundation,Organization / Foundation,IEFA,https://www.iefa.org/scholarships/2757/M.Sc._in_Nursing_Management,https://www.iefa.org/scholarships/2757/M.Sc._in_Nursing_Management,Iran,Iran,World,Postgraduate,Full-time,Nursing,Not specified,Not specified,Enrolled or accepted in eligible accredited institution,Good academic standing,Not specified,Any,General,Equal Opportunity,International student or foreign national,Varies by award,USD,Partial,Partial,Not specified,Not specified,Not specified,Free,Varies (See official site),Annual / Semester award,Multiple,"Academic transcript, Proof of enrollment, Recommendation letter, Essay",Nationalities: World; Host country: Iran; Fields: Nursing.,"Merit, essay response, and academic verification.",This is an exciting programme designed to offer postgraduate education of nurses in a range of clinical environments and geographical...,Not specified,2026-09-16
SCH_0638,BG Success Scholarship,International Organization / Foundation,Organization / Foundation,IEFA,https://www.iefa.org/scholarships/2776/BG_Success_Scholarship,https://www.iefa.org/scholarships/2776/BG_Success_Scholarship,International,International,Unrestricted,Any,Full-time,Unrestricted,Not specified,Not specified,Enrolled or accepted in eligible accredited institution,Good academic standing,Not specified,Any,General,Equal Opportunity,International student or foreign national,Varies by award,USD,Partial,Partial,Not specified,Not specified,Not specified,Free,Varies (See official site),Annual / Semester award,Multiple,"Academic transcript, Proof of enrollment, Recommendation letter, Essay",Nationalities: Unrestricted; Host country: Unrestricted; Fields: Unrestricted.,"Merit, essay response, and academic verification.","This scholarship provides more than one-half off the non-resident fee to full-time non-Ohio residents (current value = $4,000). Eligibility is...",Not specified,2026-09-16
SCH_0639,Critical Language Scholarship Program,International Organization / Foundation,Organization / Foundation,IEFA,https://www.iefa.org/scholarships/2795/Critical_Language_Scholarship_Program,https://www.iefa.org/scholarships/2795/Critical_Language_Scholarship_Program,India,India,United States,Postgraduate,Full-time,Unrestricted,Not specified,Not specified,Enrolled or accepted in eligible accredited institution,Good academic standing,Not specified,Any,General,Equal Opportunity,International student or foreign national,Varies by award,USD,Partial,Partial,Not specified,Not specified,Not specified,Free,Varies (See official site),Annual / Semester award,Multiple,"Academic transcript, Proof of enrollment, Recommendation letter, Essay","Nationalities: United States; Host country: Azerbaijan, China, India...; Fields: Unrestricted.","Merit, essay response, and academic verification.",The Critical Language Scholarship (CLS) Program is a fully-funded overseas language and cultural immersion program for American undergraduate and graduate...,Not specified,2026-09-16
SCH_0640,Volunteer of the Year,International Organization / Foundation,Organization / Foundation,IEFA,https://www.iefa.org/scholarships/2801/Volunteer_of_the_Year,https://www.iefa.org/scholarships/2801/Volunteer_of_the_Year,International,International,Unrestricted,Any,Full-time,Unrestricted,Not specified,Not specified,Enrolled or accepted in eligible accredited institution,Good academic standing,Not specified,Any,General,Equal Opportunity,International student or foreign national,Varies by award,USD,Partial,Partial,Not specified,Not specified,Not specified,Free,Varies (See official site),Annual / Semester award,Multiple,"Academic transcript, Proof of enrollment, Recommendation letter, Essay",Nationalities: Unrestricted; Host country: Unrestricted; Fields: Unrestricted.,"Merit, essay response, and academic verification.","At International Volunteer HQ, we believe that travelers should be empowered to make meaningful contributions to the communities that they...",Not specified,2026-09-16
SCH_0641,International Summer Study Scholarship,WashU next summer,Organization / Foundation,IEFA,https://www.iefa.org/scholarships/2810/International_Summer_Study_Scholarship,https://www.iefa.org/scholarships/2810/International_Summer_Study_Scholarship,International,International,Unrestricted,Any,Full-time,Unrestricted,Not specified,Not specified,Enrolled or accepted in eligible accredited institution,Good academic standing,Not specified,Any,General,Equal Opportunity,International student or foreign national,Varies by award,USD,Partial,Partial,Not specified,Not specified,Not specified,Free,Varies (See official site),Annual / Semester award,Multiple,"Academic transcript, Proof of enrollment, Recommendation letter, Essay",Nationalities: Unrestricted; Host country: Unrestricted; Fields: Unrestricted.,"Merit, essay response, and academic verification.",Broaden your horizon at WashU next summer. Our International Summer Study program invites you to join students from around the...,Not specified,2026-09-16
SCH_0642,Share Your Talent Scholarship,International Organization / Foundation,Organization / Foundation,IEFA,https://www.iefa.org/scholarships/2825/Share_Your_Talent_Scholarship,https://www.iefa.org/scholarships/2825/Share_Your_Talent_Scholarship,USA,USA,Unrestricted,Any,Full-time,Unrestricted,Not specified,Not specified,Enrolled or accepted in eligible accredited institution,Good academic standing,Not specified,Any,General,Equal Opportunity,International student or foreign national,Varies by award,USD,Partial,Partial,Not specified,Not specified,Not specified,Free,Varies (See official site),Annual / Semester award,Multiple,"Academic transcript, Proof of enrollment, Recommendation letter, Essay",Nationalities: Unrestricted; Host country: United States; Fields: Unrestricted.,"Merit, essay response, and academic verification.","Whether it’s playing an instrument, a physical talent, or any other special skill you have, we want to hear how...",Not specified,2026-09-16
SCH_0643,Vivint Smart Home Scholarship,International Organization / Foundation,Organization / Foundation,IEFA,https://www.iefa.org/scholarships/2826/Vivint_Smart_Home_Scholarship,https://www.iefa.org/scholarships/2826/Vivint_Smart_Home_Scholarship,USA,USA,United States,Any,Full-time,"Architecture & Design, Business/Management, Communications...",Not specified,Not specified,Enrolled or accepted in eligible accredited institution,Good academic standing,Not specified,Any,General,Equal Opportunity,International student or foreign national,Varies by award,USD,Partial,Partial,Not specified,Not specified,Not specified,Free,Varies (See official site),Annual / Semester award,Multiple,"Academic transcript, Proof of enrollment, Recommendation letter, Essay","Nationalities: United States; Host country: United States; Fields: Architecture & Design, Business/Management, Communications....","Merit, essay response, and academic verification.","Vivint Smart Home is pleased to promote higher education and give back to the community with a $5,000 scholarship.",Not specified,2026-09-16
SCH_0644,AlgaeCal Health Scholarship,International Organization / Foundation,Organization / Foundation,IEFA,https://www.iefa.org/scholarships/2842/AlgaeCal_Health_Scholarship,https://www.iefa.org/scholarships/2842/AlgaeCal_Health_Scholarship,Canada,USA,Unrestricted,Any,Full-time,Unrestricted,Not specified,Not specified,Enrolled or accepted in eligible accredited institution,Good academic standing,Not specified,Any,General,Equal Opportunity,International student or foreign national,Varies by award,USD,Partial,Partial,Not specified,Not specified,Not specified,Free,Varies (See official site),Annual / Semester award,Multiple,"Academic transcript, Proof of enrollment, Recommendation letter, Essay",Nationalities: Unrestricted; Host country: Canada and United States; Fields: Unrestricted.,"Merit, essay response, and academic verification.",Do you have a passion for health and wellness? Are you one of the hundreds of thousands of students across...,Not specified,2026-09-16
SCH_0645,Excellence scholarship EEA,International Organization / Foundation,Organization / Foundation,IEFA,https://www.iefa.org/scholarships/2854/Excellence_scholarship_EEA,https://www.iefa.org/scholarships/2854/Excellence_scholarship_EEA,Netherlands,Netherlands,"Bulgaria, Romania and United Kingdom",Any,Full-time,"Business/Management, Marketing, Mathematics...",Not specified,Not specified,Enrolled or accepted in eligible accredited institution,Good academic standing,Not specified,Any,General,Equal Opportunity,International student or foreign national,Varies by award,USD,Partial,Partial,Not specified,Not specified,Not specified,Free,Varies (See official site),Annual / Semester award,Multiple,"Academic transcript, Proof of enrollment, Recommendation letter, Essay","Nationalities: Bulgaria, Romania and United Kingdom; Host country: Netherlands; Fields: Business/Management, Marketing, Mathematics....","Merit, essay response, and academic verification.",Tilburg School of Economics and Management aims to attract the world’s brightest students to its international classrooms. The School is...,Not specified,2026-09-16
SCH_0646,Saint Martin's University International Student Merit Scholarship,Saint Martin's University,Organization / Foundation,IEFA,https://www.iefa.org/scholarships/2885/Saint_Martin's_University_International_Student_Merit_Scholarship,https://www.iefa.org/scholarships/2885/Saint_Martin's_University_International_Student_Merit_Scholarship,USA,USA,Unrestricted,Any,Full-time,Unrestricted,Not specified,Not specified,Enrolled or accepted in eligible accredited institution,Good academic standing,Not specified,Any,General,Equal Opportunity,International student or foreign national,Varies by award,USD,Partial,Partial,Not specified,Not specified,Not specified,Free,Varies (See official site),Annual / Semester award,Multiple,"Academic transcript, Proof of enrollment, Recommendation letter, Essay",Nationalities: Unrestricted; Host country: United States; Fields: Unrestricted.,"Merit, essay response, and academic verification.","International student merit scholarships are based on academic history. To receive consideration, your scholarship application must be submitted along with...",Not specified,2026-09-16
SCH_0647,MIT - Zaragoza African Supply Chain Professional Scholarships,International Organization / Foundation,Organization / Foundation,IEFA,https://www.iefa.org/scholarships/1851/MIT_-_Zaragoza_African_Supply_Chain_Professional_Scholarships,https://www.iefa.org/scholarships/1851/MIT_-_Zaragoza_African_Supply_Chain_Professional_Scholarships,International,International,"Algeria, Angola, Benin...",Postgraduate,Full-time,"Business/Management, Computer & Information Systems, Engineering...",Not specified,Not specified,Enrolled or accepted in eligible accredited institution,Good academic standing,Not specified,Any,General,Equal Opportunity,International student or foreign national,Varies by award,USD,Partial,Partial,Not specified,Not specified,Not specified,Free,Varies (See official site),Annual / Semester award,Multiple,"Academic transcript, Proof of enrollment, Recommendation letter, Essay","Nationalities: Algeria, Angola, Benin...; Host country: Unrestricted; Fields: Business/Management, Computer & Information Systems, Engineering....","Merit, essay response, and academic verification.",Zaragoza Logistics Center (ZLC) currently provides a number of scholarships each year for students of the MIT-Zaragoza Master of Engineering in...,Not specified,2026-09-16
SCH_0648,David Oyedepo Foundation Special Scholarship Award for Refugees,International Organization / Foundation,Organization / Foundation,IEFA,https://www.iefa.org/scholarships/2943/David_Oyedepo_Foundation_Special_Scholarship_Award_for_Refugees,https://www.iefa.org/scholarships/2943/David_Oyedepo_Foundation_Special_Scholarship_Award_for_Refugees,Nigeria,Nigeria,Unrestricted,Any,Full-time,Unrestricted,Not specified,Not specified,Enrolled or accepted in eligible accredited institution,Good academic standing,Not specified,Any,General,Equal Opportunity,International student or foreign national,Varies by award,USD,Partial,Partial,Not specified,Not specified,Not specified,Free,Varies (See official site),Annual / Semester award,Multiple,"Academic transcript, Proof of enrollment, Recommendation letter, Essay",Nationalities: Unrestricted; Host country: Nigeria; Fields: Unrestricted.,"Merit, essay response, and academic verification.",The David Oyedepo Foundation Special scholarship program for Refugees is one of our major platforms for promoting the Foundation’s vision...,Not specified,2026-09-16
SCH_0649,New International Student Academic Achievement/President’s Merit Award,International Organization / Foundation,Organization / Foundation,IEFA,https://www.iefa.org/scholarships/2946/New_International_Student_Academic_Achievement_President’s_Merit_Award_,https://www.iefa.org/scholarships/2946/New_International_Student_Academic_Achievement_President’s_Merit_Award_,USA,USA,Unrestricted,Any,Full-time,"Business/Management, Computer & Information Systems and Teaching English to Speakers of Other Languages (TESOL)",Not specified,Not specified,Enrolled or accepted in eligible accredited institution,Good academic standing,Not specified,Any,General,Equal Opportunity,International student or foreign national,Varies by award,USD,Partial,Partial,Not specified,Not specified,Not specified,Free,Varies (See official site),Annual / Semester award,Multiple,"Academic transcript, Proof of enrollment, Recommendation letter, Essay","Nationalities: Unrestricted; Host country: United States; Fields: Business/Management, Computer & Information Systems and Teaching English to Speakers of Other Languages (TESOL).","Merit, essay response, and academic verification.","President’s Merit Award Scholarship: A $5,000 scholarship disbursed evenly during the first three quarters of enrollment in the student’s selected...",Not specified,2026-09-16
SCH_0650,Sitka Start Scholarship,International Organization / Foundation,Organization / Foundation,IEFA,https://www.iefa.org/scholarships/2945/Sitka_Start_Scholarship,https://www.iefa.org/scholarships/2945/Sitka_Start_Scholarship,International,International,Unrestricted,Undergraduate,Full-time,Unrestricted,Not specified,Not specified,Enrolled or accepted in eligible accredited institution,Good academic standing,Not specified,Any,General,Equal Opportunity,International student or foreign national,Varies by award,USD,Partial,Partial,Not specified,Not specified,Not specified,Free,Varies (See official site),Annual / Semester award,Multiple,"Academic transcript, Proof of enrollment, Recommendation letter, Essay",Nationalities: Unrestricted; Host country: Unrestricted; Fields: Unrestricted.,"Merit, essay response, and academic verification.",Stay home in Sitka for your first year after high school graduation while going to college on campus with fellow...,Not specified,2026-09-16
SCH_0651,International President’s Honorary Scholarship for Truman State Applicants,International Organization / Foundation,Organization / Foundation,IEFA,https://www.iefa.org/scholarships/2950/International_President’s_Honorary_Scholarship_for_Truman_State_Applicants,https://www.iefa.org/scholarships/2950/International_President’s_Honorary_Scholarship_for_Truman_State_Applicants,International,International,Unrestricted,Any,Full-time,Unrestricted,Not specified,Not specified,Enrolled or accepted in eligible accredited institution,Good academic standing,Not specified,Any,General,Equal Opportunity,International student or foreign national,Varies by award,USD,Partial,Partial,Not specified,Not specified,Not specified,Free,Varies (See official site),Annual / Semester award,Multiple,"Academic transcript, Proof of enrollment, Recommendation letter, Essay",Nationalities: Unrestricted; Host country: Unrestricted; Fields: Unrestricted.,"Merit, essay response, and academic verification.",Truman State University recognizes outstanding academic performance and extracurricular involvement by offering a significant scholarship program for Truman international students....,Not specified,2026-09-16
SCH_0652,Regional Scholarship,International Organization / Foundation,Organization / Foundation,IEFA,https://www.iefa.org/scholarships/2958/Regional_Scholarship_,https://www.iefa.org/scholarships/2958/Regional_Scholarship_,International,International,Unrestricted,Any,Full-time,"Business/Management, Public Administration, Teaching English to Speakers of Other Languages (TESOL)...",Not specified,Not specified,Enrolled or accepted in eligible accredited institution,Good academic standing,Not specified,Any,General,Equal Opportunity,International student or foreign national,Varies by award,USD,Partial,Partial,Not specified,Not specified,Not specified,Free,Varies (See official site),Annual / Semester award,Multiple,"Academic transcript, Proof of enrollment, Recommendation letter, Essay","Nationalities: Unrestricted; Host country: Unrestricted; Fields: Business/Management, Public Administration, Teaching English to Speakers of Other Languages (TESOL)....","Merit, essay response, and academic verification.",Open to prospective students from the following regions: North America and the Caribbean ? Central and South America ? Sub-Saharan Africa ? East Asia...,Not specified,2026-09-16
SCH_0653,MSc in International Business,International Organization / Foundation,Organization / Foundation,IEFA,https://www.iefa.org/scholarships/3031/MSc_in_International_Business,https://www.iefa.org/scholarships/3031/MSc_in_International_Business,International,International,Unrestricted,Postgraduate,Full-time,Unrestricted,Not specified,Not specified,Enrolled or accepted in eligible accredited institution,Good academic standing,Not specified,Any,General,Equal Opportunity,International student or foreign national,Varies by award,USD,Partial,Partial,Not specified,Not specified,Not specified,Free,Varies (See official site),Annual / Semester award,Multiple,"Academic transcript, Proof of enrollment, Recommendation letter, Essay",Nationalities: Unrestricted; Host country: Unrestricted; Fields: Unrestricted.,"Merit, essay response, and academic verification.","The Master of Science in International Business is a 15 months, full English language program, designed for high-potential students with...",Not specified,2026-09-16
SCH_0654,Is internet addiction physical or behavioral?,International Organization / Foundation,Organization / Foundation,IEFA,https://www.iefa.org/scholarships/2966/Is_internet_addiction_physical_or_behavioral?,https://www.iefa.org/scholarships/2966/Is_internet_addiction_physical_or_behavioral?,International,International,Unrestricted,Postgraduate,Full-time,Other,Not specified,Not specified,Enrolled or accepted in eligible accredited institution,Good academic standing,Not specified,Any,General,Equal Opportunity,International student or foreign national,Varies by award,USD,Partial,Partial,Not specified,Not specified,Not specified,Free,Varies (See official site),Annual / Semester award,Multiple,"Academic transcript, Proof of enrollment, Recommendation letter, Essay",Nationalities: Unrestricted; Host country: Unrestricted; Fields: Other.,"Merit, essay response, and academic verification.",This is a merit-based scholarship that focuses on finding and awarding talented undergraduate students by giving them a chance of...,Not specified,2026-09-16
SCH_0655,Go Overseas Study & Intern Abroad Scholarship,International Organization / Foundation,Organization / Foundation,IEFA,https://www.iefa.org/scholarships/1844/Go_Overseas_Study_&_Intern_Abroad_Scholarship,https://www.iefa.org/scholarships/1844/Go_Overseas_Study_&_Intern_Abroad_Scholarship,International,International,Unrestricted,Any,Full-time,Unrestricted,Not specified,Not specified,Enrolled or accepted in eligible accredited institution,Good academic standing,Not specified,Any,General,Equal Opportunity,International student or foreign national,Varies by award,USD,Partial,Partial,Not specified,Not specified,Not specified,Free,Varies (See official site),Annual / Semester award,Multiple,"Academic transcript, Proof of enrollment, Recommendation letter, Essay",Nationalities: Unrestricted; Host country: Unrestricted; Fields: Unrestricted.,"Merit, essay response, and academic verification.",Go Overseas is proud to support international education through scholarships available to students participating in study and intern abroad programs....,Not specified,2026-09-16
SCH_0656,International Scholarships at Lewis-Clark State College,International Organization / Foundation,Organization / Foundation,IEFA,https://www.iefa.org/scholarships/2615/International_Scholarships_at_Lewis-Clark_State_College,https://www.iefa.org/scholarships/2615/International_Scholarships_at_Lewis-Clark_State_College,International,International,Unrestricted,Any,Full-time,Unrestricted,Not specified,Not specified,Enrolled or accepted in eligible accredited institution,Good academic standing,Not specified,Any,General,Equal Opportunity,International student or foreign national,Varies by award,USD,Partial,Partial,Not specified,Not specified,Not specified,Free,Varies (See official site),Annual / Semester award,Multiple,"Academic transcript, Proof of enrollment, Recommendation letter, Essay",Nationalities: Unrestricted; Host country: Unrestricted; Fields: Unrestricted.,"Merit, essay response, and academic verification.","Lewis-Clark State College offers international out-of-state tuition scholarships to qualified international students. To apply, interested students should submit a one-page...",Not specified,2026-09-16
SCH_0657,"Up to $5,000 USD of International Tuition Remission and Scholarship",International Organization / Foundation,Organization / Foundation,IEFA,"https://www.iefa.org/scholarships/2622/Up_to_$5,000_USD_of_International_Tuition_Remission_and_Scholarship","https://www.iefa.org/scholarships/2622/Up_to_$5,000_USD_of_International_Tuition_Remission_and_Scholarship",USA,USA,Unrestricted,Postgraduate,Full-time,Unrestricted,Not specified,Not specified,Enrolled or accepted in eligible accredited institution,Good academic standing,Not specified,Any,General,Equal Opportunity,International student or foreign national,Varies by award,USD,Partial,Partial,Not specified,Not specified,Not specified,Free,Varies (See official site),Annual / Semester award,Multiple,"Academic transcript, Proof of enrollment, Recommendation letter, Essay",Nationalities: Unrestricted; Host country: United States; Fields: Unrestricted.,"Merit, essay response, and academic verification.",The scholarships are for international students who are admitted into one of the undergraduate degree programs at the University...,Not specified,2026-09-16
SCH_0658,Creative workforce transition scholarship,International Organization / Foundation,Organization / Foundation,IEFA,https://www.iefa.org/scholarships/2606/Creative_workforce_transition_scholarship,https://www.iefa.org/scholarships/2606/Creative_workforce_transition_scholarship,International,International,Unrestricted,Any,Full-time,Unrestricted,Not specified,Not specified,Enrolled or accepted in eligible accredited institution,Good academic standing,Not specified,Any,General,Equal Opportunity,International student or foreign national,Varies by award,USD,Partial,Partial,Not specified,Not specified,Not specified,Free,Varies (See official site),Annual / Semester award,Multiple,"Academic transcript, Proof of enrollment, Recommendation letter, Essay",Nationalities: Unrestricted; Host country: Unrestricted; Fields: Unrestricted.,"Merit, essay response, and academic verification.",We established Creative Workforce Transition scholarship to share the best ideas about how to find the first job. We are...,Not specified,2026-09-16
SCH_0659,AvaCare Medical Scholarship,International Organization / Foundation,Organization / Foundation,IEFA,https://www.iefa.org/scholarships/2738/AvaCare_Medical_Scholarship,https://www.iefa.org/scholarships/2738/AvaCare_Medical_Scholarship,USA,USA,United States,Any,Full-time,"Health Professions, Nursing, Dental/Orthodontics...",Not specified,Not specified,Enrolled or accepted in eligible accredited institution,Good academic standing,Not specified,Any,General,Equal Opportunity,International student or foreign national,Varies by award,USD,Partial,Partial,Not specified,Not specified,Not specified,Free,Varies (See official site),Annual / Semester award,Multiple,"Academic transcript, Proof of enrollment, Recommendation letter, Essay","Nationalities: United States; Host country: United States; Fields: Health Professions, Nursing, Dental/Orthodontics....","Merit, essay response, and academic verification.","The AvaCare Medical Scholarship recognizes those who are working to better the lives of our customers, students who are pursuing...",Not specified,2026-09-16
SCH_0660,Making a Difference College Scholarship,International Organization / Foundation,Organization / Foundation,IEFA,https://www.iefa.org/scholarships/2837/Making_a_Difference_College_Scholarship,https://www.iefa.org/scholarships/2837/Making_a_Difference_College_Scholarship,International,International,Unrestricted,Postgraduate,Full-time,Unrestricted,Not specified,Not specified,Enrolled or accepted in eligible accredited institution,Good academic standing,Not specified,Any,General,Equal Opportunity,International student or foreign national,Varies by award,USD,Partial,Partial,Not specified,Not specified,Not specified,Free,Varies (See official site),Annual / Semester award,Multiple,"Academic transcript, Proof of enrollment, Recommendation letter, Essay",Nationalities: Unrestricted; Host country: Unrestricted; Fields: Unrestricted.,"Merit, essay response, and academic verification.","The Making a Difference College Scholarship provides five (5) $1,500 scholarships to undergraduate and graduate students who are enrolled in...",Not specified,2026-09-16
SCH_0661,AAUW International Fellowships,International Organization / Foundation,Organization / Foundation,IEFA,https://www.iefa.org/scholarships/912/AAUW_International_Fellowships,https://www.iefa.org/scholarships/912/AAUW_International_Fellowships,USA,USA,Unrestricted,Any,Full-time,Unrestricted,Not specified,Not specified,Enrolled or accepted in eligible accredited institution,Good academic standing,Not specified,Any,General,Equal Opportunity,International student or foreign national,Varies by award,USD,Partial,Partial,Not specified,Not specified,Not specified,Free,Varies (See official site),Annual / Semester award,Multiple,"Academic transcript, Proof of enrollment, Recommendation letter, Essay",Nationalities: Unrestricted; Host country: United States; Fields: Unrestricted.,"Merit, essay response, and academic verification.",International Fellowships are awarded for full-time study or research to women who are not United States citizens or permanent residents....,Not specified,2026-09-16
SCH_0662,Undergraduate International Merit Scholarships,International Organization / Foundation,Organization / Foundation,IEFA,https://www.iefa.org/scholarships/2188/Undergraduate_International_Merit_Scholarships_,https://www.iefa.org/scholarships/2188/Undergraduate_International_Merit_Scholarships_,International,International,Unrestricted,Postgraduate,Full-time,Unrestricted,Not specified,Not specified,Enrolled or accepted in eligible accredited institution,Good academic standing,Not specified,Any,General,Equal Opportunity,International student or foreign national,Varies by award,USD,Partial,Partial,Not specified,Not specified,Not specified,Free,Varies (See official site),Annual / Semester award,Multiple,"Academic transcript, Proof of enrollment, Recommendation letter, Essay",Nationalities: Unrestricted; Host country: Unrestricted; Fields: Unrestricted.,"Merit, essay response, and academic verification.","A limited number of International Student Scholarships ranging from $8,000 to $21,000 are offered each year to undergraduate freshmen and...",Not specified,2026-09-16
SCH_0663,Venere Business & Tourism Scholarship,International Organization / Foundation,Organization / Foundation,IEFA,https://www.iefa.org/scholarships/2284/Venere_Business_&_Tourism_Scholarship,https://www.iefa.org/scholarships/2284/Venere_Business_&_Tourism_Scholarship,United Kingdom,USA,Unrestricted,Any,Full-time,Business/Management and Travel/Tourism,Not specified,Not specified,Enrolled or accepted in eligible accredited institution,Good academic standing,Not specified,Any,General,Equal Opportunity,International student or foreign national,Varies by award,GBP,Partial,Partial,Not specified,Not specified,Not specified,Free,Varies (See official site),Annual / Semester award,Multiple,"Academic transcript, Proof of enrollment, Recommendation letter, Essay","Nationalities: Unrestricted; Host country: Australia, United Kingdom and United States; Fields: Business/Management and Travel/Tourism.","Merit, essay response, and academic verification.","The Venere Scholarship for students of business and tourism is intended to assist in the purchase of study materials, course...",Not specified,2026-09-16
SCH_0664,You Deserve It Scholarship,International Organization / Foundation,Organization / Foundation,IEFA,https://www.iefa.org/scholarships/2824/You_Deserve_It_Scholarship,https://www.iefa.org/scholarships/2824/You_Deserve_It_Scholarship,USA,USA,Unrestricted,Any,Full-time,Unrestricted,Not specified,Not specified,Enrolled or accepted in eligible accredited institution,Good academic standing,Not specified,Any,General,Equal Opportunity,International student or foreign national,Varies by award,USD,Partial,Partial,Not specified,Not specified,Not specified,Free,Varies (See official site),Annual / Semester award,Multiple,"Academic transcript, Proof of enrollment, Recommendation letter, Essay",Nationalities: Unrestricted; Host country: United States; Fields: Unrestricted.,"Merit, essay response, and academic verification.","In order to be eligible for the You Deserve It Scholarship, you must: Be a resident of any of the 50...",Not specified,2026-09-16
SCH_0665,Minot State Presidential Award,International Organization / Foundation,Organization / Foundation,IEFA,https://www.iefa.org/scholarships/907/Minot_State_Presidential_Award,https://www.iefa.org/scholarships/907/Minot_State_Presidential_Award,USA,USA,Unrestricted,Any,Full-time,Unrestricted,Not specified,Not specified,Enrolled or accepted in eligible accredited institution,Good academic standing,Not specified,Any,General,Equal Opportunity,International student or foreign national,Varies by award,USD,Partial,Partial,Not specified,Not specified,Not specified,Free,Varies (See official site),Annual / Semester award,Multiple,"Academic transcript, Proof of enrollment, Recommendation letter, Essay",Nationalities: Unrestricted; Host country: United States; Fields: Unrestricted.,"Merit, essay response, and academic verification.",he Minot State University 4-Year award program provides a renewable 4-Year award opportunity for academically successful new freshman students. New freshman...,Not specified,2026-09-16
SCH_0666,MIT - Zaragoza Women in Logistics and SCM Scholarship,International Organization / Foundation,Organization / Foundation,IEFA,https://www.iefa.org/scholarships/2193/MIT_-_Zaragoza_Women_in_Logistics_and_SCM_Scholarship,https://www.iefa.org/scholarships/2193/MIT_-_Zaragoza_Women_in_Logistics_and_SCM_Scholarship,International,International,Unrestricted,Postgraduate,Full-time,"Business/Management, Computer & Information Systems, Engineering...",Not specified,Not specified,Enrolled or accepted in eligible accredited institution,Good academic standing,Not specified,Female,General,Equal Opportunity,International student or foreign national,Varies by award,USD,Partial,Partial,Not specified,Not specified,Not specified,Free,Varies (See official site),Annual / Semester award,Multiple,"Academic transcript, Proof of enrollment, Recommendation letter, Essay","Nationalities: Unrestricted; Host country: Unrestricted; Fields: Business/Management, Computer & Information Systems, Engineering....","Merit, essay response, and academic verification.",Zaragoza Logistics Center (ZLC) currently provides a number of scholarships each year for students of the MIT-Zaragoza Master of Engineering in...,Not specified,2026-09-16
SCH_0667,PFLAG National Scholarships,International Organization / Foundation,Organization / Foundation,IEFA,https://www.iefa.org/scholarships/1301/PFLAG_National_Scholarships,https://www.iefa.org/scholarships/1301/PFLAG_National_Scholarships,International,International,Unrestricted,Undergraduate,Full-time,"Biology/Life Sciences, Engineering, Agriculture...",Not specified,Not specified,Enrolled or accepted in eligible accredited institution,Good academic standing,Not specified,Any,General,Equal Opportunity,International student or foreign national,Varies by award,USD,Partial,Partial,Not specified,Not specified,Not specified,Free,Varies (See official site),Annual / Semester award,Multiple,"Academic transcript, Proof of enrollment, Recommendation letter, Essay","Nationalities: Unrestricted; Host country: Unrestricted; Fields: Biology/Life Sciences, Engineering, Agriculture....","Merit, essay response, and academic verification.",* Be a graduating high school senior entering higher education for the first time in fall. * Self identify...,Not specified,2026-09-16
SCH_0668,International Student Scholarships,International Organization / Foundation,Organization / Foundation,IEFA,https://www.iefa.org/scholarships/2788/International_Student_Scholarships,https://www.iefa.org/scholarships/2788/International_Student_Scholarships,USA,USA,Unrestricted,Postgraduate,Full-time,"Business/Management, Communications, Computer & Information Systems...",Not specified,Not specified,Enrolled or accepted in eligible accredited institution,Good academic standing,Not specified,Any,General,Equal Opportunity,International student or foreign national,Varies by award,USD,Partial,Partial,Not specified,Not specified,Not specified,Free,Varies (See official site),Annual / Semester award,Multiple,"Academic transcript, Proof of enrollment, Recommendation letter, Essay","Nationalities: Unrestricted; Host country: United States; Fields: Business/Management, Communications, Computer & Information Systems....","Merit, essay response, and academic verification.","The International Student Scholarships are available with a possible award of up to $5,000 per year for undergraduate students. The...",Not specified,2026-09-16
SCH_0669,Green Law Firm Nursing Home & Elderly Care Scholarship,Green Law Firm are committed,Organization / Foundation,IEFA,https://www.iefa.org/scholarships/2962/Green_Law_Firm_Nursing_Home_&_Elderly_Care_Scholarship,https://www.iefa.org/scholarships/2962/Green_Law_Firm_Nursing_Home_&_Elderly_Care_Scholarship,USA,USA,Unrestricted,Any,Full-time,Nursing,Not specified,Not specified,Enrolled or accepted in eligible accredited institution,Good academic standing,Not specified,Any,General,Equal Opportunity,International student or foreign national,Varies by award,USD,Partial,Partial,Not specified,Not specified,Not specified,Free,Varies (See official site),Annual / Semester award,Multiple,"Academic transcript, Proof of enrollment, Recommendation letter, Essay",Nationalities: Unrestricted; Host country: United States; Fields: Nursing.,"Merit, essay response, and academic verification.",Attorney Bill Green and his team at Green Law Firm are committed to improving the quality of care in nursing...,Not specified,2026-09-16
SCH_0670,Int'l Education Award,International Organization / Foundation,Organization / Foundation,IEFA,https://www.iefa.org/scholarships/2740/Int'l_Education_Award,https://www.iefa.org/scholarships/2740/Int'l_Education_Award,USA,USA,Unrestricted,Any,Full-time,"Biology/Life Sciences, Business/Management, Communications...",Not specified,Not specified,Enrolled or accepted in eligible accredited institution,Good academic standing,Not specified,Any,General,Equal Opportunity,International student or foreign national,Varies by award,USD,Partial,Partial,Not specified,Not specified,Not specified,Free,Varies (See official site),Annual / Semester award,Multiple,"Academic transcript, Proof of enrollment, Recommendation letter, Essay","Nationalities: Unrestricted; Host country: United States; Fields: Biology/Life Sciences, Business/Management, Communications....","Merit, essay response, and academic verification.",NOTE: This award is available to Troy University applicants only To Qualify: In order to obtain this scholarship students must meet...,Not specified,2026-09-16
SCH_0671,University of Denver Merit Scholarships,University,Organization / Foundation,IEFA,https://www.iefa.org/scholarships/2213/University_of_Denver_Merit_Scholarships_,https://www.iefa.org/scholarships/2213/University_of_Denver_Merit_Scholarships_,International,International,Unrestricted,Any,Full-time,Unrestricted,Not specified,Not specified,Enrolled or accepted in eligible accredited institution,Good academic standing,Not specified,Any,General,Equal Opportunity,International student or foreign national,Varies by award,USD,Partial,Partial,Not specified,Not specified,Not specified,Free,Varies (See official site),Annual / Semester award,Multiple,"Academic transcript, Proof of enrollment, Recommendation letter, Essay",Nationalities: Unrestricted; Host country: Unrestricted; Fields: Unrestricted.,"Merit, essay response, and academic verification.",Merit-based scholarships are awarded to top applicants and may be used only at the University of Denver,Not specified,2026-09-16
SCH_0672,PhD programs at the IMT School for Advanced Studies Lucca,International Organization / Foundation,Organization / Foundation,IEFA,https://www.iefa.org/scholarships/3145/PhD_programs_at_the_IMT_School_for_Advanced_Studies_Lucca,https://www.iefa.org/scholarships/3145/PhD_programs_at_the_IMT_School_for_Advanced_Studies_Lucca,International,International,Unrestricted,Postgraduate,Full-time,"Business/Management, Cultural Studies, Engineering...",Not specified,Not specified,Enrolled or accepted in eligible accredited institution,Good academic standing,Not specified,Any,General,Equal Opportunity,International student or foreign national,Varies by award,USD,Partial,Partial,Not specified,Not specified,Not specified,Free,Varies (See official site),Annual / Semester award,Multiple,"Academic transcript, Proof of enrollment, Recommendation letter, Essay","Nationalities: Unrestricted; Host country: Unrestricted; Fields: Business/Management, Cultural Studies, Engineering....","Merit, essay response, and academic verification.","Applications are now being accepted for this year- PhD Programs at the IMT School for Advanced Studies Lucca, one...",Not specified,2026-09-16
SCH_0673,Full-Tuition International Diversity Scholarship,International Organization / Foundation,Organization / Foundation,IEFA,https://www.iefa.org/scholarships/3143/Full-Tuition_International_Diversity_Scholarship,https://www.iefa.org/scholarships/3143/Full-Tuition_International_Diversity_Scholarship,International,International,Unrestricted,Any,Full-time,Unrestricted,Not specified,Not specified,Enrolled or accepted in eligible accredited institution,Good academic standing,Not specified,Any,General,Equal Opportunity,International student or foreign national,Varies by award,USD,Partial,Partial,Not specified,Not specified,Not specified,Free,Varies (See official site),Annual / Semester award,Multiple,"Academic transcript, Proof of enrollment, Recommendation letter, Essay",Nationalities: Unrestricted; Host country: Unrestricted; Fields: Unrestricted.,"Merit, essay response, and academic verification.","Awarded to Maryville College entering international students who have a demonstrated record of academic achievement, demonstrated international leadership in the...",Not specified,2026-09-16
SCH_0674,Maryville College Presidential Scholarship,International Organization / Foundation,Organization / Foundation,IEFA,https://www.iefa.org/scholarships/3144/Maryville_College_Presidential_Scholarship,https://www.iefa.org/scholarships/3144/Maryville_College_Presidential_Scholarship,International,International,Unrestricted,Any,Full-time,Unrestricted,Not specified,Not specified,Enrolled or accepted in eligible accredited institution,Good academic standing,Not specified,Any,General,Equal Opportunity,International student or foreign national,Varies by award,USD,Partial,Partial,Not specified,Not specified,Not specified,Free,Varies (See official site),Annual / Semester award,Multiple,"Academic transcript, Proof of enrollment, Recommendation letter, Essay",Nationalities: Unrestricted; Host country: Unrestricted; Fields: Unrestricted.,"Merit, essay response, and academic verification.",Maryville College has a strong scholarship program for international students and all admitted degree-seeking international students receive a scholarship. You...,Not specified,2026-09-16
SCH_0675,TL Technology Scholarship,International Organization / Foundation,Organization / Foundation,IEFA,https://www.iefa.org/scholarships/3141/TL_Technology_Scholarship_,https://www.iefa.org/scholarships/3141/TL_Technology_Scholarship_,International,International,"Afghanistan, Bangladesh, Bhutan...",Postgraduate,Full-time,"Computer & Information Systems, Game Design & Development, Web Design & Development and Computer Animation",Not specified,Not specified,Enrolled or accepted in eligible accredited institution,Good academic standing,Not specified,Any,General,Equal Opportunity,International student or foreign national,Varies by award,USD,Partial,Partial,Not specified,Not specified,Not specified,Free,Varies (See official site),Annual / Semester award,Multiple,"Academic transcript, Proof of enrollment, Recommendation letter, Essay","Nationalities: Afghanistan, Bangladesh, Bhutan...; Host country: Unrestricted; Fields: Computer & Information Systems, Game Design & Development, Web Design & Development and Computer Animation.","Merit, essay response, and academic verification.",The TL (TechLekh) Technology Scholarship 2018/2019 program offers $1000 per undergraduate or postgraduate scholarship on the merit basis to the...,Not specified,2026-09-16
SCH_0676,MAHE Diversity Scholarship Award,Africa,Organization / Foundation,IEFA,https://www.iefa.org/scholarships/3142/MAHE_Diversity_Scholarship_Award,https://www.iefa.org/scholarships/3142/MAHE_Diversity_Scholarship_Award,International,International,Unrestricted,Any,Full-time,"Biology/Life Sciences, Business/Management, Communications...",Not specified,Not specified,Enrolled or accepted in eligible accredited institution,Good academic standing,Not specified,Any,General,Equal Opportunity,International student or foreign national,Varies by award,USD,Partial,Partial,Not specified,Not specified,Not specified,Free,Varies (See official site),Annual / Semester award,Multiple,"Academic transcript, Proof of enrollment, Recommendation letter, Essay","Nationalities: Unrestricted; Host country: Unrestricted; Fields: Biology/Life Sciences, Business/Management, Communications....","Merit, essay response, and academic verification.","MAHE, Dubai campus (www.manipaldubai.com) offers upto 30% scholarships and registration fee waiver to students from Africa and CIS countries....",Not specified,2026-09-16
SCH_0677,CONTENT WRITING SCHOLARSHIP PROGRAM IN SINGAPORE BY KVR WEBTECH,International Organization / Foundation,Organization / Foundation,IEFA,https://www.iefa.org/scholarships/3140/CONTENT_WRITING_SCHOLARSHIP_PROGRAM_IN_SINGAPORE_BY_KVR_WEBTECH,https://www.iefa.org/scholarships/3140/CONTENT_WRITING_SCHOLARSHIP_PROGRAM_IN_SINGAPORE_BY_KVR_WEBTECH,Singapore,Singapore,Singapore,Any,Full-time,Creative Writing,Not specified,Not specified,Enrolled or accepted in eligible accredited institution,Good academic standing,Not specified,Any,General,Equal Opportunity,International student or foreign national,Varies by award,USD,Partial,Partial,Not specified,Not specified,Not specified,Free,Varies (See official site),Annual / Semester award,Multiple,"Academic transcript, Proof of enrollment, Recommendation letter, Essay",Nationalities: Singapore; Host country: Singapore; Fields: Creative Writing.,"Merit, essay response, and academic verification.",KVR Webtech is pleased to announce its Content Writing Scholarship Program 2018 for students who are interested in content writing....,Not specified,2026-09-16
SCH_0678,"The Chairish ""Design Your Future"" Scholarship",International Organization / Foundation,Organization / Foundation,IEFA,"https://www.iefa.org/scholarships/3136/The_Chairish_""Design_Your_Future""_Scholarship","https://www.iefa.org/scholarships/3136/The_Chairish_""Design_Your_Future""_Scholarship",USA,USA,United States,Any,Full-time,Unrestricted,Not specified,Not specified,Enrolled or accepted in eligible accredited institution,Good academic standing,Not specified,Any,General,Equal Opportunity,International student or foreign national,Varies by award,USD,Partial,Partial,Not specified,Not specified,Not specified,Free,Varies (See official site),Annual / Semester award,Multiple,"Academic transcript, Proof of enrollment, Recommendation letter, Essay",Nationalities: United States; Host country: United States; Fields: Unrestricted.,"Merit, essay response, and academic verification.","Chairish is committed to helping college students achieve their dreams. If you are overcoming obstacles to earn a college degree,...",Not specified,2026-09-16
SCH_0679,Rising Stars: Interior Design & Architecture Scholarship,International Organization / Foundation,Organization / Foundation,IEFA,https://www.iefa.org/scholarships/3137/Rising_Stars:__Interior_Design_&_Architecture_Scholarship,https://www.iefa.org/scholarships/3137/Rising_Stars:__Interior_Design_&_Architecture_Scholarship,USA,USA,United States,Any,Full-time,Unrestricted,Not specified,Not specified,Enrolled or accepted in eligible accredited institution,Good academic standing,Not specified,Any,General,Equal Opportunity,International student or foreign national,Varies by award,USD,Partial,Partial,Not specified,Not specified,Not specified,Free,Varies (See official site),Annual / Semester award,Multiple,"Academic transcript, Proof of enrollment, Recommendation letter, Essay",Nationalities: United States; Host country: United States; Fields: Unrestricted.,"Merit, essay response, and academic verification.",Are you the next big interior design star? Are you a passionate college student with a knack for a residential...,Not specified,2026-09-16
SCH_0680,"CRL Civil Engineering, Construction & Architecture Undergraduates Scholarship",International Organization / Foundation,Organization / Foundation,IEFA,"https://www.iefa.org/scholarships/3138/CRL_Civil_Engineering,_Construction_&_Architecture_Undergraduates_Scholarship","https://www.iefa.org/scholarships/3138/CRL_Civil_Engineering,_Construction_&_Architecture_Undergraduates_Scholarship",United Kingdom,United Kingdom,"Afghanistan, Albania, Algeria...",Any,Full-time,Architecture & Design,Not specified,Not specified,Enrolled or accepted in eligible accredited institution,Good academic standing,Not specified,Any,General,Equal Opportunity,International student or foreign national,Varies by award,GBP,Partial,Partial,Not specified,Not specified,Not specified,Free,Varies (See official site),Annual / Semester award,Multiple,"Academic transcript, Proof of enrollment, Recommendation letter, Essay","Nationalities: Afghanistan, Albania, Algeria...; Host country: United Kingdom; Fields: Architecture & Design.","Merit, essay response, and academic verification.","Every year 10 successful applicants will be awarded a cash prize of £1,000. This award is designed to help high-performing students...",Not specified,2026-09-16
SCH_0681,Full-Time MBA,International Organization / Foundation,Organization / Foundation,IEFA,https://www.iefa.org/scholarships/3134/Full-Time_MBA,https://www.iefa.org/scholarships/3134/Full-Time_MBA,International,International,Unrestricted,Any,Full-time,Unrestricted,Not specified,Not specified,Enrolled or accepted in eligible accredited institution,Good academic standing,Not specified,Any,General,Equal Opportunity,International student or foreign national,Varies by award,USD,Partial,Partial,Not specified,Not specified,Not specified,Free,Varies (See official site),Annual / Semester award,Multiple,"Academic transcript, Proof of enrollment, Recommendation letter, Essay",Nationalities: Unrestricted; Host country: Unrestricted; Fields: Unrestricted.,"Merit, essay response, and academic verification.","Earn your MBA in either France or China with the elite, world-leading Audencia Business School. Win a scholarship of up...",Not specified,2026-09-16
SCH_0682,Injury To Opportunity,International Organization / Foundation,Organization / Foundation,IEFA,https://www.iefa.org/scholarships/3130/Injury_To_Opportunity,https://www.iefa.org/scholarships/3130/Injury_To_Opportunity,USA,USA,Unrestricted,Any,Full-time,Unrestricted,Not specified,Not specified,Enrolled or accepted in eligible accredited institution,Good academic standing,Not specified,Any,General,Equal Opportunity,International student or foreign national,Varies by award,USD,Partial,Partial,Not specified,Not specified,Not specified,Free,Varies (See official site),Annual / Semester award,Multiple,"Academic transcript, Proof of enrollment, Recommendation letter, Essay",Nationalities: Unrestricted; Host country: United States; Fields: Unrestricted.,"Merit, essay response, and academic verification.",The “Injury to Opportunity” Scholarship provides a benefit to the children of persons who have suffered or perished from a...,Not specified,2026-09-16
SCH_0683,Mentone Educational Student Research Scholarship 2018,International Organization / Foundation,Organization / Foundation,IEFA,https://www.iefa.org/scholarships/3118/Mentone_Educational_Student_Research_Scholarship_2018,https://www.iefa.org/scholarships/3118/Mentone_Educational_Student_Research_Scholarship_2018,Australia,Australia,Australia,Any,Full-time,"Biology/Life Sciences, Nursing and Medicine",Not specified,Not specified,Enrolled or accepted in eligible accredited institution,Good academic standing,Not specified,Any,General,Equal Opportunity,International student or foreign national,Varies by award,USD,Partial,Partial,Not specified,Not specified,Not specified,Free,Varies (See official site),Annual / Semester award,Multiple,"Academic transcript, Proof of enrollment, Recommendation letter, Essay","Nationalities: Australia; Host country: Australia; Fields: Biology/Life Sciences, Nursing and Medicine.","Merit, essay response, and academic verification.",Mentone Educational Supplies proudly supports students in reaching their full potential to become tomorrow’s medical and healthcare professionals. The Mentone...,Not specified,2026-09-16
SCH_0684,Content Writers For Medical Content,July 19,Organization / Foundation,IEFA,https://www.iefa.org/scholarships/3116/Content_Writers_For_Medical_Content,https://www.iefa.org/scholarships/3116/Content_Writers_For_Medical_Content,India,India,Unrestricted,Any,Full-time,"Health Professions, Creative Writing and Health and Physical Education",Not specified,Not specified,Enrolled or accepted in eligible accredited institution,Good academic standing,Not specified,Any,General,Equal Opportunity,International student or foreign national,Varies by award,USD,Partial,Partial,Not specified,Not specified,Not specified,Free,Varies (See official site),Annual / Semester award,Multiple,"Academic transcript, Proof of enrollment, Recommendation letter, Essay","Nationalities: Unrestricted; Host country: India; Fields: Health Professions, Creative Writing and Health and Physical Education.","Merit, essay response, and academic verification.","ALC Studio is organising an entrepreneurial summer program taking place in Jaipur, Rajasthan, Jaipur from July 19 to August 9,...",Not specified,2026-09-16
SCH_0685,The Blogging Scout Affiliate Marketing Scholarship,International Organization / Foundation,Organization / Foundation,IEFA,https://www.iefa.org/scholarships/3115/The_Blogging_Scout_Affiliate_Marketing_Scholarship,https://www.iefa.org/scholarships/3115/The_Blogging_Scout_Affiliate_Marketing_Scholarship,International,International,Unrestricted,Any,Full-time,Unrestricted,Not specified,Not specified,Enrolled or accepted in eligible accredited institution,Good academic standing,Not specified,Any,General,Equal Opportunity,International student or foreign national,Varies by award,USD,Partial,Partial,Not specified,Not specified,Not specified,Free,Varies (See official site),Annual / Semester award,Multiple,"Academic transcript, Proof of enrollment, Recommendation letter, Essay",Nationalities: Unrestricted; Host country: Unrestricted; Fields: Unrestricted.,"Merit, essay response, and academic verification.",Blogging Scout is a blog totally based on Affiliate Marketing and we the bloggingscout team has decided to spread the...,Not specified,2026-09-16
SCH_0686,Abroad with HousingAnywhre Grant,International Organization / Foundation,Organization / Foundation,IEFA,https://www.iefa.org/scholarships/3111/Abroad_with_HousingAnywhre_Grant,https://www.iefa.org/scholarships/3111/Abroad_with_HousingAnywhre_Grant,International,International,Unrestricted,Any,Full-time,Unrestricted,Not specified,Not specified,Enrolled or accepted in eligible accredited institution,Good academic standing,Not specified,Any,General,Equal Opportunity,International student or foreign national,Varies by award,USD,Partial,Partial,Not specified,Not specified,Not specified,Free,Varies (See official site),Annual / Semester award,Multiple,"Academic transcript, Proof of enrollment, Recommendation letter, Essay",Nationalities: Unrestricted; Host country: Unrestricted; Fields: Unrestricted.,"Merit, essay response, and academic verification.","For students enrolled in one of 30 Dutch institutions seeking to broaden their international experience, student accommodation platform HousingAnywhere.com has...",Not specified,2026-09-16
SCH_0687,Adenauer Fellowship for Media and Communications,International Organization / Foundation,Organization / Foundation,IEFA,https://www.iefa.org/scholarships/3104/Adenauer_Fellowship_for_Media_and_Communications_,https://www.iefa.org/scholarships/3104/Adenauer_Fellowship_for_Media_and_Communications_,International,International,"Afghanistan, Bangladesh, Bhutan...",Any,Full-time,"Communications, Creative Writing and Journalism",Not specified,Not specified,Enrolled or accepted in eligible accredited institution,Good academic standing,Not specified,Any,General,Equal Opportunity,International student or foreign national,Varies by award,USD,Partial,Partial,Not specified,Not specified,Not specified,Free,Varies (See official site),Annual / Semester award,Multiple,"Academic transcript, Proof of enrollment, Recommendation letter, Essay","Nationalities: Afghanistan, Bangladesh, Bhutan...; Host country: Unrestricted; Fields: Communications, Creative Writing and Journalism.","Merit, essay response, and academic verification.",The Konrad Adenauer Stiftung (KAS) Media Programme Asia has established the Adenauer Fellowship for Media & Communication in Asia. With...,Not specified,2026-09-16
SCH_0688,Serge Bellanger French-American Business Scholarship Program,International Organization / Foundation,Organization / Foundation,IEFA,https://www.iefa.org/scholarships/3103/Serge_Bellanger_French-American_Business_Scholarship_Program,https://www.iefa.org/scholarships/3103/Serge_Bellanger_French-American_Business_Scholarship_Program,France,USA,France and United States,Any,Full-time,"Business/Management, Marketing, Sustainable Development and Finance",Not specified,Not specified,Enrolled or accepted in eligible accredited institution,Good academic standing,Not specified,Any,General,Equal Opportunity,International student or foreign national,Varies by award,USD,Partial,Partial,Not specified,Not specified,Not specified,Free,Varies (See official site),Annual / Semester award,Multiple,"Academic transcript, Proof of enrollment, Recommendation letter, Essay","Nationalities: France and United States; Host country: France and United States; Fields: Business/Management, Marketing, Sustainable Development and Finance.","Merit, essay response, and academic verification.","The Scholarship provides financial support to French students seeking to pursue an MBA in the U.S., and to American students...",Not specified,2026-09-16
SCH_0689,freenet Group MBA Scholarship,International Organization / Foundation,Organization / Foundation,IEFA,https://www.iefa.org/scholarships/3102/freenet_Group_MBA_Scholarship_,https://www.iefa.org/scholarships/3102/freenet_Group_MBA_Scholarship_,International,International,Unrestricted,Any,Full-time,Unrestricted,Not specified,Not specified,Enrolled or accepted in eligible accredited institution,Good academic standing,Not specified,Any,General,Equal Opportunity,International student or foreign national,Varies by award,USD,Partial,Partial,Not specified,Not specified,Not specified,Free,Varies (See official site),Annual / Semester award,Multiple,"Academic transcript, Proof of enrollment, Recommendation letter, Essay",Nationalities: Unrestricted; Host country: Unrestricted; Fields: Unrestricted.,"Merit, essay response, and academic verification.","In cooperation with the renowned international Entrepreneurial School® MCI Management Center Innsbruck, the freenet Group offers a Scholarship worth EUR...",Not specified,2026-09-16
SCH_0690,Axillary Sentinel Lymph Node Dissection,International Organization / Foundation,Organization / Foundation,IEFA,https://www.iefa.org/scholarships/3101/Axillary_Sentinel_Lymph_Node_Dissection,https://www.iefa.org/scholarships/3101/Axillary_Sentinel_Lymph_Node_Dissection,Iran,Iran,Unrestricted,Any,Full-time,Medicine,Not specified,Not specified,Enrolled or accepted in eligible accredited institution,Good academic standing,Not specified,Any,General,Equal Opportunity,International student or foreign national,Varies by award,USD,Partial,Partial,Not specified,Not specified,Not specified,Free,Varies (See official site),Annual / Semester award,Multiple,"Academic transcript, Proof of enrollment, Recommendation letter, Essay",Nationalities: Unrestricted; Host country: Iran; Fields: Medicine.,"Merit, essay response, and academic verification.",The Breast Disease Research Center offers a one week training program for two participating surgeons about axillary sentinel lymph node...,Not specified,2026-09-16
SCH_0691,Scholarship to participate Asia-Pacific Innovation Academy,July 19,Organization / Foundation,IEFA,https://www.iefa.org/scholarships/3009/Scholarship_to_participate_Asia-Pacific_Innovation_Academy,https://www.iefa.org/scholarships/3009/Scholarship_to_participate_Asia-Pacific_Innovation_Academy,International,International,Unrestricted,Any,Full-time,Unrestricted,Not specified,Not specified,Enrolled or accepted in eligible accredited institution,Good academic standing,Not specified,Any,General,Equal Opportunity,International student or foreign national,Varies by award,USD,Partial,Partial,Not specified,Not specified,Not specified,Free,Varies (See official site),Annual / Semester award,Multiple,"Academic transcript, Proof of enrollment, Recommendation letter, Essay",Nationalities: Unrestricted; Host country: Unrestricted; Fields: Unrestricted.,"Merit, essay response, and academic verification.","Asia-Pacific Innovation Academy is an entrepreneurial summer program taking place in Shenzhen, China from July 19 to August 9, 2018....",Not specified,2026-09-16
SCH_0692,M.Sc. in Medical Biotechnology,International Organization / Foundation,Organization / Foundation,IEFA,https://www.iefa.org/scholarships/3100/M.Sc._in_Medical_Biotechnology,https://www.iefa.org/scholarships/3100/M.Sc._in_Medical_Biotechnology,Iran,Iran,World,Any,Full-time,Medicine,Not specified,Not specified,Enrolled or accepted in eligible accredited institution,Good academic standing,Not specified,Any,General,Equal Opportunity,International student or foreign national,Varies by award,USD,Partial,Partial,Not specified,Not specified,Not specified,Free,Varies (See official site),Annual / Semester award,Multiple,"Academic transcript, Proof of enrollment, Recommendation letter, Essay",Nationalities: World; Host country: Iran; Fields: Medicine.,"Merit, essay response, and academic verification.","Breadth and diversity of biotechnology applications, makes its defining and describing a little difficult and different. Some consider it a...",Not specified,2026-09-16
SCH_0693,The Reeves Law Group Annual $3000 Scholarship,International Organization / Foundation,Organization / Foundation,IEFA,https://www.iefa.org/scholarships/2510/The_Reeves_Law_Group_Annual_$3000_Scholarship,https://www.iefa.org/scholarships/2510/The_Reeves_Law_Group_Annual_$3000_Scholarship,USA,USA,United States,Any,Full-time,Law & Legal Studies,Not specified,Not specified,Enrolled or accepted in eligible accredited institution,Good academic standing,Not specified,Any,General,Equal Opportunity,International student or foreign national,Varies by award,USD,Partial,Partial,Not specified,Not specified,Not specified,Free,Varies (See official site),Annual / Semester award,Multiple,"Academic transcript, Proof of enrollment, Recommendation letter, Essay",Nationalities: United States; Host country: United States; Fields: Law & Legal Studies.,"Merit, essay response, and academic verification.","Apply Today! Requirements We would like you to tell your story in a brief narrative, starting with an introduction about...",Not specified,2026-09-16
SCH_0694,$1000 Reviews For Save Scholarship,International Organization / Foundation,Organization / Foundation,IEFA,https://www.iefa.org/scholarships/3094/$1000_Reviews_For_Save_Scholarship,https://www.iefa.org/scholarships/3094/$1000_Reviews_For_Save_Scholarship,World,World,World,Any,Full-time,Unrestricted,Not specified,Not specified,Enrolled or accepted in eligible accredited institution,Good academic standing,Not specified,Any,General,Equal Opportunity,International student or foreign national,Varies by award,USD,Partial,Partial,Not specified,Not specified,Not specified,Free,Varies (See official site),Annual / Semester award,Multiple,"Academic transcript, Proof of enrollment, Recommendation letter, Essay",Nationalities: World; Host country: World; Fields: Unrestricted.,"Merit, essay response, and academic verification.","To help cover part of student’s tuition fees, Reviews For Save – a website which offers the latest coupons and...",Not specified,2026-09-16
SCH_0695,Bob Bennett Memorial Scholarship 2018,International Organization / Foundation,Organization / Foundation,IEFA,https://www.iefa.org/scholarships/3095/Bob_Bennett_Memorial_Scholarship_2018,https://www.iefa.org/scholarships/3095/Bob_Bennett_Memorial_Scholarship_2018,USA,USA,United States,Any,Full-time,Finance,Not specified,Not specified,Enrolled or accepted in eligible accredited institution,Good academic standing,Not specified,Any,General,Equal Opportunity,International student or foreign national,Varies by award,USD,Partial,Partial,Not specified,Not specified,Not specified,Free,Varies (See official site),Annual / Semester award,Multiple,"Academic transcript, Proof of enrollment, Recommendation letter, Essay",Nationalities: United States; Host country: United States; Fields: Finance.,"Merit, essay response, and academic verification.",Unity One Credit Union is very excited to tell you about offering Bob Bennett Memorial Scholarship 2018. Robert P. Bennett...,Not specified,2026-09-16
SCH_0696,Medshop Australia Student Scholarship,International Organization / Foundation,Organization / Foundation,IEFA,https://www.iefa.org/scholarships/2871/Medshop_Australia_Student_Scholarship,https://www.iefa.org/scholarships/2871/Medshop_Australia_Student_Scholarship,Australia,Australia,Australia,Any,Full-time,Health and Physical Education,Not specified,Not specified,Enrolled or accepted in eligible accredited institution,Good academic standing,Not specified,Any,General,Equal Opportunity,International student or foreign national,Varies by award,USD,Partial,Partial,Not specified,Not specified,Not specified,Free,Varies (See official site),Annual / Semester award,Multiple,"Academic transcript, Proof of enrollment, Recommendation letter, Essay",Nationalities: Australia; Host country: Australia; Fields: Health and Physical Education.,"Merit, essay response, and academic verification.",Applicants must be enrolled and studying full time in a medical / healthcare course at an Australian University or Registered...,Not specified,2026-09-16
SCH_0697,B.Sc. in Nursing,International Organization / Foundation,Organization / Foundation,IEFA,https://www.iefa.org/scholarships/3075/B.Sc._in_Nursing,https://www.iefa.org/scholarships/3075/B.Sc._in_Nursing,Iran,Iran,World,Any,Full-time,Nursing,Not specified,Not specified,Enrolled or accepted in eligible accredited institution,Good academic standing,Not specified,Any,General,Equal Opportunity,International student or foreign national,Varies by award,USD,Partial,Partial,Not specified,Not specified,Not specified,Free,Varies (See official site),Annual / Semester award,Multiple,"Academic transcript, Proof of enrollment, Recommendation letter, Essay",Nationalities: World; Host country: Iran; Fields: Nursing.,"Merit, essay response, and academic verification.","Nursing is a profession within the health care sector focused on the care of individuals, families, and communities so they...",Not specified,2026-09-16
SCH_0698,"TUMS Pharm.D./M.Pharm. Program, September 2018",TUMS will,Organization / Foundation,IEFA,"https://www.iefa.org/scholarships/2486/TUMS_Pharm.D._M.Pharm._Program,_September_2018","https://www.iefa.org/scholarships/2486/TUMS_Pharm.D._M.Pharm._Program,_September_2018",Iran,Iran,World,Any,Full-time,Unrestricted,Not specified,Not specified,Enrolled or accepted in eligible accredited institution,Good academic standing,Not specified,Any,General,Equal Opportunity,International student or foreign national,Varies by award,USD,Partial,Partial,Not specified,Not specified,Not specified,Free,Varies (See official site),Annual / Semester award,Multiple,"Academic transcript, Proof of enrollment, Recommendation letter, Essay",Nationalities: World; Host country: Iran; Fields: Unrestricted.,"Merit, essay response, and academic verification.","To all interested applicants for Pharm.D./M.Pharm. program, this academic year: It is our pleasure to inform you that TUMS will...",Not specified,2026-09-16
SCH_0699,"TUMS Master of Public Health (M.P.H.) Program, September 2018",TUMS,Organization / Foundation,IEFA,"https://www.iefa.org/scholarships/2424/TUMS_Master_of_Public_Health_(M.P.H.)_Program,_September_2018","https://www.iefa.org/scholarships/2424/TUMS_Master_of_Public_Health_(M.P.H.)_Program,_September_2018",International,International,Unrestricted,Postgraduate,Full-time,Unrestricted,Not specified,Not specified,Enrolled or accepted in eligible accredited institution,Good academic standing,Not specified,Any,General,Equal Opportunity,International student or foreign national,Varies by award,USD,Partial,Partial,Not specified,Not specified,Not specified,Free,Varies (See official site),Annual / Semester award,Multiple,"Academic transcript, Proof of enrollment, Recommendation letter, Essay",Nationalities: Unrestricted; Host country: Unrestricted; Fields: Unrestricted.,"Merit, essay response, and academic verification.",To all interested applicants for this year's Master of Public Health Program: It is our pleasure to inform you that TUMS...,Not specified,2026-09-16
SCH_0700,"TUMS Doctor of Dental Surgery (D.D.S.) Program, September 2018",International Organization / Foundation,Organization / Foundation,IEFA,"https://www.iefa.org/scholarships/2485/TUMS_Doctor_of_Dental_Surgery_(D.D.S.)_Program,_September_2018","https://www.iefa.org/scholarships/2485/TUMS_Doctor_of_Dental_Surgery_(D.D.S.)_Program,_September_2018",Iran,Iran,World,Postgraduate,Full-time,Dental/Orthodontics,Not specified,Not specified,Enrolled or accepted in eligible accredited institution,Good academic standing,Not specified,Any,General,Equal Opportunity,International student or foreign national,Varies by award,USD,Partial,Partial,Not specified,Not specified,Not specified,Free,Varies (See official site),Annual / Semester award,Multiple,"Academic transcript, Proof of enrollment, Recommendation letter, Essay",Nationalities: World; Host country: Iran; Fields: Dental/Orthodontics.,"Merit, essay response, and academic verification.","D.D.S. is a six-year program which consists of a competency-based educational plan with emphasis on prevention caring, so that graduate...",Not specified,2026-09-16
SCH_0701,Cardiff University,Cardiff University,Organization / Foundation,IEFA,https://www.iefa.org/scholarships/3064/Cardiff_University,https://www.iefa.org/scholarships/3064/Cardiff_University,International,International,Unrestricted,Any,Full-time,"Business/Management, Engineering, Psychology and Health and Physical Education",Not specified,Not specified,Enrolled or accepted in eligible accredited institution,Good academic standing,Not specified,Any,General,Equal Opportunity,International student or foreign national,Varies by award,USD,Partial,Partial,Not specified,Not specified,Not specified,Free,Varies (See official site),Annual / Semester award,Multiple,"Academic transcript, Proof of enrollment, Recommendation letter, Essay","Nationalities: Unrestricted; Host country: Unrestricted; Fields: Business/Management, Engineering, Psychology and Health and Physical Education.","Merit, essay response, and academic verification.",Leading to a range of degree schemes in some of the best academic departments in the UK; apply here to...,Not specified,2026-09-16
SCH_0702,Win a 50% Tuition Fee Waiver for your dream BBA or MBA,International Organization / Foundation,Organization / Foundation,IEFA,https://www.iefa.org/scholarships/3063/Win_a_50*percent_Tuition_Fee_Waiver_for_your_dream_BBA_or_MBA,https://www.iefa.org/scholarships/3063/Win_a_50*percent_Tuition_Fee_Waiver_for_your_dream_BBA_or_MBA,International,International,Unrestricted,Postgraduate,Full-time,"Business/Management, Travel/Tourism and Hospitality",Not specified,Not specified,Enrolled or accepted in eligible accredited institution,Good academic standing,Not specified,Any,General,Equal Opportunity,International student or foreign national,Varies by award,USD,Partial,Partial,Not specified,Not specified,Not specified,Free,Varies (See official site),Annual / Semester award,Multiple,"Academic transcript, Proof of enrollment, Recommendation letter, Essay","Nationalities: Unrestricted; Host country: Unrestricted; Fields: Business/Management, Travel/Tourism and Hospitality.","Merit, essay response, and academic verification.",Take the challenge to compete for a 50% tuition fee waiver for your next Bachelor or Master Programme in Business....,Not specified,2026-09-16
SCH_0703,Scholarship for Bachelor’s in Film or Television 2018,International Organization / Foundation,Organization / Foundation,IEFA,https://www.iefa.org/scholarships/3059/Scholarship_for_Bachelor’s_in_Film_or_Television_2018,https://www.iefa.org/scholarships/3059/Scholarship_for_Bachelor’s_in_Film_or_Television_2018,International,International,Unrestricted,Undergraduate,Full-time,Film/Motion Picture,Not specified,Not specified,Enrolled or accepted in eligible accredited institution,Good academic standing,Not specified,Any,General,Equal Opportunity,International student or foreign national,Varies by award,USD,Partial,Partial,Not specified,Not specified,Not specified,Free,Varies (See official site),Annual / Semester award,Multiple,"Academic transcript, Proof of enrollment, Recommendation letter, Essay",Nationalities: Unrestricted; Host country: Unrestricted; Fields: Film/Motion Picture.,"Merit, essay response, and academic verification.","Join the ranks of Film & TV’s next creative innovators. Win a £5,000 scholarship to a Bachelor’s program at one...",Not specified,2026-09-16
SCH_0704,Solvay Advanced Masters Challenge,International Organization / Foundation,Organization / Foundation,IEFA,https://www.iefa.org/scholarships/3058/Solvay_Advanced_Masters_Challenge,https://www.iefa.org/scholarships/3058/Solvay_Advanced_Masters_Challenge,International,International,Unrestricted,Postgraduate,Full-time,"Business/Management, Marketing, Finance and Accounting",Not specified,Not specified,Enrolled or accepted in eligible accredited institution,Good academic standing,Not specified,Any,General,Equal Opportunity,International student or foreign national,Varies by award,EUR,Partial,Partial,Not specified,Not specified,Not specified,Free,Varies (See official site),Annual / Semester award,Multiple,"Academic transcript, Proof of enrollment, Recommendation letter, Essay","Nationalities: Unrestricted; Host country: Unrestricted; Fields: Business/Management, Marketing, Finance and Accounting.","Merit, essay response, and academic verification.",Compete for a 1000€ discount to become a Solvay Advanced Master Student! (=> http://bit.ly/2oMAbH5) Solvay Brussels School’s Advanced Masters have...,Not specified,2026-09-16
SCH_0705,Master's in Culinary Leadership & Innovation,Institut Paul Bocuse in France,Organization / Foundation,IEFA,https://www.iefa.org/scholarships/3057/Master's_in_Culinary_Leadership_&_Innovation,https://www.iefa.org/scholarships/3057/Master's_in_Culinary_Leadership_&_Innovation,International,International,Unrestricted,Any,Full-time,Culinary Arts,Not specified,Not specified,Enrolled or accepted in eligible accredited institution,Good academic standing,Not specified,Any,General,Equal Opportunity,International student or foreign national,Varies by award,USD,Partial,Partial,Not specified,Not specified,Not specified,Free,Varies (See official site),Annual / Semester award,Multiple,"Academic transcript, Proof of enrollment, Recommendation letter, Essay",Nationalities: Unrestricted; Host country: Unrestricted; Fields: Culinary Arts.,"Merit, essay response, and academic verification.",Learn the skills to take your passion for the culinary arts to new levels at Institut Paul Bocuse in France...,Not specified,2026-09-16
SCH_0706,The CEIBS Pre-MBA Boot Camp Challenge 2018,International Organization / Foundation,Organization / Foundation,IEFA,https://www.iefa.org/scholarships/3056/The_CEIBS_Pre-MBA_Boot_Camp_Challenge_2018,https://www.iefa.org/scholarships/3056/The_CEIBS_Pre-MBA_Boot_Camp_Challenge_2018,International,International,Unrestricted,Any,Full-time,Unrestricted,Not specified,Not specified,Enrolled or accepted in eligible accredited institution,Good academic standing,Not specified,Any,General,Equal Opportunity,International student or foreign national,Varies by award,USD,Partial,Partial,Not specified,Not specified,Not specified,Free,Varies (See official site),Annual / Semester award,Multiple,"Academic transcript, Proof of enrollment, Recommendation letter, Essay",Nationalities: Unrestricted; Host country: Unrestricted; Fields: Unrestricted.,"Merit, essay response, and academic verification.",Considering a full time MBA? Start your journey by taking the 2018 CEIBS Pre-MBA Boot Camp Challenge to win your...,Not specified,2026-09-16
SCH_0707,Study a Foundation Course with King's College London,International Organization / Foundation,Organization / Foundation,IEFA,https://www.iefa.org/scholarships/3055/Study_a_Foundation_Course_with_King's_College_London,https://www.iefa.org/scholarships/3055/Study_a_Foundation_Course_with_King's_College_London,International,International,Unrestricted,Undergraduate,Full-time,"Biology/Life Sciences, Business/Management, Communications...",Not specified,Not specified,Enrolled or accepted in eligible accredited institution,Good academic standing,Not specified,Any,General,Equal Opportunity,International student or foreign national,Varies by award,USD,Partial,Partial,Not specified,Not specified,Not specified,Free,Varies (See official site),Annual / Semester award,Multiple,"Academic transcript, Proof of enrollment, Recommendation letter, Essay","Nationalities: Unrestricted; Host country: Unrestricted; Fields: Biology/Life Sciences, Business/Management, Communications....","Merit, essay response, and academic verification.",Trying to figure out what to do after high school? Compete for a scholarship valued up to £1000 for the...,Not specified,2026-09-16
SCH_0708,"International Summer School 2018, University of Edinburgh","International Summer School 2018, University",Organization / Foundation,IEFA,"https://www.iefa.org/scholarships/3054/International_Summer_School_2018,_University_of_Edinburgh","https://www.iefa.org/scholarships/3054/International_Summer_School_2018,_University_of_Edinburgh",International,International,Unrestricted,Any,Full-time,"Architecture & Design, Business/Management, Communications...",Not specified,Not specified,Enrolled or accepted in eligible accredited institution,Good academic standing,Not specified,Any,General,Equal Opportunity,International student or foreign national,Varies by award,USD,Partial,Partial,Not specified,Not specified,Not specified,Free,Varies (See official site),Annual / Semester award,Multiple,"Academic transcript, Proof of enrollment, Recommendation letter, Essay","Nationalities: Unrestricted; Host country: Unrestricted; Fields: Architecture & Design, Business/Management, Communications....","Merit, essay response, and academic verification.",Win a full scholarship worth over £2300 for a range of amazing courses at the University of Edinburgh Summer School....,Not specified,2026-09-16
SCH_0709,"Scholarships for Graduate Business Studies at ALBA, Greece",International Organization / Foundation,Organization / Foundation,IEFA,"https://www.iefa.org/scholarships/3053/Scholarships_for_Graduate_Business_Studies_at_ALBA,_Greece","https://www.iefa.org/scholarships/3053/Scholarships_for_Graduate_Business_Studies_at_ALBA,_Greece",International,International,Unrestricted,Postgraduate,Full-time,"Business/Management, Marketing, Transportation/Logistics...",Not specified,Not specified,Enrolled or accepted in eligible accredited institution,Good academic standing,Not specified,Any,General,Equal Opportunity,International student or foreign national,Varies by award,USD,Partial,Partial,Not specified,Not specified,Not specified,Free,Varies (See official site),Annual / Semester award,Multiple,"Academic transcript, Proof of enrollment, Recommendation letter, Essay","Nationalities: Unrestricted; Host country: Unrestricted; Fields: Business/Management, Marketing, Transportation/Logistics....","Merit, essay response, and academic verification.","Discover if you are eligible for a scholarship at ALBA, Greece’s most prestigious graduate business school. Take the Sqore challenge...",Not specified,2026-09-16
SCH_0710,Double Degree in Economics and Econometrics challenge,International Organization / Foundation,Organization / Foundation,IEFA,https://www.iefa.org/scholarships/3062/Double_Degree_in_Economics_and_Econometrics_challenge,https://www.iefa.org/scholarships/3062/Double_Degree_in_Economics_and_Econometrics_challenge,International,International,Unrestricted,Undergraduate,Full-time,Economics,Not specified,Not specified,Enrolled or accepted in eligible accredited institution,Good academic standing,Not specified,Any,General,Equal Opportunity,International student or foreign national,Varies by award,EUR,Partial,Partial,Not specified,Not specified,Not specified,Free,Varies (See official site),Annual / Semester award,Multiple,"Academic transcript, Proof of enrollment, Recommendation letter, Essay",Nationalities: Unrestricted; Host country: Unrestricted; Fields: Economics.,"Merit, essay response, and academic verification.",Win a scholarship of €3000 to study your bachelor in Economics in the Netherlands! (=> http://bit.ly/2Fl6hjl) Erasmus School of Economics...,Not specified,2026-09-16
SCH_0711,Vienna Master's Scholarship offered by International Business School,IBS offers,Organization / Foundation,IEFA,https://www.iefa.org/scholarships/3041/Vienna_Master's_Scholarship_offered_by_International_Business_School_,https://www.iefa.org/scholarships/3041/Vienna_Master's_Scholarship_offered_by_International_Business_School_,International,International,Unrestricted,Postgraduate,Full-time,Unrestricted,Not specified,Not specified,Enrolled or accepted in eligible accredited institution,Good academic standing,Not specified,Any,General,Equal Opportunity,International student or foreign national,Varies by award,USD,Partial,Partial,Not specified,Not specified,Not specified,Free,Varies (See official site),Annual / Semester award,Multiple,"Academic transcript, Proof of enrollment, Recommendation letter, Essay",Nationalities: Unrestricted; Host country: Unrestricted; Fields: Unrestricted.,"Merit, essay response, and academic verification.",The Vienna Master's Scholarship offers 20% discount from the programme fee for applicants for any Master's programme that IBS offers...,Not specified,2026-09-16
SCH_0712,Trendhim Scholarship,International Organization / Foundation,Organization / Foundation,IEFA,https://www.iefa.org/scholarships/3051/Trendhim_Scholarship,https://www.iefa.org/scholarships/3051/Trendhim_Scholarship,International,International,Unrestricted,Any,Full-time,"Business/Management, Computer & Information Systems, Fashion and Marketing",Not specified,Not specified,Enrolled or accepted in eligible accredited institution,Good academic standing,Not specified,Any,General,Equal Opportunity,International student or foreign national,Varies by award,USD,Partial,Partial,Not specified,Not specified,Not specified,Free,Varies (See official site),Annual / Semester award,Multiple,"Academic transcript, Proof of enrollment, Recommendation letter, Essay","Nationalities: Unrestricted; Host country: Unrestricted; Fields: Business/Management, Computer & Information Systems, Fashion and Marketing.","Merit, essay response, and academic verification.","Do you dream of working in marketing, fashion, sales, IT, trade, or management? Then we'd like to help you. We've...",Not specified,2026-09-16
SCH_0713,University of Florida ELI Tuition Waiver for Enrolled Students,UF English Language Institute are eligible,Organization / Foundation,IEFA,https://www.iefa.org/scholarships/3050/University_of_Florida_ELI_Tuition_Waiver_for_Enrolled_Students_,https://www.iefa.org/scholarships/3050/University_of_Florida_ELI_Tuition_Waiver_for_Enrolled_Students_,International,International,Unrestricted,Any,Full-time,ESL & English Language,Not specified,Not specified,Enrolled or accepted in eligible accredited institution,Good academic standing,Not specified,Any,General,Equal Opportunity,International student or foreign national,Varies by award,USD,Partial,Partial,Not specified,Not specified,Not specified,Free,Varies (See official site),Annual / Semester award,Multiple,"Academic transcript, Proof of enrollment, Recommendation letter, Essay",Nationalities: Unrestricted; Host country: Unrestricted; Fields: ESL & English Language.,"Merit, essay response, and academic verification.","Currently enrolled students at UF English Language Institute are eligible for nomination by teachers. Requires 4.0, fewer than 10 absences,...",Not specified,2026-09-16
SCH_0714,DirectTextbook.com 2018 High School Senior Scholarship Essay Contest,International Organization / Foundation,Organization / Foundation,IEFA,https://www.iefa.org/scholarships/3045/DirectTextbook.com_2018_High_School_Senior_Scholarship_Essay_Contest,https://www.iefa.org/scholarships/3045/DirectTextbook.com_2018_High_School_Senior_Scholarship_Essay_Contest,International,International,Unrestricted,Undergraduate,Full-time,Unrestricted,Not specified,Not specified,Enrolled or accepted in eligible accredited institution,Good academic standing,Not specified,Any,General,Equal Opportunity,International student or foreign national,Varies by award,USD,Partial,Partial,Not specified,Not specified,Not specified,Free,Varies (See official site),Annual / Semester award,Multiple,"Academic transcript, Proof of enrollment, Recommendation letter, Essay",Nationalities: Unrestricted; Host country: Unrestricted; Fields: Unrestricted.,"Merit, essay response, and academic verification.",DirectTextbook.com 2018 High School Senior Scholarship Essay Contest Award amount: $3000 to first place $1000 to second place $500 to third place Awards...,Not specified,2026-09-16
SCH_0715,Drone Technology College Scholarship,International Organization / Foundation,Organization / Foundation,IEFA,https://www.iefa.org/scholarships/3046/Drone_Technology_College_Scholarship,https://www.iefa.org/scholarships/3046/Drone_Technology_College_Scholarship,USA,USA,Unrestricted,Postgraduate,Full-time,Unrestricted,Not specified,Not specified,Enrolled or accepted in eligible accredited institution,Good academic standing,Not specified,Any,General,Equal Opportunity,International student or foreign national,Varies by award,USD,Partial,Partial,Not specified,Not specified,Not specified,Free,Varies (See official site),Annual / Semester award,Multiple,"Academic transcript, Proof of enrollment, Recommendation letter, Essay",Nationalities: Unrestricted; Host country: United States; Fields: Unrestricted.,"Merit, essay response, and academic verification.",The Drone Technology College Scholarship will be awarded to undergraduates studying at a U.S. college or university who have an...,Not specified,2026-09-16
SCH_0716,Australia's Next Top Lawyer 2018,Australian Accident Helpline will commence in February 2018,Organization / Foundation,IEFA,https://www.iefa.org/scholarships/3049/Australia's_Next_Top_Lawyer_2018,https://www.iefa.org/scholarships/3049/Australia's_Next_Top_Lawyer_2018,International,International,Australia,Any,Full-time,Law & Legal Studies,Not specified,Not specified,Enrolled or accepted in eligible accredited institution,Good academic standing,Not specified,Any,General,Equal Opportunity,International student or foreign national,Varies by award,USD,Partial,Partial,Not specified,Not specified,Not specified,Free,Varies (See official site),Annual / Semester award,Multiple,"Academic transcript, Proof of enrollment, Recommendation letter, Essay",Nationalities: Australia; Host country: Unrestricted; Fields: Law & Legal Studies.,"Merit, essay response, and academic verification.",The first annual “Australia’s Next Top Lawyer” sponsored by Australian Accident Helpline will commence in February 2018. Up for grabs...,Not specified,2026-09-16
SCH_0717,Choose Your Cause Scholarship,Scholarships For A Cause,Organization / Foundation,IEFA,https://www.iefa.org/scholarships/3044/Choose_Your_Cause_Scholarship,https://www.iefa.org/scholarships/3044/Choose_Your_Cause_Scholarship,USA,USA,United States,Any,Full-time,Unrestricted,Not specified,Not specified,Enrolled or accepted in eligible accredited institution,Good academic standing,Not specified,Any,General,Equal Opportunity,International student or foreign national,Varies by award,USD,Partial,Partial,Not specified,Not specified,Not specified,Free,Varies (See official site),Annual / Semester award,Multiple,"Academic transcript, Proof of enrollment, Recommendation letter, Essay",Nationalities: United States; Host country: United States; Fields: Unrestricted.,"Merit, essay response, and academic verification.","Selfless giving and volunteering are actions that usually go unrewarded, and sometimes, even unnoticed. We at Scholarships For A Cause...",Not specified,2026-09-16
SCH_0718,Goodshop Annual Scholarship,"Goodshop, we give shoppers instant access",Organization / Foundation,IEFA,https://www.iefa.org/scholarships/3042/Goodshop_Annual_Scholarship,https://www.iefa.org/scholarships/3042/Goodshop_Annual_Scholarship,International,International,Unrestricted,Any,Full-time,Unrestricted,Not specified,Not specified,Enrolled or accepted in eligible accredited institution,Good academic standing,Not specified,Any,General,Equal Opportunity,International student or foreign national,Varies by award,USD,Partial,Partial,Not specified,Not specified,Not specified,Free,Varies (See official site),Annual / Semester award,Multiple,"Academic transcript, Proof of enrollment, Recommendation letter, Essay",Nationalities: Unrestricted; Host country: Unrestricted; Fields: Unrestricted.,"Merit, essay response, and academic verification.","Here at Goodshop, we give shoppers instant access to the very best coupons for all their favorite online stores. Simultaneously,...",Not specified,2026-09-16
SCH_0719,6th Giorgio Rota Best Paper Award -The Economics of Health and Medical Care,International Organization / Foundation,Organization / Foundation,IEFA,https://www.iefa.org/scholarships/3017/6th_Giorgio_Rota_Best_Paper_Award_-The_Economics_of_Health_and_Medical_Care,https://www.iefa.org/scholarships/3017/6th_Giorgio_Rota_Best_Paper_Award_-The_Economics_of_Health_and_Medical_Care,International,International,Unrestricted,Any,Full-time,"Architecture & Design, Business/Management, Cultural Studies...",Not specified,Not specified,Enrolled or accepted in eligible accredited institution,Good academic standing,Not specified,Any,General,Equal Opportunity,International student or foreign national,Varies by award,USD,Partial,Partial,Not specified,Not specified,Not specified,Free,Varies (See official site),Annual / Semester award,Multiple,"Academic transcript, Proof of enrollment, Recommendation letter, Essay","Nationalities: Unrestricted; Host country: Unrestricted; Fields: Architecture & Design, Business/Management, Cultural Studies....","Merit, essay response, and academic verification.",The Centro Einaudi with the support of Fondazione CRT launches the 6th edition of the Giorgio Rota Best Paper Award....,Not specified,2026-09-16
SCH_0720,Climate Change Experience Program for Professionals,International Organization / Foundation,Organization / Foundation,IEFA,https://www.iefa.org/scholarships/3033/Climate_Change_Experience_Program_for_Professionals,https://www.iefa.org/scholarships/3033/Climate_Change_Experience_Program_for_Professionals,International,International,"Cyprus, Estonia, Finland...",Any,Full-time,Unrestricted,Not specified,Not specified,Enrolled or accepted in eligible accredited institution,Good academic standing,Not specified,Any,General,Equal Opportunity,International student or foreign national,Varies by award,USD,Partial,Partial,Not specified,Not specified,Not specified,Free,Varies (See official site),Annual / Semester award,Multiple,"Academic transcript, Proof of enrollment, Recommendation letter, Essay","Nationalities: Cyprus, Estonia, Finland...; Host country: Unrestricted; Fields: Unrestricted.","Merit, essay response, and academic verification.","As the EU’s main climate innovation initiative, Climate-KIC wants to help you boost your professional efforts in climate change innovation....",Not specified,2026-09-16
SCH_0721,The Edinburgh MBA - Leadership Scholarship,International Organization / Foundation,Organization / Foundation,IEFA,https://www.iefa.org/scholarships/3034/The_Edinburgh_MBA_-_Leadership_Scholarship,https://www.iefa.org/scholarships/3034/The_Edinburgh_MBA_-_Leadership_Scholarship,International,International,Unrestricted,Any,Full-time,Unrestricted,Not specified,Not specified,Enrolled or accepted in eligible accredited institution,Good academic standing,Not specified,Any,General,Equal Opportunity,International student or foreign national,Varies by award,USD,Partial,Partial,Not specified,Not specified,Not specified,Free,Varies (See official site),Annual / Semester award,Multiple,"Academic transcript, Proof of enrollment, Recommendation letter, Essay",Nationalities: Unrestricted; Host country: Unrestricted; Fields: Unrestricted.,"Merit, essay response, and academic verification.",Are you the leader of the future that can take advantage of the Edinburgh Business School's Full Time MBA? The Edinburgh...,Not specified,2026-09-16
SCH_0722,Advance your English in Denver - Spring Challenge,International Organization / Foundation,Organization / Foundation,IEFA,https://www.iefa.org/scholarships/3035/Advance_your_English_in_Denver_-_Spring_Challenge,https://www.iefa.org/scholarships/3035/Advance_your_English_in_Denver_-_Spring_Challenge,International,International,Unrestricted,Postgraduate,Full-time,Unrestricted,Not specified,Not specified,Enrolled or accepted in eligible accredited institution,Good academic standing,Not specified,Any,General,Equal Opportunity,International student or foreign national,Varies by award,USD,Partial,Partial,Not specified,Not specified,Not specified,Free,Varies (See official site),Annual / Semester award,Multiple,"Academic transcript, Proof of enrollment, Recommendation letter, Essay",Nationalities: Unrestricted; Host country: Unrestricted; Fields: Unrestricted.,"Merit, essay response, and academic verification.","The English Language Center (ELC) at the University of Denver (DU) has prepared students for academic success in Bachelors, Masters,...",Not specified,2026-09-16
SCH_0723,Linnaeus University - Summer Academy Scholarship,Linnaeus University,Organization / Foundation,IEFA,https://www.iefa.org/scholarships/3036/Linnaeus_University_-_Summer_Academy_Scholarship,https://www.iefa.org/scholarships/3036/Linnaeus_University_-_Summer_Academy_Scholarship,International,International,Unrestricted,Any,Full-time,Unrestricted,Not specified,Not specified,Enrolled or accepted in eligible accredited institution,Good academic standing,Not specified,Any,General,Equal Opportunity,International student or foreign national,Varies by award,USD,Partial,Partial,Not specified,Not specified,Not specified,Free,Varies (See official site),Annual / Semester award,Multiple,"Academic transcript, Proof of enrollment, Recommendation letter, Essay",Nationalities: Unrestricted; Host country: Unrestricted; Fields: Unrestricted.,"Merit, essay response, and academic verification.","Spend your summer studying in Sweden! Linnaeus University Summer Academy offers an international, intercultural and interdisciplinary study environment – unique of...",Not specified,2026-09-16
SCH_0724,Koç University STEM Masters Challenge Fall 2018,Koç University,Organization / Foundation,IEFA,https://www.iefa.org/scholarships/3037/Koç_University_STEM_Masters_Challenge_Fall_2018,https://www.iefa.org/scholarships/3037/Koç_University_STEM_Masters_Challenge_Fall_2018,Turkey,Turkey,"Afghanistan, Albania, Algeria...",Postgraduate,Full-time,"Biology/Life Sciences, Business/Management, Engineering...",Not specified,Not specified,Enrolled or accepted in eligible accredited institution,Good academic standing,Not specified,Any,General,Equal Opportunity,International student or foreign national,Varies by award,USD,Partial,Partial,Not specified,Not specified,Not specified,Free,Varies (See official site),Annual / Semester award,Multiple,"Academic transcript, Proof of enrollment, Recommendation letter, Essay","Nationalities: Afghanistan, Albania, Algeria...; Host country: Turkey; Fields: Biology/Life Sciences, Business/Management, Engineering....","Merit, essay response, and academic verification.","Are you interested in pursuing a Masters in the fields of Science, Technology, Engineering or Mathematics? Then this is the...",Not specified,2026-09-16
SCH_0725,Win a Documentary Outreach,International Organization / Foundation,Organization / Foundation,IEFA,https://www.iefa.org/scholarships/3024/Win_a_Documentary_Outreach,https://www.iefa.org/scholarships/3024/Win_a_Documentary_Outreach,International,International,Unrestricted,Any,Full-time,Unrestricted,Not specified,Not specified,Enrolled or accepted in eligible accredited institution,Good academic standing,Not specified,Any,General,Equal Opportunity,International student or foreign national,Varies by award,USD,Partial,Partial,Not specified,Not specified,Not specified,Free,Varies (See official site),Annual / Semester award,Multiple,"Academic transcript, Proof of enrollment, Recommendation letter, Essay",Nationalities: Unrestricted; Host country: Unrestricted; Fields: Unrestricted.,"Merit, essay response, and academic verification.","Submissions are open for the chance to win a study abroad opportunity of a lifetime with international service-learning organization, Actuality...",Not specified,2026-09-16
SCH_0726,Einstein Fellowship 2019,International Organization / Foundation,Organization / Foundation,IEFA,https://www.iefa.org/scholarships/3022/Einstein_Fellowship_2019,https://www.iefa.org/scholarships/3022/Einstein_Fellowship_2019,International,International,"Afghanistan, Albania, Algeria...",Any,Full-time,"Architecture & Design, Biology/Life Sciences, Business/Management...",Not specified,Not specified,Enrolled or accepted in eligible accredited institution,Good academic standing,Not specified,Any,General,Equal Opportunity,International student or foreign national,Varies by award,USD,Partial,Partial,Not specified,Not specified,Not specified,Free,Varies (See official site),Annual / Semester award,Multiple,"Academic transcript, Proof of enrollment, Recommendation letter, Essay","Nationalities: Afghanistan, Albania, Algeria...; Host country: Unrestricted; Fields: Architecture & Design, Biology/Life Sciences, Business/Management....","Merit, essay response, and academic verification.",The Einstein Forum and the Daimler and Benz Foundation are offering a fellowship for outstanding young thinkers who wish to...,Not specified,2026-09-16
SCH_0727,MedicareFAQ Scholarship,"MedicareFAQ, we strive",Organization / Foundation,IEFA,https://www.iefa.org/scholarships/3020/MedicareFAQ_Scholarship,https://www.iefa.org/scholarships/3020/MedicareFAQ_Scholarship,USA,USA,Unrestricted,Any,Full-time,Health Professions,Not specified,Not specified,Enrolled or accepted in eligible accredited institution,Good academic standing,Not specified,Any,General,Equal Opportunity,International student or foreign national,Varies by award,USD,Partial,Partial,Not specified,Not specified,Not specified,Free,Varies (See official site),Annual / Semester award,Multiple,"Academic transcript, Proof of enrollment, Recommendation letter, Essay",Nationalities: Unrestricted; Host country: United States; Fields: Health Professions.,"Merit, essay response, and academic verification.","Here at MedicareFAQ, we strive to provide a future for students, especially those in the Senior Healthcare industry. MedicareFAQ.com appreciates...",Not specified,2026-09-16
SCH_0728,Zinda Law Group of Tucson Scholarship,International Organization / Foundation,Organization / Foundation,IEFA,https://www.iefa.org/scholarships/3015/Zinda_Law_Group_of_Tucson_Scholarship,https://www.iefa.org/scholarships/3015/Zinda_Law_Group_of_Tucson_Scholarship,USA,USA,United States,Any,Full-time,"Law & Legal Studies, Psychology, Liberal Arts/Humanities...",Not specified,Not specified,Enrolled or accepted in eligible accredited institution,Good academic standing,Not specified,Any,General,Equal Opportunity,International student or foreign national,Varies by award,USD,Partial,Partial,Not specified,Not specified,Not specified,Free,Varies (See official site),Annual / Semester award,Multiple,"Academic transcript, Proof of enrollment, Recommendation letter, Essay","Nationalities: United States; Host country: United States; Fields: Law & Legal Studies, Psychology, Liberal Arts/Humanities....","Merit, essay response, and academic verification.","Zinda Law Group is offering one $1,000 scholarship to a student pursuing or planning to pursue higher education. This scholarship...",Not specified,2026-09-16
SCH_0729,Penta Scholarship in Slovakia for Ukrainian Students,International Organization / Foundation,Organization / Foundation,IEFA,https://www.iefa.org/scholarships/3016/Penta_Scholarship_in_Slovakia_for_Ukrainian_Students,https://www.iefa.org/scholarships/3016/Penta_Scholarship_in_Slovakia_for_Ukrainian_Students,Slovakia,Slovakia,Ukraine,Any,Full-time,"Architecture & Design, Computer & Information Systems, Engineering...",Not specified,Not specified,Enrolled or accepted in eligible accredited institution,Good academic standing,Not specified,Any,General,Equal Opportunity,International student or foreign national,Varies by award,USD,Partial,Partial,Not specified,Not specified,Not specified,Free,Varies (See official site),Annual / Semester award,Multiple,"Academic transcript, Proof of enrollment, Recommendation letter, Essay","Nationalities: Ukraine; Host country: Slovakia; Fields: Architecture & Design, Computer & Information Systems, Engineering....","Merit, essay response, and academic verification.","The Penta Scholarship for Ukrainians was established in 2015, as an educational initiative by the Penta Foundation. After being selected, participants...",Not specified,2026-09-16
SCH_0730,Act Six Indianapolis,International Organization / Foundation,Organization / Foundation,IEFA,https://www.iefa.org/scholarships/3014/Act_Six_Indianapolis,https://www.iefa.org/scholarships/3014/Act_Six_Indianapolis,USA,USA,Unrestricted,Any,Full-time,Unrestricted,Not specified,Not specified,Enrolled or accepted in eligible accredited institution,Good academic standing,Not specified,Any,General,Equal Opportunity,International student or foreign national,Varies by award,USD,Partial,Partial,Not specified,Not specified,Not specified,Free,Varies (See official site),Annual / Semester award,Multiple,"Academic transcript, Proof of enrollment, Recommendation letter, Essay",Nationalities: Unrestricted; Host country: United States; Fields: Unrestricted.,"Merit, essay response, and academic verification.",Act Six is an urban leadership award which sends seven Indianapolis area students each year to Taylor University tuition-free and...,Not specified,2026-09-16
SCH_0731,Ayurveda's Shilajit Scholarship,International Organization / Foundation,Organization / Foundation,IEFA,https://www.iefa.org/scholarships/3013/Ayurveda's_Shilajit_Scholarship,https://www.iefa.org/scholarships/3013/Ayurveda's_Shilajit_Scholarship,USA,USA,United States,Postgraduate,Full-time,Health Professions and Health and Physical Education,Not specified,Not specified,Enrolled or accepted in eligible accredited institution,Good academic standing,Not specified,Any,General,Equal Opportunity,International student or foreign national,Varies by award,USD,Partial,Partial,Not specified,Not specified,Not specified,Free,Varies (See official site),Annual / Semester award,Multiple,"Academic transcript, Proof of enrollment, Recommendation letter, Essay",Nationalities: United States; Host country: United States; Fields: Health Professions and Health and Physical Education.,"Merit, essay response, and academic verification.",High school and current undergraduates who are interested or enrolled in holistic health or general medical programs.,Not specified,2026-09-16
SCH_0732,2018 PDFelement $1000 Scholarship,International Organization / Foundation,Organization / Foundation,IEFA,https://www.iefa.org/scholarships/3011/2018_PDFelement_$1000_Scholarship,https://www.iefa.org/scholarships/3011/2018_PDFelement_$1000_Scholarship,International,International,Unrestricted,Any,Full-time,Unrestricted,Not specified,Not specified,Enrolled or accepted in eligible accredited institution,Good academic standing,Not specified,Any,General,Equal Opportunity,International student or foreign national,Varies by award,USD,Partial,Partial,Not specified,Not specified,Not specified,Free,Varies (See official site),Annual / Semester award,Multiple,"Academic transcript, Proof of enrollment, Recommendation letter, Essay",Nationalities: Unrestricted; Host country: Unrestricted; Fields: Unrestricted.,"Merit, essay response, and academic verification.","PDFelement is a PDF editing software that provides business solutions for universities, non-profit organizations, government entities, and small to mid-sized...",Not specified,2026-09-16
SCH_0733,Aston American University Academic Excellence Scholarship,Aston American University,Organization / Foundation,IEFA,https://www.iefa.org/scholarships/3010/Aston_American_University_Academic_Excellence_Scholarship,https://www.iefa.org/scholarships/3010/Aston_American_University_Academic_Excellence_Scholarship,International,International,Unrestricted,Any,Full-time,Unrestricted,Not specified,Not specified,Enrolled or accepted in eligible accredited institution,Good academic standing,Not specified,Any,General,Equal Opportunity,International student or foreign national,Varies by award,USD,Partial,Partial,Not specified,Not specified,Not specified,Free,Varies (See official site),Annual / Semester award,Multiple,"Academic transcript, Proof of enrollment, Recommendation letter, Essay",Nationalities: Unrestricted; Host country: Unrestricted; Fields: Unrestricted.,"Merit, essay response, and academic verification.","Award is given to assist students from disadvantaged, low-income backgrounds or students who display other financial need in completing their...",Not specified,2026-09-16
SCH_0734,Master's in International Business or Management 2018,International Organization / Foundation,Organization / Foundation,IEFA,https://www.iefa.org/scholarships/3003/Master's_in_International_Business_or_Management_2018,https://www.iefa.org/scholarships/3003/Master's_in_International_Business_or_Management_2018,United Kingdom,United Kingdom,Unrestricted,Postgraduate,Full-time,Business/Management,Not specified,Not specified,Enrolled or accepted in eligible accredited institution,Good academic standing,Not specified,Any,General,Equal Opportunity,International student or foreign national,Varies by award,GBP,Partial,Partial,Not specified,Not specified,Not specified,Free,Varies (See official site),Annual / Semester award,Multiple,"Academic transcript, Proof of enrollment, Recommendation letter, Essay",Nationalities: Unrestricted; Host country: United Kingdom; Fields: Business/Management.,"Merit, essay response, and academic verification.",Study in the most student-friendly city in the UK. Here's your chance to win a Master's degree scholarship at the...,Not specified,2026-09-16
SCH_0735,International Bali Studies Scholarship,International Organization / Foundation,Organization / Foundation,IEFA,https://www.iefa.org/scholarships/2988/International_Bali_Studies_Scholarship,https://www.iefa.org/scholarships/2988/International_Bali_Studies_Scholarship,International,International,Unrestricted,Postgraduate,Full-time,Unrestricted,Not specified,Not specified,Enrolled or accepted in eligible accredited institution,Good academic standing,Not specified,Any,General,Equal Opportunity,International student or foreign national,Varies by award,USD,Partial,Partial,Not specified,Not specified,Not specified,Free,Varies (See official site),Annual / Semester award,Multiple,"Academic transcript, Proof of enrollment, Recommendation letter, Essay",Nationalities: Unrestricted; Host country: Unrestricted; Fields: Unrestricted.,"Merit, essay response, and academic verification.","Study one semester in your Bachelor and Master program in Bali. The Bali Studies Scholarship is open to worldwide students,...",Not specified,2026-09-16
SCH_0736,ThinkSwiss Research Program,International Organization / Foundation,Organization / Foundation,IEFA,https://www.iefa.org/scholarships/3002/ThinkSwiss_Research_Program,https://www.iefa.org/scholarships/3002/ThinkSwiss_Research_Program,Switzerland,Switzerland,Unrestricted,Any,Full-time,Unrestricted,Not specified,Not specified,Enrolled or accepted in eligible accredited institution,Good academic standing,Not specified,Any,General,Equal Opportunity,International student or foreign national,Varies by award,USD,Partial,Partial,Not specified,Not specified,Not specified,Free,Varies (See official site),Annual / Semester award,Multiple,"Academic transcript, Proof of enrollment, Recommendation letter, Essay",Nationalities: Unrestricted; Host country: Switzerland; Fields: Unrestricted.,"Merit, essay response, and academic verification.","ThinkSwiss is an official scholarship program managed by the Office of Science, Technology, and Higher Education at the Embassy of...",Not specified,2026-09-16
SCH_0737,Law Offices of David Azizi - 2018 Scholarship Program and Internship Opportunity,International Organization / Foundation,Organization / Foundation,IEFA,https://www.iefa.org/scholarships/2997/Law_Offices_of_David_Azizi_-_2018_Scholarship_Program_and_Internship_Opportunity,https://www.iefa.org/scholarships/2997/Law_Offices_of_David_Azizi_-_2018_Scholarship_Program_and_Internship_Opportunity,USA,USA,Unrestricted,Any,Full-time,Law & Legal Studies,Not specified,Not specified,Enrolled or accepted in eligible accredited institution,Good academic standing,Not specified,Any,General,Equal Opportunity,International student or foreign national,Varies by award,USD,Partial,Partial,Not specified,Not specified,Not specified,Free,Varies (See official site),Annual / Semester award,Multiple,"Academic transcript, Proof of enrollment, Recommendation letter, Essay",Nationalities: Unrestricted; Host country: United States; Fields: Law & Legal Studies.,"Merit, essay response, and academic verification.",At the Law Offices of David Azizi we know how hard it is to be able to afford a law...,Not specified,2026-09-16
SCH_0738,Master's of Science Degree Programme in Chemical Engineering,International Organization / Foundation,Organization / Foundation,IEFA,https://www.iefa.org/scholarships/3001/Master's_of_Science_Degree_Programme_in_Chemical_Engineering,https://www.iefa.org/scholarships/3001/Master's_of_Science_Degree_Programme_in_Chemical_Engineering,Finland,Finland,Unrestricted,Postgraduate,Full-time,Engineering and Chemistry,Not specified,Not specified,Enrolled or accepted in eligible accredited institution,Good academic standing,Not specified,Any,General,Equal Opportunity,International student or foreign national,Varies by award,EUR,Partial,Partial,Not specified,Not specified,Not specified,Free,Varies (See official site),Annual / Semester award,Multiple,"Academic transcript, Proof of enrollment, Recommendation letter, Essay",Nationalities: Unrestricted; Host country: Finland; Fields: Engineering and Chemistry.,"Merit, essay response, and academic verification.",Want to study a Master's in Chemical Engineering? Take the chance to compete for a scholarship (worth €18720!). Did you...,Not specified,2026-09-16
SCH_0739,Writing contest,International Organization / Foundation,Organization / Foundation,IEFA,https://www.iefa.org/scholarships/2996/Writing_contest,https://www.iefa.org/scholarships/2996/Writing_contest,International,International,Unrestricted,Any,Full-time,Unrestricted,Not specified,Not specified,Enrolled or accepted in eligible accredited institution,Good academic standing,Not specified,Any,General,Equal Opportunity,International student or foreign national,Varies by award,USD,Partial,Partial,Not specified,Not specified,Not specified,Free,Varies (See official site),Annual / Semester award,Multiple,"Academic transcript, Proof of enrollment, Recommendation letter, Essay",Nationalities: Unrestricted; Host country: Unrestricted; Fields: Unrestricted.,"Merit, essay response, and academic verification.","You like writing, but your talent stays unrecognized? You want to pursue a writing career, you like to express own...",Not specified,2026-09-16
SCH_0740,Global Scholarships to study Online at UNICAF University,Global Scholarships to study Online at UNICAF University,Organization / Foundation,IEFA,https://www.iefa.org/scholarships/2991/Global_Scholarships_to_study_Online_at_UNICAF_University,https://www.iefa.org/scholarships/2991/Global_Scholarships_to_study_Online_at_UNICAF_University,International,International,Unrestricted,Any,Full-time,"Business/Management, Computer & Information Systems, Education...",Not specified,Not specified,Enrolled or accepted in eligible accredited institution,Good academic standing,Not specified,Any,General,Equal Opportunity,International student or foreign national,Varies by award,USD,Partial,Partial,Not specified,Not specified,Not specified,Free,Varies (See official site),Annual / Semester award,Multiple,"Academic transcript, Proof of enrollment, Recommendation letter, Essay","Nationalities: Unrestricted; Host country: Unrestricted; Fields: Business/Management, Computer & Information Systems, Education....","Merit, essay response, and academic verification.",Pursuing higher level international education is a huge commitment. But what if there was an internationally accredited program that is...,Not specified,2026-09-16
SCH_0741,"DirectTextbook.com ""Focus"" Photo Essay Contest",International Organization / Foundation,Organization / Foundation,IEFA,"https://www.iefa.org/scholarships/2990/DirectTextbook.com_""Focus""_Photo_Essay_Contest","https://www.iefa.org/scholarships/2990/DirectTextbook.com_""Focus""_Photo_Essay_Contest",International,International,Unrestricted,Any,Full-time,Unrestricted,Not specified,Not specified,Enrolled or accepted in eligible accredited institution,Good academic standing,Not specified,Any,General,Equal Opportunity,International student or foreign national,Varies by award,USD,Partial,Partial,Not specified,Not specified,Not specified,Free,Varies (See official site),Annual / Semester award,Multiple,"Academic transcript, Proof of enrollment, Recommendation letter, Essay",Nationalities: Unrestricted; Host country: Unrestricted; Fields: Unrestricted.,"Merit, essay response, and academic verification.","Description: Submit your original photo that captures the essence of what the theme ""Focus"" means to you. Applications will no...",Not specified,2026-09-16
SCH_0742,Pretty Photoshop Actions Scholarship Program,International Organization / Foundation,Organization / Foundation,IEFA,https://www.iefa.org/scholarships/2989/Pretty_Photoshop_Actions_Scholarship_Program,https://www.iefa.org/scholarships/2989/Pretty_Photoshop_Actions_Scholarship_Program,Canada,USA,Unrestricted,Any,Full-time,Unrestricted,Not specified,Not specified,Enrolled or accepted in eligible accredited institution,Good academic standing,Not specified,Any,General,Equal Opportunity,International student or foreign national,Varies by award,USD,Partial,Partial,Not specified,Not specified,Not specified,Free,Varies (See official site),Annual / Semester award,Multiple,"Academic transcript, Proof of enrollment, Recommendation letter, Essay",Nationalities: Unrestricted; Host country: Canada and United States; Fields: Unrestricted.,"Merit, essay response, and academic verification.",Pretty Photoshop Actions recognizes the importance of higher education and the role it plays in our personal and professional fulfillment....,Not specified,2026-09-16
SCH_0743,Vape Craft Inc Scholarship Fund,International Organization / Foundation,Organization / Foundation,IEFA,https://www.iefa.org/scholarships/2979/Vape_Craft_Inc_Scholarship_Fund,https://www.iefa.org/scholarships/2979/Vape_Craft_Inc_Scholarship_Fund,International,International,Unrestricted,Any,Full-time,Unrestricted,Not specified,Not specified,Enrolled or accepted in eligible accredited institution,Good academic standing,Not specified,Any,General,Equal Opportunity,International student or foreign national,Varies by award,USD,Partial,Partial,Not specified,Not specified,Not specified,Free,Varies (See official site),Annual / Semester award,Multiple,"Academic transcript, Proof of enrollment, Recommendation letter, Essay",Nationalities: Unrestricted; Host country: Unrestricted; Fields: Unrestricted.,"Merit, essay response, and academic verification.",Two students per year will win a $4000 scholarship to benefit their educational goals. Simply write a short essay and...,Not specified,2026-09-16
SCH_0744,Ugly Sweater Scholarship,International Organization / Foundation,Organization / Foundation,IEFA,https://www.iefa.org/scholarships/2982/Ugly_Sweater_Scholarship,https://www.iefa.org/scholarships/2982/Ugly_Sweater_Scholarship,USA,USA,Unrestricted,Any,Full-time,Unrestricted,Not specified,Not specified,Enrolled or accepted in eligible accredited institution,Good academic standing,Not specified,Any,General,Equal Opportunity,International student or foreign national,Varies by award,USD,Partial,Partial,Not specified,Not specified,Not specified,Free,Varies (See official site),Annual / Semester award,Multiple,"Academic transcript, Proof of enrollment, Recommendation letter, Essay",Nationalities: Unrestricted; Host country: United States; Fields: Unrestricted.,"Merit, essay response, and academic verification.","The holidays are such a joyous time. The lights and festive decorations, cheerful smiles among friends and family, and, of...",Not specified,2026-09-16
SCH_0745,Outer Audio’s Love of Audio Scholarship,International Organization / Foundation,Organization / Foundation,IEFA,https://www.iefa.org/scholarships/2983/Outer_Audio’s_Love_of_Audio_Scholarship,https://www.iefa.org/scholarships/2983/Outer_Audio’s_Love_of_Audio_Scholarship,International,International,Unrestricted,Postgraduate,Full-time,Unrestricted,Not specified,Not specified,Enrolled or accepted in eligible accredited institution,Good academic standing,Not specified,Any,General,Equal Opportunity,International student or foreign national,Varies by award,USD,Partial,Partial,Not specified,Not specified,Not specified,Free,Varies (See official site),Annual / Semester award,Multiple,"Academic transcript, Proof of enrollment, Recommendation letter, Essay",Nationalities: Unrestricted; Host country: Unrestricted; Fields: Unrestricted.,"Merit, essay response, and academic verification.","Outer Audio is pleased to announce the Outer Audio Love of Audio Scholarship for Undergraduate or Postgraduate students, to the...",Not specified,2026-09-16
SCH_0746,Giract's European Flavor Research Promotional Programme 8th Edition -2017-18,International Organization / Foundation,Organization / Foundation,IEFA,https://www.iefa.org/scholarships/2939/Giract's_European_Flavor_Research_Promotional_Programme_8th_Edition_-2017-18,https://www.iefa.org/scholarships/2939/Giract's_European_Flavor_Research_Promotional_Programme_8th_Edition_-2017-18,"Austria, Belgium, Bulgaria...","Austria, Belgium, Bulgaria...","Afghanistan, Albania, Algeria...",Any,Full-time,"Biology/Life Sciences, Business/Management, Engineering...",Not specified,Not specified,Enrolled or accepted in eligible accredited institution,Good academic standing,Not specified,Any,General,Equal Opportunity,International student or foreign national,Varies by award,EUR,Partial,Partial,Not specified,Not specified,Not specified,Free,Varies (See official site),Annual / Semester award,Multiple,"Academic transcript, Proof of enrollment, Recommendation letter, Essay","Nationalities: Afghanistan, Albania, Algeria...; Host country: Austria, Belgium, Bulgaria...; Fields: Biology/Life Sciences, Business/Management, Engineering....","Merit, essay response, and academic verification.",The programme aims to raise the profile of flavor science research in Europe by encouraging students of differing scientific disciplines...,Not specified,2026-09-16
SCH_0747,Web Development Scholarship,International Organization / Foundation,Organization / Foundation,IEFA,https://www.iefa.org/scholarships/2978/Web_Development_Scholarship,https://www.iefa.org/scholarships/2978/Web_Development_Scholarship,USA,USA,United States,Any,Full-time,Web Design & Development,Not specified,Not specified,Enrolled or accepted in eligible accredited institution,Good academic standing,Not specified,Any,General,Equal Opportunity,International student or foreign national,Varies by award,USD,Partial,Partial,Not specified,Not specified,Not specified,Free,Varies (See official site),Annual / Semester award,Multiple,"Academic transcript, Proof of enrollment, Recommendation letter, Essay",Nationalities: United States; Host country: United States; Fields: Web Design & Development.,"Merit, essay response, and academic verification.",SVG is becoming more popular in web design these days. The small file size and the animation you can do...,Not specified,2026-09-16
SCH_0748,Bayside Psychotherapy Scholarship,International Organization / Foundation,Organization / Foundation,IEFA,https://www.iefa.org/scholarships/2976/Bayside_Psychotherapy_Scholarship,https://www.iefa.org/scholarships/2976/Bayside_Psychotherapy_Scholarship,Australia,Australia,Australia,Any,Full-time,Health Professions and Psychology,Not specified,Not specified,Enrolled or accepted in eligible accredited institution,Good academic standing,Not specified,Any,General,Equal Opportunity,International student or foreign national,Varies by award,USD,Partial,Partial,Not specified,Not specified,Not specified,Free,Varies (See official site),Annual / Semester award,Multiple,"Academic transcript, Proof of enrollment, Recommendation letter, Essay",Nationalities: Australia; Host country: Australia; Fields: Health Professions and Psychology.,"Merit, essay response, and academic verification.",See here for details: www.baysidepsychotherapy.com.au/clinic-learning-program/,Not specified,2026-09-16
SCH_0749,The Titan Web Agency Bi-Annual Scholarship Program,International Organization / Foundation,Organization / Foundation,IEFA,https://www.iefa.org/scholarships/2969/The_Titan_Web_Agency_Bi-Annual_Scholarship_Program,https://www.iefa.org/scholarships/2969/The_Titan_Web_Agency_Bi-Annual_Scholarship_Program,USA,USA,United States,Any,Full-time,Unrestricted,Not specified,Not specified,Enrolled or accepted in eligible accredited institution,Good academic standing,Not specified,Any,General,Equal Opportunity,International student or foreign national,Varies by award,USD,Partial,Partial,Not specified,Not specified,Not specified,Free,Varies (See official site),Annual / Semester award,Multiple,"Academic transcript, Proof of enrollment, Recommendation letter, Essay",Nationalities: United States; Host country: United States; Fields: Unrestricted.,"Merit, essay response, and academic verification.","At Titan Web Agency, we believe it’s our responsibility to give back to the community and help those looking to...",Not specified,2026-09-16
SCH_0750,Lifesaver Essays-Call for Essay-Aug-Nov 2017,International Organization / Foundation,Organization / Foundation,IEFA,https://www.iefa.org/scholarships/2964/Lifesaver_Essays-Call_for_Essay-Aug-Nov_2017,https://www.iefa.org/scholarships/2964/Lifesaver_Essays-Call_for_Essay-Aug-Nov_2017,International,International,Unrestricted,Any,Full-time,Unrestricted,Not specified,Not specified,Enrolled or accepted in eligible accredited institution,Good academic standing,Not specified,Any,General,Equal Opportunity,International student or foreign national,Varies by award,USD,Partial,Partial,Not specified,Not specified,Not specified,Free,Varies (See official site),Annual / Semester award,Multiple,"Academic transcript, Proof of enrollment, Recommendation letter, Essay",Nationalities: Unrestricted; Host country: Unrestricted; Fields: Unrestricted.,"Merit, essay response, and academic verification.","Lifesaver Essays, an academic help platform, announces its third Essay Writing Contest. We welcome entries from passionate writers. So feel...",Not specified,2026-09-16
SCH_0751,International Students Academic Merit Scholarship,International Organization / Foundation,Organization / Foundation,IEFA,https://www.iefa.org/scholarships/2189/International_Students_Academic_Merit_Scholarship,https://www.iefa.org/scholarships/2189/International_Students_Academic_Merit_Scholarship,International,International,Unrestricted,Postgraduate,Full-time,Unrestricted,Not specified,Not specified,Enrolled or accepted in eligible accredited institution,Good academic standing,Not specified,Any,General,Equal Opportunity,International student or foreign national,Varies by award,USD,Partial,Partial,Not specified,Not specified,Not specified,Free,Varies (See official site),Annual / Semester award,Multiple,"Academic transcript, Proof of enrollment, Recommendation letter, Essay",Nationalities: Unrestricted; Host country: Unrestricted; Fields: Unrestricted.,"Merit, essay response, and academic verification.",This award is reserved for new international students at both the undergraduate and graduate levels. The award covers 50% of...,Not specified,2026-09-16
SCH_0752,Anthem Essay Contest,International Organization / Foundation,Organization / Foundation,IEFA,https://www.iefa.org/scholarships/2610/Anthem_Essay_Contest,https://www.iefa.org/scholarships/2610/Anthem_Essay_Contest,International,International,Unrestricted,Any,Full-time,Unrestricted,Not specified,Not specified,Enrolled or accepted in eligible accredited institution,Good academic standing,Not specified,Any,General,Equal Opportunity,International student or foreign national,Varies by award,USD,Partial,Partial,Not specified,Not specified,Not specified,Free,Varies (See official site),Annual / Semester award,Multiple,"Academic transcript, Proof of enrollment, Recommendation letter, Essay",Nationalities: Unrestricted; Host country: Unrestricted; Fields: Unrestricted.,"Merit, essay response, and academic verification.","Entrant must be in the 8th, 9th or 10th grade. Essay must be no fewer than 600 and no more...",Not specified,2026-09-16
SCH_0753,Fresno Pacific International Student Scholarship,International Organization / Foundation,Organization / Foundation,IEFA,https://www.iefa.org/scholarships/2956/Fresno_Pacific_International_Student_Scholarship,https://www.iefa.org/scholarships/2956/Fresno_Pacific_International_Student_Scholarship,USA,USA,Unrestricted,Any,Full-time,Unrestricted,Not specified,Not specified,Enrolled or accepted in eligible accredited institution,Good academic standing,Not specified,Any,General,Equal Opportunity,International student or foreign national,Varies by award,USD,Partial,Partial,Not specified,Not specified,Not specified,Free,Varies (See official site),Annual / Semester award,Multiple,"Academic transcript, Proof of enrollment, Recommendation letter, Essay",Nationalities: Unrestricted; Host country: United States; Fields: Unrestricted.,"Merit, essay response, and academic verification.","Scholarships are determined by the International Office on a holistic approach based on the combination of academics, exam scores, and...",Not specified,2026-09-16
SCH_0754,International Baccalaureate Scholarship for Truman State Applicants,International Organization / Foundation,Organization / Foundation,IEFA,https://www.iefa.org/scholarships/2951/International_Baccalaureate_Scholarship_for_Truman_State_Applicants,https://www.iefa.org/scholarships/2951/International_Baccalaureate_Scholarship_for_Truman_State_Applicants,International,International,Unrestricted,Any,Full-time,Unrestricted,Not specified,Not specified,Enrolled or accepted in eligible accredited institution,Good academic standing,Not specified,Any,General,Equal Opportunity,International student or foreign national,Varies by award,USD,Partial,Partial,Not specified,Not specified,Not specified,Free,Varies (See official site),Annual / Semester award,Multiple,"Academic transcript, Proof of enrollment, Recommendation letter, Essay",Nationalities: Unrestricted; Host country: Unrestricted; Fields: Unrestricted.,"Merit, essay response, and academic verification.",Truman State University recognizes the challenging IB curriculum. Truman applicants who complete the IB Diploma will be awarded a $2000...,Not specified,2026-09-16
SCH_0755,CAPE Scholarship for Truman State Applicants,International Organization / Foundation,Organization / Foundation,IEFA,https://www.iefa.org/scholarships/2952/CAPE_Scholarship_for_Truman_State_Applicants,https://www.iefa.org/scholarships/2952/CAPE_Scholarship_for_Truman_State_Applicants,International,International,Unrestricted,Any,Full-time,Unrestricted,Not specified,Not specified,Enrolled or accepted in eligible accredited institution,Good academic standing,Not specified,Any,General,Equal Opportunity,International student or foreign national,Varies by award,USD,Partial,Partial,Not specified,Not specified,Not specified,Free,Varies (See official site),Annual / Semester award,Multiple,"Academic transcript, Proof of enrollment, Recommendation letter, Essay",Nationalities: Unrestricted; Host country: Unrestricted; Fields: Unrestricted.,"Merit, essay response, and academic verification.",The Caribbean Advanced Proficiency Exam is designed to provide certification to students in the Caribbean who wish to further their...,Not specified,2026-09-16
SCH_0756,A-Level Examination Scholarship for Truman State Applicants,International Organization / Foundation,Organization / Foundation,IEFA,https://www.iefa.org/scholarships/2953/A-Level_Examination_Scholarship_for_Truman_State_Applicants,https://www.iefa.org/scholarships/2953/A-Level_Examination_Scholarship_for_Truman_State_Applicants,International,International,Unrestricted,Any,Full-time,Unrestricted,Not specified,Not specified,Enrolled or accepted in eligible accredited institution,Good academic standing,Not specified,Any,General,Equal Opportunity,International student or foreign national,Varies by award,USD,Partial,Partial,Not specified,Not specified,Not specified,Free,Varies (See official site),Annual / Semester award,Multiple,"Academic transcript, Proof of enrollment, Recommendation letter, Essay",Nationalities: Unrestricted; Host country: Unrestricted; Fields: Unrestricted.,"Merit, essay response, and academic verification.","Truman recognizes the challenging A-Level curriculum by offering transfer of credit for the successful completion of many A-Level examinations, to...",Not specified,2026-09-16
SCH_0757,DuPont NutriScholars Awards,International Organization / Foundation,Organization / Foundation,IEFA,https://www.iefa.org/scholarships/2957/DuPont_NutriScholars_Awards,https://www.iefa.org/scholarships/2957/DuPont_NutriScholars_Awards,India,India,India,Any,Full-time,"Biology/Life Sciences, Engineering, Applied Science...",Not specified,Not specified,Enrolled or accepted in eligible accredited institution,Good academic standing,Not specified,Any,General,Equal Opportunity,International student or foreign national,Varies by award,USD,Partial,Partial,Not specified,Not specified,Not specified,Free,Varies (See official site),Annual / Semester award,Multiple,"Academic transcript, Proof of enrollment, Recommendation letter, Essay","Nationalities: India; Host country: India; Fields: Biology/Life Sciences, Engineering, Applied Science....","Merit, essay response, and academic verification.",DuPont Nutrition & Health announces 1st edition of ‘DuPont NutriScholars Awards’ program to endorse innovation in local and ethnic Indian...,Not specified,2026-09-16
SCH_0758,Kennedy Scholarship,International Organization / Foundation,Organization / Foundation,IEFA,https://www.iefa.org/scholarships/2540/Kennedy_Scholarship,https://www.iefa.org/scholarships/2540/Kennedy_Scholarship,United Kingdom,United Kingdom,United Kingdom,Any,Full-time,Unrestricted,Not specified,Not specified,Enrolled or accepted in eligible accredited institution,Good academic standing,Not specified,Any,General,Equal Opportunity,International student or foreign national,Varies by award,GBP,Partial,Partial,Not specified,Not specified,Not specified,Free,Varies (See official site),Annual / Semester award,Multiple,"Academic transcript, Proof of enrollment, Recommendation letter, Essay",Nationalities: United Kingdom; Host country: United Kingdom; Fields: Unrestricted.,"Merit, essay response, and academic verification.",Kennedy Scholarships are part of the British national memorial to the late President and offer fully-funded awards to British citizens...,Not specified,2026-09-16
SCH_0759,Northwest International Achievement Scholarship,International Organization / Foundation,Organization / Foundation,IEFA,https://www.iefa.org/scholarships/2690/Northwest_International_Achievement_Scholarship,https://www.iefa.org/scholarships/2690/Northwest_International_Achievement_Scholarship,International,International,Unrestricted,Any,Full-time,Unrestricted,Not specified,Not specified,Enrolled or accepted in eligible accredited institution,Good academic standing,Not specified,Any,General,Equal Opportunity,International student or foreign national,Varies by award,USD,Partial,Partial,Not specified,Not specified,Not specified,Free,Varies (See official site),Annual / Semester award,Multiple,"Academic transcript, Proof of enrollment, Recommendation letter, Essay",Nationalities: Unrestricted; Host country: Unrestricted; Fields: Unrestricted.,"Merit, essay response, and academic verification.",This award will represent the value of the difference in price between in-state and out-of-state tuition. It is equivalent to...,Not specified,2026-09-16
SCH_0760,Northwest Merit Scholarship,International Organization / Foundation,Organization / Foundation,IEFA,https://www.iefa.org/scholarships/2691/Northwest_Merit_Scholarship,https://www.iefa.org/scholarships/2691/Northwest_Merit_Scholarship,USA,USA,Unrestricted,Any,Full-time,Unrestricted,Not specified,Not specified,Enrolled or accepted in eligible accredited institution,Good academic standing,Not specified,Any,General,Equal Opportunity,International student or foreign national,Varies by award,USD,Partial,Partial,Not specified,Not specified,Not specified,Free,Varies (See official site),Annual / Semester award,Multiple,"Academic transcript, Proof of enrollment, Recommendation letter, Essay",Nationalities: Unrestricted; Host country: United States; Fields: Unrestricted.,"Merit, essay response, and academic verification.",Scholarship based on student taking SAT or ACT exam (not required for Admission to university). Awards given based on SAT/ACT...,Not specified,2026-09-16
SCH_0761,Northwest IB Scholarship,International Organization / Foundation,Organization / Foundation,IEFA,https://www.iefa.org/scholarships/2955/Northwest_IB_Scholarship,https://www.iefa.org/scholarships/2955/Northwest_IB_Scholarship,USA,USA,Unrestricted,Undergraduate,Full-time,Unrestricted,Not specified,Not specified,Enrolled or accepted in eligible accredited institution,Good academic standing,Not specified,Any,General,Equal Opportunity,International student or foreign national,Varies by award,USD,Partial,Partial,Not specified,Not specified,Not specified,Free,Varies (See official site),Annual / Semester award,Multiple,"Academic transcript, Proof of enrollment, Recommendation letter, Essay",Nationalities: Unrestricted; Host country: United States; Fields: Unrestricted.,"Merit, essay response, and academic verification.",$1000 award first year ONLY for student graduating from an International Baccalaureate high school. Award given to the first 20...,Not specified,2026-09-16
SCH_0762,Internet Marketing Scholarship,International Organization / Foundation,Organization / Foundation,IEFA,https://www.iefa.org/scholarships/2954/Internet_Marketing_Scholarship,https://www.iefa.org/scholarships/2954/Internet_Marketing_Scholarship,Australia,Canada,Unrestricted,Postgraduate,Full-time,Business/Management and Web Design & Development,Not specified,Not specified,Enrolled or accepted in eligible accredited institution,Good academic standing,Not specified,Any,General,Equal Opportunity,International student or foreign national,Varies by award,CAD,Partial,Partial,Not specified,Not specified,Not specified,Free,Varies (See official site),Annual / Semester award,Multiple,"Academic transcript, Proof of enrollment, Recommendation letter, Essay","Nationalities: Unrestricted; Host country: Afghanistan, Australia, Cambodia and Canada; Fields: Business/Management and Web Design & Development.","Merit, essay response, and academic verification.","We are the GuideTopReview Company, we have created a project called ""Internet Marketing Scholarship"" for Poor Students, Undergraduate or Postgraduate...",Not specified,2026-09-16
SCH_0763,DirectTextbook.com 2017 Haiku Scholarship Contest,International Organization / Foundation,Organization / Foundation,IEFA,https://www.iefa.org/scholarships/2949/DirectTextbook.com_2017_Haiku_Scholarship_Contest,https://www.iefa.org/scholarships/2949/DirectTextbook.com_2017_Haiku_Scholarship_Contest,International,International,Unrestricted,Any,Full-time,Unrestricted,Not specified,Not specified,Enrolled or accepted in eligible accredited institution,Good academic standing,Not specified,Any,General,Equal Opportunity,International student or foreign national,Varies by award,USD,Partial,Partial,Not specified,Not specified,Not specified,Free,Varies (See official site),Annual / Semester award,Multiple,"Academic transcript, Proof of enrollment, Recommendation letter, Essay",Nationalities: Unrestricted; Host country: Unrestricted; Fields: Unrestricted.,"Merit, essay response, and academic verification.",DirectTextbook.com 2017 Haiku Scholarship Contest Award amounts: Two $500 Scholarships: Haikus selected by Direct Textbook Two $500 Scholarships: Haikus with the most...,Not specified,2026-09-16
SCH_0764,Sitka Campus Student Scholarships and Tuition Waivers,International Organization / Foundation,Organization / Foundation,IEFA,https://www.iefa.org/scholarships/2944/Sitka_Campus_Student_Scholarships_and_Tuition_Waivers,https://www.iefa.org/scholarships/2944/Sitka_Campus_Student_Scholarships_and_Tuition_Waivers,International,International,Unrestricted,Any,Full-time,Unrestricted,Not specified,Not specified,Enrolled or accepted in eligible accredited institution,Good academic standing,Not specified,Any,General,Equal Opportunity,International student or foreign national,Varies by award,USD,Partial,Partial,Not specified,Not specified,Not specified,Free,Varies (See official site),Annual / Semester award,Multiple,"Academic transcript, Proof of enrollment, Recommendation letter, Essay",Nationalities: Unrestricted; Host country: Unrestricted; Fields: Unrestricted.,"Merit, essay response, and academic verification.",Any student admitted to a UAS Sitka Campus program and attending at least 6 credits or more of Sitka Classes...,Not specified,2026-09-16
SCH_0765,The Law Offices of Sean M. Cleary 2017 Scholarship,International Organization / Foundation,Organization / Foundation,IEFA,https://www.iefa.org/scholarships/2938/The_Law_Offices_of_Sean_M._Cleary_2017_Scholarship,https://www.iefa.org/scholarships/2938/The_Law_Offices_of_Sean_M._Cleary_2017_Scholarship,International,International,Unrestricted,Any,Full-time,Unrestricted,Not specified,Not specified,Enrolled or accepted in eligible accredited institution,Good academic standing,Not specified,Any,General,Equal Opportunity,International student or foreign national,Varies by award,USD,Partial,Partial,Not specified,Not specified,Not specified,Free,Varies (See official site),Annual / Semester award,Multiple,"Academic transcript, Proof of enrollment, Recommendation letter, Essay",Nationalities: Unrestricted; Host country: Unrestricted; Fields: Unrestricted.,"Merit, essay response, and academic verification.","Our $1,000 scholarship is intended to support one student who will help raise awareness on the deadly effects of teen...",Not specified,2026-09-16
SCH_0766,A Better Florist Scholarship,International Organization / Foundation,Organization / Foundation,IEFA,https://www.iefa.org/scholarships/2936/A_Better_Florist_Scholarship,https://www.iefa.org/scholarships/2936/A_Better_Florist_Scholarship,International,International,Unrestricted,Any,Full-time,Unrestricted,Not specified,Not specified,Enrolled or accepted in eligible accredited institution,Good academic standing,Not specified,Any,General,Equal Opportunity,International student or foreign national,Varies by award,USD,Partial,Partial,Not specified,Not specified,Not specified,Free,Varies (See official site),Annual / Semester award,Multiple,"Academic transcript, Proof of enrollment, Recommendation letter, Essay",Nationalities: Unrestricted; Host country: Unrestricted; Fields: Unrestricted.,"Merit, essay response, and academic verification.",A Better Florist's team consists of young and talented inspiring entrepreneurs with the knack for innovation and all things creative....,Not specified,2026-09-16
SCH_0767,The10Pro Scholarship Program,International Organization / Foundation,Organization / Foundation,IEFA,https://www.iefa.org/scholarships/2933/The10Pro_Scholarship_Program,https://www.iefa.org/scholarships/2933/The10Pro_Scholarship_Program,International,International,Unrestricted,Any,Full-time,Unrestricted,Not specified,Not specified,Enrolled or accepted in eligible accredited institution,Good academic standing,Not specified,Any,General,Equal Opportunity,International student or foreign national,Varies by award,USD,Partial,Partial,Not specified,Not specified,Not specified,Free,Varies (See official site),Annual / Semester award,Multiple,"Academic transcript, Proof of enrollment, Recommendation letter, Essay",Nationalities: Unrestricted; Host country: Unrestricted; Fields: Unrestricted.,"Merit, essay response, and academic verification.",Scholarship Purpose: We understand that there are intelligent students who is struggling economically with their school fees or upkeep money. This...,Not specified,2026-09-16
SCH_0768,Dash Two Essay Writing Scholarship Contest For College Seniors and Juniors,International Organization / Foundation,Organization / Foundation,IEFA,https://www.iefa.org/scholarships/2911/Dash_Two_Essay_Writing_Scholarship_Contest_For_College_Seniors_and_Juniors,https://www.iefa.org/scholarships/2911/Dash_Two_Essay_Writing_Scholarship_Contest_For_College_Seniors_and_Juniors,International,International,United States,Any,Full-time,Education,Not specified,Not specified,Enrolled or accepted in eligible accredited institution,Good academic standing,Not specified,Any,General,Equal Opportunity,International student or foreign national,Varies by award,USD,Partial,Partial,Not specified,Not specified,Not specified,Free,Varies (See official site),Annual / Semester award,Multiple,"Academic transcript, Proof of enrollment, Recommendation letter, Essay",Nationalities: United States; Host country: Unrestricted; Fields: Education.,"Merit, essay response, and academic verification.","As incoming college juniors and seniors look to their future after graduation, they don't often get the chance to look...",Not specified,2026-09-16
SCH_0769,Architecture & Design Scholarship,International Organization / Foundation,Organization / Foundation,IEFA,https://www.iefa.org/scholarships/2929/Architecture_&_Design_Scholarship,https://www.iefa.org/scholarships/2929/Architecture_&_Design_Scholarship,Australia,Australia,Unrestricted,Postgraduate,Full-time,Architecture & Design,Not specified,Not specified,Enrolled or accepted in eligible accredited institution,Good academic standing,Not specified,Any,General,Equal Opportunity,International student or foreign national,Varies by award,USD,Partial,Partial,Not specified,Not specified,Not specified,Free,Varies (See official site),Annual / Semester award,Multiple,"Academic transcript, Proof of enrollment, Recommendation letter, Essay",Nationalities: Unrestricted; Host country: Australia; Fields: Architecture & Design.,"Merit, essay response, and academic verification.","For students studying architecure, interior design or landscape architecture at the undergraduate or post-graduate level.",Not specified,2026-09-16
SCH_0770,Women in Architecture Scholarship,International Organization / Foundation,Organization / Foundation,IEFA,https://www.iefa.org/scholarships/2930/Women_in_Architecture_Scholarship,https://www.iefa.org/scholarships/2930/Women_in_Architecture_Scholarship,Australia,Australia,Australia,Postgraduate,Full-time,Architecture & Design,Not specified,Not specified,Enrolled or accepted in eligible accredited institution,Good academic standing,Not specified,Female,General,Equal Opportunity,International student or foreign national,Varies by award,USD,Partial,Partial,Not specified,Not specified,Not specified,Free,Varies (See official site),Annual / Semester award,Multiple,"Academic transcript, Proof of enrollment, Recommendation letter, Essay",Nationalities: Australia; Host country: Australia; Fields: Architecture & Design.,"Merit, essay response, and academic verification.",For female students studying architecture at the undergraduate or post-graduate level.,Not specified,2026-09-16
SCH_0771,The LasikPlus “My Vision” Essay Scholarship Contest,International Organization / Foundation,Organization / Foundation,IEFA,https://www.iefa.org/scholarships/2928/The_LasikPlus_“My_Vision”_Essay_Scholarship_Contest_,https://www.iefa.org/scholarships/2928/The_LasikPlus_“My_Vision”_Essay_Scholarship_Contest_,International,International,Unrestricted,Any,Full-time,Unrestricted,Not specified,Not specified,Enrolled or accepted in eligible accredited institution,Good academic standing,Not specified,Any,General,Equal Opportunity,International student or foreign national,Varies by award,USD,Partial,Partial,Not specified,Not specified,Not specified,Free,Varies (See official site),Annual / Semester award,Multiple,"Academic transcript, Proof of enrollment, Recommendation letter, Essay",Nationalities: Unrestricted; Host country: Unrestricted; Fields: Unrestricted.,"Merit, essay response, and academic verification.",The LasikPlus “My Vision” Essay Scholarship Contest (the “Essay Scholarship Contest”) is designed to offer scholarship opportunities to recognize outstanding college...,Not specified,2026-09-16
SCH_0772,PhD Scholarships at the IMT School,International Organization / Foundation,Organization / Foundation,IEFA,https://www.iefa.org/scholarships/2927/PhD_Scholarships_at_the_IMT_School_,https://www.iefa.org/scholarships/2927/PhD_Scholarships_at_the_IMT_School_,International,International,Unrestricted,Postgraduate,Full-time,"Biology/Life Sciences, Business/Management, Computer & Information Systems...",Not specified,Not specified,Enrolled or accepted in eligible accredited institution,Good academic standing,Not specified,Any,General,Equal Opportunity,International student or foreign national,Varies by award,USD,Partial,Partial,Not specified,Not specified,Not specified,Free,Varies (See official site),Annual / Semester award,Multiple,"Academic transcript, Proof of enrollment, Recommendation letter, Essay","Nationalities: Unrestricted; Host country: Unrestricted; Fields: Biology/Life Sciences, Business/Management, Computer & Information Systems....","Merit, essay response, and academic verification.","Applications are now being accepted for the 2017/18 PhD program at the IMT School for Advanced Studies Lucca (www.imtlucca.it), one...",Not specified,2026-09-16
SCH_0773,"PhD Scholarships in Economics, CS & Engineering, Neuroscience, Cultural Heritage",International Organization / Foundation,Organization / Foundation,IEFA,"https://www.iefa.org/scholarships/2922/PhD_Scholarships_in_Economics,_CS_&_Engineering,_Neuroscience,_Cultural_Heritage","https://www.iefa.org/scholarships/2922/PhD_Scholarships_in_Economics,_CS_&_Engineering,_Neuroscience,_Cultural_Heritage",Italy,Italy,Unrestricted,Postgraduate,Full-time,"Architecture & Design, Biology/Life Sciences, Business/Management...",Not specified,Not specified,Enrolled or accepted in eligible accredited institution,Good academic standing,Not specified,Any,General,Equal Opportunity,International student or foreign national,Varies by award,USD,Partial,Partial,Not specified,Not specified,Not specified,Free,Varies (See official site),Annual / Semester award,Multiple,"Academic transcript, Proof of enrollment, Recommendation letter, Essay","Nationalities: Unrestricted; Host country: Italy; Fields: Architecture & Design, Biology/Life Sciences, Business/Management....","Merit, essay response, and academic verification.","Applications are now being accepted for the 2017/18 PhD program at the IMT School for Advanced Studies Lucca (www.imtlucca.it), one...",Not specified,2026-09-16
SCH_0774,Jane Curnow Library Scholarship,International Organization / Foundation,Organization / Foundation,IEFA,https://www.iefa.org/scholarships/2921/Jane_Curnow_Library_Scholarship,https://www.iefa.org/scholarships/2921/Jane_Curnow_Library_Scholarship,International,International,Unrestricted,Any,Full-time,Unrestricted,Not specified,Not specified,Enrolled or accepted in eligible accredited institution,Good academic standing,Not specified,Any,General,Equal Opportunity,International student or foreign national,Varies by award,USD,Partial,Partial,Not specified,Not specified,Not specified,Free,Varies (See official site),Annual / Semester award,Multiple,"Academic transcript, Proof of enrollment, Recommendation letter, Essay",Nationalities: Unrestricted; Host country: Unrestricted; Fields: Unrestricted.,"Merit, essay response, and academic verification.",This scholarship is open to persons of all citizenship. Priority is for those from the most deprived socio-economic backgrounds. There...,Not specified,2026-09-16
SCH_0775,Global Student,International Organization / Foundation,Organization / Foundation,IEFA,https://www.iefa.org/scholarships/2918/Global_Student,https://www.iefa.org/scholarships/2918/Global_Student,International,International,Unrestricted,Any,Full-time,Unrestricted,Not specified,Not specified,Enrolled or accepted in eligible accredited institution,Good academic standing,Not specified,Any,General,Equal Opportunity,International student or foreign national,Varies by award,USD,Partial,Partial,Not specified,Not specified,Not specified,Free,Varies (See official site),Annual / Semester award,Multiple,"Academic transcript, Proof of enrollment, Recommendation letter, Essay",Nationalities: Unrestricted; Host country: Unrestricted; Fields: Unrestricted.,"Merit, essay response, and academic verification.","Every year, thousands of international students look to pursue a higher education in the U.S. But for many, this dream...",Not specified,2026-09-16
SCH_0776,The Healthline Stronger Scholarship Program,International Organization / Foundation,Organization / Foundation,IEFA,https://www.iefa.org/scholarships/2916/The_Healthline_Stronger_Scholarship_Program,https://www.iefa.org/scholarships/2916/The_Healthline_Stronger_Scholarship_Program,International,International,Unrestricted,Any,Full-time,Unrestricted,Not specified,Not specified,Enrolled or accepted in eligible accredited institution,Good academic standing,Not specified,Any,General,Equal Opportunity,International student or foreign national,Varies by award,USD,Partial,Partial,Not specified,Not specified,Not specified,Free,Varies (See official site),Annual / Semester award,Multiple,"Academic transcript, Proof of enrollment, Recommendation letter, Essay",Nationalities: Unrestricted; Host country: Unrestricted; Fields: Unrestricted.,"Merit, essay response, and academic verification.","The mission of this scholarship is to support, guide, and inspire emerging leaders of tomorrow who can change the field...",Not specified,2026-09-16
SCH_0777,Scholarship for Outdoor Lovers,International Organization / Foundation,Organization / Foundation,IEFA,https://www.iefa.org/scholarships/2915/Scholarship_for_Outdoor_Lovers,https://www.iefa.org/scholarships/2915/Scholarship_for_Outdoor_Lovers,International,International,Unrestricted,Any,Full-time,Unrestricted,Not specified,Not specified,Enrolled or accepted in eligible accredited institution,Good academic standing,Not specified,Any,General,Equal Opportunity,International student or foreign national,Varies by award,USD,Partial,Partial,Not specified,Not specified,Not specified,Free,Varies (See official site),Annual / Semester award,Multiple,"Academic transcript, Proof of enrollment, Recommendation letter, Essay",Nationalities: Unrestricted; Host country: Unrestricted; Fields: Unrestricted.,"Merit, essay response, and academic verification.","There are many scholarships for students who love sports, arts or music as well as for those who academically achieve...",Not specified,2026-09-16
SCH_0778,"$10,000 Upvote Scholarship",International Organization / Foundation,Organization / Foundation,IEFA,"https://www.iefa.org/scholarships/2904/$10,000_Upvote_Scholarship_","https://www.iefa.org/scholarships/2904/$10,000_Upvote_Scholarship_",International,International,Unrestricted,Any,Full-time,Unrestricted,Not specified,Not specified,Enrolled or accepted in eligible accredited institution,Good academic standing,Not specified,Any,General,Equal Opportunity,International student or foreign national,Varies by award,USD,Partial,Partial,Not specified,Not specified,Not specified,Free,Varies (See official site),Annual / Semester award,Multiple,"Academic transcript, Proof of enrollment, Recommendation letter, Essay",Nationalities: Unrestricted; Host country: Unrestricted; Fields: Unrestricted.,"Merit, essay response, and academic verification.",Register and apply for the scholarship then do a post on any channel. You need to get others to upvote...,Not specified,2026-09-16
SCH_0779,A-1 Auto Transport Scholarship,International Organization / Foundation,Organization / Foundation,IEFA,https://www.iefa.org/scholarships/2906/A-1_Auto_Transport_Scholarship,https://www.iefa.org/scholarships/2906/A-1_Auto_Transport_Scholarship,International,International,Unrestricted,Any,Full-time,Unrestricted,Not specified,Not specified,Enrolled or accepted in eligible accredited institution,Good academic standing,Not specified,Any,General,Equal Opportunity,International student or foreign national,Varies by award,USD,Partial,Partial,Not specified,Not specified,Not specified,Free,Varies (See official site),Annual / Semester award,Multiple,"Academic transcript, Proof of enrollment, Recommendation letter, Essay",Nationalities: Unrestricted; Host country: Unrestricted; Fields: Unrestricted.,"Merit, essay response, and academic verification.","One award worth $1,000 will be awarded under this A-1 Auto Transport Scholarship. The scholarship will be sent directly to...",Not specified,2026-09-16
SCH_0780,De Niro Scholarship,International Organization / Foundation,Organization / Foundation,IEFA,https://www.iefa.org/scholarships/2905/De_Niro_Scholarship,https://www.iefa.org/scholarships/2905/De_Niro_Scholarship,United Kingdom,United Kingdom,Unrestricted,Any,Full-time,"Business/Management, English Literature, Marketing...",Not specified,Not specified,Enrolled or accepted in eligible accredited institution,Good academic standing,Not specified,Any,General,Equal Opportunity,International student or foreign national,Varies by award,GBP,Partial,Partial,Not specified,Not specified,Not specified,Free,Varies (See official site),Annual / Semester award,Multiple,"Academic transcript, Proof of enrollment, Recommendation letter, Essay","Nationalities: Unrestricted; Host country: United Kingdom; Fields: Business/Management, English Literature, Marketing....","Merit, essay response, and academic verification.","At Onlinecasinocode.co.uk, we believe gambling is an entertainment like any other, reflects the irreducible part of chance in life, helps...",Not specified,2026-09-16
SCH_0781,School of Science Scholarship,International Organization / Foundation,Organization / Foundation,IEFA,https://www.iefa.org/scholarships/2611/School_of_Science_Scholarship,https://www.iefa.org/scholarships/2611/School_of_Science_Scholarship,USA,USA,Unrestricted,Any,Full-time,Chemistry and Science,Not specified,Not specified,Enrolled or accepted in eligible accredited institution,Good academic standing,Not specified,Any,General,Equal Opportunity,International student or foreign national,Varies by award,USD,Partial,Partial,Not specified,Not specified,Not specified,Free,Varies (See official site),Annual / Semester award,Multiple,"Academic transcript, Proof of enrollment, Recommendation letter, Essay",Nationalities: Unrestricted; Host country: United States; Fields: Chemistry and Science.,"Merit, essay response, and academic verification.",The Global Science Course was designed to create an international platform enhancing cross-cultural interactions among young minds from around the...,Not specified,2026-09-16
SCH_0782,MA Applied and Professional Ethics (Online) Scholarships,International Organization / Foundation,Organization / Foundation,IEFA,https://www.iefa.org/scholarships/2580/MA_Applied_and_Professional_Ethics_(Online)_Scholarships,https://www.iefa.org/scholarships/2580/MA_Applied_and_Professional_Ethics_(Online)_Scholarships,International,International,Unrestricted,Postgraduate,Full-time,Unrestricted,Not specified,Not specified,Enrolled or accepted in eligible accredited institution,Good academic standing,Not specified,Any,General,Equal Opportunity,International student or foreign national,Varies by award,USD,Partial,Partial,Not specified,Not specified,Not specified,Free,Varies (See official site),Annual / Semester award,Multiple,"Academic transcript, Proof of enrollment, Recommendation letter, Essay",Nationalities: Unrestricted; Host country: Unrestricted; Fields: Unrestricted.,"Merit, essay response, and academic verification.","Our taught Masters degree in Applied and Professional Ethics is designed to help people in business, the professions, and the...",Not specified,2026-09-16
SCH_0783,MA Biomedical and Health Care Ethics (Online) Scholarships,International Organization / Foundation,Organization / Foundation,IEFA,https://www.iefa.org/scholarships/2581/MA_Biomedical_and_Health_Care_Ethics_(Online)_Scholarships,https://www.iefa.org/scholarships/2581/MA_Biomedical_and_Health_Care_Ethics_(Online)_Scholarships,International,International,Unrestricted,Any,Full-time,Unrestricted,Not specified,Not specified,Enrolled or accepted in eligible accredited institution,Good academic standing,Not specified,Any,General,Equal Opportunity,International student or foreign national,Varies by award,USD,Partial,Partial,Not specified,Not specified,Not specified,Free,Varies (See official site),Annual / Semester award,Multiple,"Academic transcript, Proof of enrollment, Recommendation letter, Essay",Nationalities: Unrestricted; Host country: Unrestricted; Fields: Unrestricted.,"Merit, essay response, and academic verification.","The MA in Biomedical and Health Care Ethics offers a rigorous grounding in health care ethics and biomedical ethics, provided...",Not specified,2026-09-16
SCH_0784,Islamic Banking Scholarship,International Organization / Foundation,Organization / Foundation,IEFA,https://www.iefa.org/scholarships/2773/Islamic_Banking_Scholarship,https://www.iefa.org/scholarships/2773/Islamic_Banking_Scholarship,International,International,Unrestricted,Postgraduate,Full-time,Unrestricted,Not specified,Not specified,Enrolled or accepted in eligible accredited institution,Good academic standing,Not specified,Any,General,Equal Opportunity,International student or foreign national,Varies by award,USD,Partial,Partial,Not specified,Not specified,Not specified,Free,Varies (See official site),Annual / Semester award,Multiple,"Academic transcript, Proof of enrollment, Recommendation letter, Essay",Nationalities: Unrestricted; Host country: Unrestricted; Fields: Unrestricted.,"Merit, essay response, and academic verification.",Sarajevo School of Economics and Business announces call for the award of scholarships for the academic 2016/2017 for funding master...,Not specified,2026-09-16
SCH_0785,The Bita Daryabari Scholarship,International Organization / Foundation,Organization / Foundation,IEFA,https://www.iefa.org/scholarships/2899/The_Bita_Daryabari_Scholarship,https://www.iefa.org/scholarships/2899/The_Bita_Daryabari_Scholarship,International,International,"Afghanistan, Algeria, Bahrain...",Postgraduate,Full-time,Business/Management,Not specified,Not specified,Enrolled or accepted in eligible accredited institution,Good academic standing,Not specified,Any,General,Equal Opportunity,International student or foreign national,Varies by award,USD,Partial,Partial,Not specified,Not specified,Not specified,Free,Varies (See official site),Annual / Semester award,Multiple,"Academic transcript, Proof of enrollment, Recommendation letter, Essay","Nationalities: Afghanistan, Algeria, Bahrain...; Host country: Unrestricted; Fields: Business/Management.","Merit, essay response, and academic verification.","Through the very generous donation of Golden Gate University graduate Bita Daryabari (MS96), a scholarship has been set up to...",Not specified,2026-09-16
SCH_0786,Homekitchenary Student Scholarship,International Organization / Foundation,Organization / Foundation,IEFA,https://www.iefa.org/scholarships/2892/Homekitchenary_Student_Scholarship,https://www.iefa.org/scholarships/2892/Homekitchenary_Student_Scholarship,Western Samoa,Western Samoa,United States,Any,Full-time,Unrestricted,Not specified,Not specified,Enrolled or accepted in eligible accredited institution,Good academic standing,Not specified,Any,General,Equal Opportunity,International student or foreign national,Varies by award,USD,Partial,Partial,Not specified,Not specified,Not specified,Free,Varies (See official site),Annual / Semester award,Multiple,"Academic transcript, Proof of enrollment, Recommendation letter, Essay",Nationalities: United States; Host country: Western Samoa; Fields: Unrestricted.,"Merit, essay response, and academic verification.",Homekitchenary provides annual scholarships for those students who lost a parent to breast cancer and to children of breast cancer survivors....,Not specified,2026-09-16
SCH_0787,Club 21 Scholarship,International Organization / Foundation,Organization / Foundation,IEFA,https://www.iefa.org/scholarships/2889/Club_21_Scholarship,https://www.iefa.org/scholarships/2889/Club_21_Scholarship,International,International,Unrestricted,Any,Full-time,Unrestricted,Not specified,Not specified,Enrolled or accepted in eligible accredited institution,Good academic standing,Not specified,Any,General,Equal Opportunity,International student or foreign national,Varies by award,USD,Partial,Partial,Not specified,Not specified,Not specified,Free,Varies (See official site),Annual / Semester award,Multiple,"Academic transcript, Proof of enrollment, Recommendation letter, Essay",Nationalities: Unrestricted; Host country: Unrestricted; Fields: Unrestricted.,"Merit, essay response, and academic verification.",The Club 21 Scholarship was established in 2012 in celebration of Club 21's 40th Anniversary. It is a bond-free merit...,Not specified,2026-09-16
SCH_0788,POLSRI SCHOLARSHIP 2017,International Organization / Foundation,Organization / Foundation,IEFA,https://www.iefa.org/scholarships/2891/POLSRI_SCHOLARSHIP_2017,https://www.iefa.org/scholarships/2891/POLSRI_SCHOLARSHIP_2017,Indonesia,Indonesia,"Afghanistan, Albania, Algeria...",Any,Full-time,"Business/Management, Computer & Information Systems, Engineering...",Not specified,Not specified,Enrolled or accepted in eligible accredited institution,Good academic standing,Not specified,Any,General,Equal Opportunity,International student or foreign national,Varies by award,USD,Partial,Partial,Not specified,Not specified,Not specified,Free,Varies (See official site),Annual / Semester award,Multiple,"Academic transcript, Proof of enrollment, Recommendation letter, Essay","Nationalities: Afghanistan, Albania, Algeria...; Host country: Indonesia; Fields: Business/Management, Computer & Information Systems, Engineering....","Merit, essay response, and academic verification.","Established on 20 September 1982, Politeknik Negeri Sriwijaya (POLSRI) is one of the biggest and the oldest state owned polytechnics...",Not specified,2026-09-16
SCH_0789,International Women in Media Scholarship,"Everipedia, Inc",Organization / Foundation,IEFA,https://www.iefa.org/scholarships/2883/International_Women_in_Media_Scholarship,https://www.iefa.org/scholarships/2883/International_Women_in_Media_Scholarship,International,International,Unrestricted,Any,Full-time,Unrestricted,Not specified,Not specified,Enrolled or accepted in eligible accredited institution,Good academic standing,Not specified,Female,General,Equal Opportunity,International student or foreign national,Varies by award,USD,Partial,Partial,Not specified,Not specified,Not specified,Free,Varies (See official site),Annual / Semester award,Multiple,"Academic transcript, Proof of enrollment, Recommendation letter, Essay",Nationalities: Unrestricted; Host country: Unrestricted; Fields: Unrestricted.,"Merit, essay response, and academic verification.","The International Women in Media Scholarship was established by Everipedia, Inc. in 2017. It aims to increase awareness of women...",Not specified,2026-09-16
SCH_0790,$1000 Scholarship in Support of Those Under the Revised US Travel Ban,Market Inspec,Organization / Foundation,IEFA,https://www.iefa.org/scholarships/2877/$1000_Scholarship_in_Support_of_Those_Under_the_Revised_US_Travel_Ban,https://www.iefa.org/scholarships/2877/$1000_Scholarship_in_Support_of_Those_Under_the_Revised_US_Travel_Ban,United Kingdom,USA,"Iran, Libya, Somalia...",Any,Full-time,Unrestricted,Not specified,Not specified,Enrolled or accepted in eligible accredited institution,Good academic standing,Not specified,Any,General,Equal Opportunity,International student or foreign national,Varies by award,GBP,Partial,Partial,Not specified,Not specified,Not specified,Free,Varies (See official site),Annual / Semester award,Multiple,"Academic transcript, Proof of enrollment, Recommendation letter, Essay","Nationalities: Iran, Libya, Somalia...; Host country: United Kingdom and United States; Fields: Unrestricted.","Merit, essay response, and academic verification.","We at Market Inspector, are a multicultural team of digital marketing enthusiasts, many of which have left their country of...",Not specified,2026-09-16
SCH_0791,Crush The LSAT Exam Scholarship Program,International Organization / Foundation,Organization / Foundation,IEFA,https://www.iefa.org/scholarships/2867/Crush_The_LSAT_Exam_Scholarship_Program,https://www.iefa.org/scholarships/2867/Crush_The_LSAT_Exam_Scholarship_Program,International,International,Unrestricted,Any,Full-time,Law & Legal Studies,Not specified,Not specified,Enrolled or accepted in eligible accredited institution,Good academic standing,Not specified,Any,General,Equal Opportunity,International student or foreign national,Varies by award,USD,Partial,Partial,Not specified,Not specified,Not specified,Free,Varies (See official site),Annual / Semester award,Multiple,"Academic transcript, Proof of enrollment, Recommendation letter, Essay",Nationalities: Unrestricted; Host country: Unrestricted; Fields: Law & Legal Studies.,"Merit, essay response, and academic verification.",One Grand Prize Winner will receive a $175 reimbursement of LSAT fees plus free access to a Magoosh review course...,Not specified,2026-09-16
SCH_0792,Crush The GMAT Scholarship Program,International Organization / Foundation,Organization / Foundation,IEFA,https://www.iefa.org/scholarships/2868/Crush_The_GMAT_Scholarship_Program,https://www.iefa.org/scholarships/2868/Crush_The_GMAT_Scholarship_Program,International,International,Unrestricted,Any,Full-time,Business/Management,Not specified,Not specified,Enrolled or accepted in eligible accredited institution,Good academic standing,Not specified,Any,General,Equal Opportunity,International student or foreign national,Varies by award,USD,Partial,Partial,Not specified,Not specified,Not specified,Free,Varies (See official site),Annual / Semester award,Multiple,"Academic transcript, Proof of enrollment, Recommendation letter, Essay",Nationalities: Unrestricted; Host country: Unrestricted; Fields: Business/Management.,"Merit, essay response, and academic verification.",One Grand Prize Winner will receive a $250 reimbursement of GMAT fees plus free access to a Magoosh review course...,Not specified,2026-09-16
SCH_0793,Crush The PMP Scholarship Program,International Organization / Foundation,Organization / Foundation,IEFA,https://www.iefa.org/scholarships/2870/Crush_The_PMP_Scholarship_Program,https://www.iefa.org/scholarships/2870/Crush_The_PMP_Scholarship_Program,International,International,Unrestricted,Any,Full-time,Business/Management,Not specified,Not specified,Enrolled or accepted in eligible accredited institution,Good academic standing,Not specified,Any,General,Equal Opportunity,International student or foreign national,Varies by award,USD,Partial,Partial,Not specified,Not specified,Not specified,Free,Varies (See official site),Annual / Semester award,Multiple,"Academic transcript, Proof of enrollment, Recommendation letter, Essay",Nationalities: Unrestricted; Host country: Unrestricted; Fields: Business/Management.,"Merit, essay response, and academic verification.",One Grand Prize Winner will receive a PMP Review Course from PM Training ($599 value) and a reimbursement of up...,Not specified,2026-09-16
SCH_0794,Fall 2017 Creative Biolabs Scholarship Program,International Organization / Foundation,Organization / Foundation,IEFA,https://www.iefa.org/scholarships/2859/Fall_2017_Creative_Biolabs_Scholarship_Program,https://www.iefa.org/scholarships/2859/Fall_2017_Creative_Biolabs_Scholarship_Program,International,International,Unrestricted,Any,Full-time,"Biology/Life Sciences, Health Professions, Chemistry...",Not specified,Not specified,Enrolled or accepted in eligible accredited institution,Good academic standing,Not specified,Any,General,Equal Opportunity,International student or foreign national,Varies by award,USD,Partial,Partial,Not specified,Not specified,Not specified,Free,Varies (See official site),Annual / Semester award,Multiple,"Academic transcript, Proof of enrollment, Recommendation letter, Essay","Nationalities: Unrestricted; Host country: Unrestricted; Fields: Biology/Life Sciences, Health Professions, Chemistry....","Merit, essay response, and academic verification.","As a leading custom service provider specialized in the field of antibody production and engineering, Creative Biolabs is always happy...",Not specified,2026-09-16
SCH_0795,ESSAY WRITING CONTEST BY ESSAYHUB,International Organization / Foundation,Organization / Foundation,IEFA,https://www.iefa.org/scholarships/2863/ESSAY_WRITING_CONTEST_BY_ESSAYHUB,https://www.iefa.org/scholarships/2863/ESSAY_WRITING_CONTEST_BY_ESSAYHUB,United Kingdom,United Kingdom,Unrestricted,Any,Full-time,Unrestricted,Not specified,Not specified,Enrolled or accepted in eligible accredited institution,Good academic standing,Not specified,Any,General,Equal Opportunity,International student or foreign national,Varies by award,CAD,Partial,Partial,Not specified,Not specified,Not specified,Free,Varies (See official site),Annual / Semester award,Multiple,"Academic transcript, Proof of enrollment, Recommendation letter, Essay","Nationalities: Unrestricted; Host country: Australia, Canada, United Kingdom...; Fields: Unrestricted.","Merit, essay response, and academic verification.",Have a registered working email address that is yours and only you have access to. Any individual choosing to participate in...,Not specified,2026-09-16
SCH_0796,Western Union Foundation Global Scholarship Program,International Organization / Foundation,Organization / Foundation,IEFA,https://www.iefa.org/scholarships/2864/Western_Union_Foundation_Global_Scholarship_Program,https://www.iefa.org/scholarships/2864/Western_Union_Foundation_Global_Scholarship_Program,International,International,Unrestricted,Any,Full-time,"Biology/Life Sciences, Business/Management, Computer & Information Systems...",Not specified,Not specified,Enrolled or accepted in eligible accredited institution,Good academic standing,Not specified,Any,General,Equal Opportunity,International student or foreign national,Varies by award,USD,Partial,Partial,Not specified,Not specified,Not specified,Free,Varies (See official site),Annual / Semester award,Multiple,"Academic transcript, Proof of enrollment, Recommendation letter, Essay","Nationalities: Unrestricted; Host country: Unrestricted; Fields: Biology/Life Sciences, Business/Management, Computer & Information Systems....","Merit, essay response, and academic verification.",The Western Union Foundation Global Scholarship Program (WU Scholars) is a program designed to support young people across the world...,Not specified,2026-09-16
SCH_0797,DirectTextbook.com 2017 High School Senior Scholarship Essay Contest,International Organization / Foundation,Organization / Foundation,IEFA,https://www.iefa.org/scholarships/2862/DirectTextbook.com_2017_High_School_Senior_Scholarship_Essay_Contest,https://www.iefa.org/scholarships/2862/DirectTextbook.com_2017_High_School_Senior_Scholarship_Essay_Contest,International,International,Unrestricted,Undergraduate,Full-time,Unrestricted,Not specified,Not specified,Enrolled or accepted in eligible accredited institution,Good academic standing,Not specified,Any,General,Equal Opportunity,International student or foreign national,Varies by award,USD,Partial,Partial,Not specified,Not specified,Not specified,Free,Varies (See official site),Annual / Semester award,Multiple,"Academic transcript, Proof of enrollment, Recommendation letter, Essay",Nationalities: Unrestricted; Host country: Unrestricted; Fields: Unrestricted.,"Merit, essay response, and academic verification.",DirectTextbook.com 2017 High School Senior Scholarship Essay Contest In 500 words or less write a response to a friend that...,Not specified,2026-09-16
SCH_0798,KidGuard for Education Essay Scholarship,International Organization / Foundation,Organization / Foundation,IEFA,https://www.iefa.org/scholarships/2844/KidGuard_for_Education_Essay_Scholarship,https://www.iefa.org/scholarships/2844/KidGuard_for_Education_Essay_Scholarship,USA,USA,Unrestricted,Any,Full-time,Unrestricted,Not specified,Not specified,Enrolled or accepted in eligible accredited institution,Good academic standing,Not specified,Any,General,Equal Opportunity,International student or foreign national,Varies by award,USD,Partial,Partial,Not specified,Not specified,Not specified,Free,Varies (See official site),Annual / Semester award,Multiple,"Academic transcript, Proof of enrollment, Recommendation letter, Essay",Nationalities: Unrestricted; Host country: United States; Fields: Unrestricted.,"Merit, essay response, and academic verification.",TOPIC: Do you think parents should monitor their children’s phones and online activities? We want to hear your honest opinion....,Not specified,2026-09-16
SCH_0799,Future Leaders of Law,International Organization / Foundation,Organization / Foundation,IEFA,https://www.iefa.org/scholarships/2857/Future_Leaders_of_Law,https://www.iefa.org/scholarships/2857/Future_Leaders_of_Law,USA,USA,Unrestricted,Any,Full-time,Law & Legal Studies,Not specified,Not specified,Enrolled or accepted in eligible accredited institution,Good academic standing,Not specified,Any,General,Equal Opportunity,International student or foreign national,Varies by award,USD,Partial,Partial,Not specified,Not specified,Not specified,Free,Varies (See official site),Annual / Semester award,Multiple,"Academic transcript, Proof of enrollment, Recommendation letter, Essay",Nationalities: Unrestricted; Host country: United States; Fields: Law & Legal Studies.,"Merit, essay response, and academic verification.",We are offering an award to a student currently in law school,Not specified,2026-09-16
SCH_0800,Excellence scholarship non-EEA,International Organization / Foundation,Organization / Foundation,IEFA,https://www.iefa.org/scholarships/2853/Excellence_scholarship_non-EEA,https://www.iefa.org/scholarships/2853/Excellence_scholarship_non-EEA,Netherlands,Netherlands,"China, Colombia and Turkey",Any,Full-time,"Business/Management, Marketing, Transportation/Logistics and Economics",Not specified,Not specified,Enrolled or accepted in eligible accredited institution,Good academic standing,Not specified,Any,General,Equal Opportunity,International student or foreign national,Varies by award,USD,Partial,Partial,Not specified,Not specified,Not specified,Free,Varies (See official site),Annual / Semester award,Multiple,"Academic transcript, Proof of enrollment, Recommendation letter, Essay","Nationalities: China, Colombia and Turkey; Host country: Netherlands; Fields: Business/Management, Marketing, Transportation/Logistics and Economics.","Merit, essay response, and academic verification.",Tilburg School of Economics and Management aims to attract the world’s brightest students to its international classrooms. The School is...,Not specified,2026-09-16
SCH_0801,Latin American Master's Scholarship,International Organization / Foundation,Organization / Foundation,IEFA,https://www.iefa.org/scholarships/2588/Latin_American_Master's_Scholarship,https://www.iefa.org/scholarships/2588/Latin_American_Master's_Scholarship,International,International,Brazil,Postgraduate,Full-time,Unrestricted,Not specified,Not specified,Enrolled or accepted in eligible accredited institution,Good academic standing,Not specified,Any,General,Equal Opportunity,International student or foreign national,Varies by award,USD,Partial,Partial,Not specified,Not specified,Not specified,Free,Varies (See official site),Annual / Semester award,Multiple,"Academic transcript, Proof of enrollment, Recommendation letter, Essay",Nationalities: Brazil; Host country: Unrestricted; Fields: Unrestricted.,"Merit, essay response, and academic verification.",The Latin American Master's Scholarship offers 20% discount from the programme fee for applicants for any Master's programme that IBS...,Not specified,2026-09-16
SCH_0802,BuyingNote Digital Marketing Scholarship Program 2017,International Organization / Foundation,Organization / Foundation,IEFA,https://www.iefa.org/scholarships/2843/BuyingNote_Digital_Marketing_Scholarship_Program_2017,https://www.iefa.org/scholarships/2843/BuyingNote_Digital_Marketing_Scholarship_Program_2017,International,International,Unrestricted,Postgraduate,Full-time,Unrestricted,Not specified,Not specified,Enrolled or accepted in eligible accredited institution,Good academic standing,Not specified,Any,General,Equal Opportunity,International student or foreign national,Varies by award,USD,Partial,Partial,Not specified,Not specified,Not specified,Free,Varies (See official site),Annual / Semester award,Multiple,"Academic transcript, Proof of enrollment, Recommendation letter, Essay",Nationalities: Unrestricted; Host country: Unrestricted; Fields: Unrestricted.,"Merit, essay response, and academic verification.",We have created the BuyingNote Digital Marketing Scholarship for Undergraduate or Post graduate students with the passion of writing on...,Not specified,2026-09-16
SCH_0803,The RewardExpert Study Abroad Scholarship,International Organization / Foundation,Organization / Foundation,IEFA,https://www.iefa.org/scholarships/2845/The_RewardExpert_Study_Abroad_Scholarship_,https://www.iefa.org/scholarships/2845/The_RewardExpert_Study_Abroad_Scholarship_,USA,USA,Unrestricted,Any,Full-time,Unrestricted,Not specified,Not specified,Enrolled or accepted in eligible accredited institution,Good academic standing,Not specified,Any,General,Equal Opportunity,International student or foreign national,Varies by award,USD,Partial,Partial,Not specified,Not specified,Not specified,Free,Varies (See official site),Annual / Semester award,Multiple,"Academic transcript, Proof of enrollment, Recommendation letter, Essay",Nationalities: Unrestricted; Host country: United States; Fields: Unrestricted.,"Merit, essay response, and academic verification.",The RewardExpert Study Abroad Scholarship is established to help students to pursue their higher education in new countries The scholarship is...,Not specified,2026-09-16
SCH_0804,Luxury Home Stuff Internet Marketing Scholarship,International Organization / Foundation,Organization / Foundation,IEFA,https://www.iefa.org/scholarships/2841/Luxury_Home_Stuff_Internet_Marketing_Scholarship,https://www.iefa.org/scholarships/2841/Luxury_Home_Stuff_Internet_Marketing_Scholarship,USA,USA,United States,Any,Full-time,"Business/Management, Communications, Computer & Information Systems...",Not specified,Not specified,Enrolled or accepted in eligible accredited institution,Good academic standing,Not specified,Any,General,Equal Opportunity,International student or foreign national,Varies by award,USD,Partial,Partial,Not specified,Not specified,Not specified,Free,Varies (See official site),Annual / Semester award,Multiple,"Academic transcript, Proof of enrollment, Recommendation letter, Essay","Nationalities: United States; Host country: United States; Fields: Business/Management, Communications, Computer & Information Systems....","Merit, essay response, and academic verification.","By providing LuxuryHomeStuff Internet Marketing Scholarship, we'll help students with the passion for internet marketing and they'll have more chances...",Not specified,2026-09-16
SCH_0805,Parking Solutions Scholarship by Parking BOXX,International Organization / Foundation,Organization / Foundation,IEFA,https://www.iefa.org/scholarships/2839/Parking_Solutions_Scholarship_by_Parking_BOXX,https://www.iefa.org/scholarships/2839/Parking_Solutions_Scholarship_by_Parking_BOXX,International,International,Unrestricted,Any,Full-time,Unrestricted,Not specified,Not specified,Enrolled or accepted in eligible accredited institution,Good academic standing,Not specified,Any,General,Equal Opportunity,International student or foreign national,Varies by award,USD,Partial,Partial,Not specified,Not specified,Not specified,Free,Varies (See official site),Annual / Semester award,Multiple,"Academic transcript, Proof of enrollment, Recommendation letter, Essay",Nationalities: Unrestricted; Host country: Unrestricted; Fields: Unrestricted.,"Merit, essay response, and academic verification.",Parking BOXX understands the extensive need for higher education and wants to support students with their school-related expenses. We at...,Not specified,2026-09-16
SCH_0806,Making a Difference Community College Scholarship,International Organization / Foundation,Organization / Foundation,IEFA,https://www.iefa.org/scholarships/2836/Making_a_Difference_Community_College_Scholarship,https://www.iefa.org/scholarships/2836/Making_a_Difference_Community_College_Scholarship,International,International,Unrestricted,Postgraduate,Full-time,Unrestricted,Not specified,Not specified,Enrolled or accepted in eligible accredited institution,Good academic standing,Not specified,Any,General,Equal Opportunity,International student or foreign national,Varies by award,USD,Partial,Partial,Not specified,Not specified,Not specified,Free,Varies (See official site),Annual / Semester award,Multiple,"Academic transcript, Proof of enrollment, Recommendation letter, Essay",Nationalities: Unrestricted; Host country: Unrestricted; Fields: Unrestricted.,"Merit, essay response, and academic verification.","The Making a Difference Community College Scholarship provides five (5) $1,000 scholarships to undergraduate students who are enrolled in an...",Not specified,2026-09-16
SCH_0807,NextGen Scholarship,International Organization / Foundation,Organization / Foundation,IEFA,https://www.iefa.org/scholarships/2326/NextGen_Scholarship,https://www.iefa.org/scholarships/2326/NextGen_Scholarship,USA,USA,Unrestricted,Any,Full-time,Unrestricted,Not specified,Not specified,Enrolled or accepted in eligible accredited institution,Good academic standing,Not specified,Any,General,Equal Opportunity,International student or foreign national,Varies by award,USD,Partial,Partial,Not specified,Not specified,Not specified,Free,Varies (See official site),Annual / Semester award,Multiple,"Academic transcript, Proof of enrollment, Recommendation letter, Essay",Nationalities: Unrestricted; Host country: United States; Fields: Unrestricted.,"Merit, essay response, and academic verification.",The NextGen Scholarship Fund was created for international students and non-citizens who come to the United States with the hopes...,Not specified,2026-09-16
SCH_0808,Annual CGTrader Scholarship,International Organization / Foundation,Organization / Foundation,IEFA,https://www.iefa.org/scholarships/2833/Annual_CGTrader_Scholarship,https://www.iefa.org/scholarships/2833/Annual_CGTrader_Scholarship,International,International,Unrestricted,Any,Full-time,Unrestricted,Not specified,Not specified,Enrolled or accepted in eligible accredited institution,Good academic standing,Not specified,Any,General,Equal Opportunity,International student or foreign national,Varies by award,USD,Partial,Partial,Not specified,Not specified,Not specified,Free,Varies (See official site),Annual / Semester award,Multiple,"Academic transcript, Proof of enrollment, Recommendation letter, Essay",Nationalities: Unrestricted; Host country: Unrestricted; Fields: Unrestricted.,"Merit, essay response, and academic verification.",Each semester CGTrader challenges students to dig into the field of technology by writing an essay on how innovative technologies...,Not specified,2026-09-16
SCH_0809,Howtostartablog.com scholarship,International Organization / Foundation,Organization / Foundation,IEFA,https://www.iefa.org/scholarships/2830/Howtostartablog.com_scholarship,https://www.iefa.org/scholarships/2830/Howtostartablog.com_scholarship,International,International,Unrestricted,Any,Full-time,Unrestricted,Not specified,Not specified,Enrolled or accepted in eligible accredited institution,Good academic standing,Not specified,Any,General,Equal Opportunity,International student or foreign national,Varies by award,USD,Partial,Partial,Not specified,Not specified,Not specified,Free,Varies (See official site),Annual / Semester award,Multiple,"Academic transcript, Proof of enrollment, Recommendation letter, Essay",Nationalities: Unrestricted; Host country: Unrestricted; Fields: Unrestricted.,"Merit, essay response, and academic verification.",Students should follow the free guides available here on HowToStartABlog.com to create a blog about a passion of theirs and...,Not specified,2026-09-16
SCH_0810,Scholarships for Masters Programs at HSE University in Russia,Scholarships for Masters Programs at HSE University,Organization / Foundation,IEFA,https://www.iefa.org/scholarships/2829/Scholarships_for_Masters_Programs_at_HSE_University_in_Russia,https://www.iefa.org/scholarships/2829/Scholarships_for_Masters_Programs_at_HSE_University_in_Russia,Russia,Russia,Unrestricted,Any,Full-time,"Business/Management, Communications, Computer & Information Systems...",Not specified,Not specified,Enrolled or accepted in eligible accredited institution,Good academic standing,Not specified,Any,General,Equal Opportunity,International student or foreign national,Varies by award,USD,Partial,Partial,Not specified,Not specified,Not specified,Free,Varies (See official site),Annual / Semester award,Multiple,"Academic transcript, Proof of enrollment, Recommendation letter, Essay","Nationalities: Unrestricted; Host country: Russia; Fields: Business/Management, Communications, Computer & Information Systems....","Merit, essay response, and academic verification.",Applications are currently being accepted for full-tuition scholarships to study at National Research University – Higher School of Economics in...,Not specified,2026-09-16
SCH_0811,Southwestern Rugs Depot Scholarship,International Organization / Foundation,Organization / Foundation,IEFA,https://www.iefa.org/scholarships/2792/Southwestern_Rugs_Depot_Scholarship,https://www.iefa.org/scholarships/2792/Southwestern_Rugs_Depot_Scholarship,USA,USA,Unrestricted,Any,Full-time,Unrestricted,Not specified,Not specified,Enrolled or accepted in eligible accredited institution,Good academic standing,Not specified,Any,General,Equal Opportunity,International student or foreign national,Varies by award,USD,Partial,Partial,Not specified,Not specified,Not specified,Free,Varies (See official site),Annual / Semester award,Multiple,"Academic transcript, Proof of enrollment, Recommendation letter, Essay",Nationalities: Unrestricted; Host country: United States; Fields: Unrestricted.,"Merit, essay response, and academic verification.",We're a small shop that sells premium southwestern rugs. Minimum 300 word essay on why decor matters.,Not specified,2026-09-16
SCH_0812,Int'l Honors Scholarship,International Organization / Foundation,Organization / Foundation,IEFA,https://www.iefa.org/scholarships/2741/Int'l_Honors_Scholarship,https://www.iefa.org/scholarships/2741/Int'l_Honors_Scholarship,USA,USA,Unrestricted,Any,Full-time,Unrestricted,Not specified,Not specified,Enrolled or accepted in eligible accredited institution,Good academic standing,Not specified,Any,General,Equal Opportunity,International student or foreign national,Varies by award,USD,Partial,Partial,Not specified,Not specified,Not specified,Free,Varies (See official site),Annual / Semester award,Multiple,"Academic transcript, Proof of enrollment, Recommendation letter, Essay",Nationalities: Unrestricted; Host country: United States; Fields: Unrestricted.,"Merit, essay response, and academic verification.",NOTE: This award is available to transfer applicants of Troy University as well as Troy University applicants International Honor’s Scholarship This scholarship...,Not specified,2026-09-16
SCH_0813,Custom Creatives Digital Marketing Scholarship,"Rahul Alim, CEO of Cus",Organization / Foundation,IEFA,https://www.iefa.org/scholarships/2823/Custom_Creatives_Digital_Marketing_Scholarship,https://www.iefa.org/scholarships/2823/Custom_Creatives_Digital_Marketing_Scholarship,International,International,Unrestricted,Any,Full-time,Unrestricted,Not specified,Not specified,Enrolled or accepted in eligible accredited institution,Good academic standing,Not specified,Any,General,Equal Opportunity,International student or foreign national,Varies by award,USD,Partial,Partial,Not specified,Not specified,Not specified,Free,Varies (See official site),Annual / Semester award,Multiple,"Academic transcript, Proof of enrollment, Recommendation letter, Essay",Nationalities: Unrestricted; Host country: Unrestricted; Fields: Unrestricted.,"Merit, essay response, and academic verification.","This scholarship was established by Rahul Alim, CEO of Custom Creatives, an entrepreneur and digital marketing veteran who started in...",Not specified,2026-09-16
SCH_0814,"DirectTextbook.com ""Shine"" Photo Essay Contest",International Organization / Foundation,Organization / Foundation,IEFA,"https://www.iefa.org/scholarships/2822/DirectTextbook.com_""Shine""_Photo_Essay_Contest","https://www.iefa.org/scholarships/2822/DirectTextbook.com_""Shine""_Photo_Essay_Contest",International,International,Unrestricted,Any,Full-time,Unrestricted,Not specified,Not specified,Enrolled or accepted in eligible accredited institution,Good academic standing,Not specified,Any,General,Equal Opportunity,International student or foreign national,Varies by award,USD,Partial,Partial,Not specified,Not specified,Not specified,Free,Varies (See official site),Annual / Semester award,Multiple,"Academic transcript, Proof of enrollment, Recommendation letter, Essay",Nationalities: Unrestricted; Host country: Unrestricted; Fields: Unrestricted.,"Merit, essay response, and academic verification.","Submit your original photo that captures the essence of what the theme ""Shine"" means to you. Applications will no longer...",Not specified,2026-09-16
SCH_0815,IGlobal First Country Scholarship,IGlobal University,Organization / Foundation,IEFA,https://www.iefa.org/scholarships/2245/IGlobal_First_Country_Scholarship,https://www.iefa.org/scholarships/2245/IGlobal_First_Country_Scholarship,USA,USA,Unrestricted,Any,Full-time,"Business/Management, ESL & English Language and Technology",Not specified,Not specified,Enrolled or accepted in eligible accredited institution,Good academic standing,Not specified,Any,General,Equal Opportunity,International student or foreign national,Varies by award,USD,Partial,Partial,Not specified,Not specified,Not specified,Free,Varies (See official site),Annual / Semester award,Multiple,"Academic transcript, Proof of enrollment, Recommendation letter, Essay","Nationalities: Unrestricted; Host country: United States; Fields: Business/Management, ESL & English Language and Technology.","Merit, essay response, and academic verification.",The First Country Scholarship was created to promote cultural diversity at IGlobal University. The 50% scholarship is available to...,Not specified,2026-09-16
SCH_0816,Keith Williams Law Group Semi Annual Scholarship,International Organization / Foundation,Organization / Foundation,IEFA,https://www.iefa.org/scholarships/2817/Keith_Williams_Law_Group_Semi_Annual_Scholarship,https://www.iefa.org/scholarships/2817/Keith_Williams_Law_Group_Semi_Annual_Scholarship,International,International,Unrestricted,Any,Full-time,Unrestricted,Not specified,Not specified,Enrolled or accepted in eligible accredited institution,Good academic standing,Not specified,Any,General,Equal Opportunity,International student or foreign national,Varies by award,USD,Partial,Partial,Not specified,Not specified,Not specified,Free,Varies (See official site),Annual / Semester award,Multiple,"Academic transcript, Proof of enrollment, Recommendation letter, Essay",Nationalities: Unrestricted; Host country: Unrestricted; Fields: Unrestricted.,"Merit, essay response, and academic verification.",The Keith Williams Law Group Semi-Annual Scholarship seeks to help students who have fought through adversity in their lives in...,Not specified,2026-09-16
SCH_0817,Study & Research Scholarship,International Organization / Foundation,Organization / Foundation,IEFA,https://www.iefa.org/scholarships/2814/Study_&_Research_Scholarship_,https://www.iefa.org/scholarships/2814/Study_&_Research_Scholarship_,International,International,Unrestricted,Postgraduate,Full-time,Unrestricted,Not specified,Not specified,Enrolled or accepted in eligible accredited institution,Good academic standing,Not specified,Any,General,Equal Opportunity,International student or foreign national,Varies by award,USD,Partial,Partial,Not specified,Not specified,Not specified,Free,Varies (See official site),Annual / Semester award,Multiple,"Academic transcript, Proof of enrollment, Recommendation letter, Essay",Nationalities: Unrestricted; Host country: Unrestricted; Fields: Unrestricted.,"Merit, essay response, and academic verification.",Study & Research Scholarships: Do you want to participate in the work of a research institute while pursuing a graduate degree? If...,Not specified,2026-09-16
SCH_0818,Alliance Manchester Business School MBA Scholarship Challenge,International Organization / Foundation,Organization / Foundation,IEFA,https://www.iefa.org/scholarships/2807/Alliance_Manchester_Business_School_MBA_Scholarship_Challenge,https://www.iefa.org/scholarships/2807/Alliance_Manchester_Business_School_MBA_Scholarship_Challenge,United Kingdom,United Kingdom,Unrestricted,Any,Full-time,Business/Management,Not specified,Not specified,Enrolled or accepted in eligible accredited institution,Good academic standing,Not specified,Any,General,Equal Opportunity,International student or foreign national,Varies by award,GBP,Partial,Partial,Not specified,Not specified,Not specified,Free,Varies (See official site),Annual / Semester award,Multiple,"Academic transcript, Proof of enrollment, Recommendation letter, Essay",Nationalities: Unrestricted; Host country: United Kingdom; Fields: Business/Management.,"Merit, essay response, and academic verification.","Alliance Manchester Business School was established in 1965 as one of the UK's first two business schools. Today, we are...",Not specified,2026-09-16
SCH_0819,A Partial Scholarship at Nottingham Business School 2017,International Organization / Foundation,Organization / Foundation,IEFA,https://www.iefa.org/scholarships/2808/A_Partial_Scholarship_at_Nottingham_Business_School_2017,https://www.iefa.org/scholarships/2808/A_Partial_Scholarship_at_Nottingham_Business_School_2017,United Kingdom,United Kingdom,Unrestricted,Any,Full-time,Business/Management,Not specified,Not specified,Enrolled or accepted in eligible accredited institution,Good academic standing,Not specified,Any,General,Equal Opportunity,International student or foreign national,Varies by award,GBP,Partial,Partial,Not specified,Not specified,Not specified,Free,Varies (See official site),Annual / Semester award,Multiple,"Academic transcript, Proof of enrollment, Recommendation letter, Essay",Nationalities: Unrestricted; Host country: United Kingdom; Fields: Business/Management.,"Merit, essay response, and academic verification.",Nottingham Business School provides a wide range of programmes at various levels. All of courses are designed to equip you...,Not specified,2026-09-16
SCH_0820,Travel Intern Abu Dhabi,International Organization / Foundation,Organization / Foundation,IEFA,https://www.iefa.org/scholarships/2809/Travel_Intern_Abu_Dhabi,https://www.iefa.org/scholarships/2809/Travel_Intern_Abu_Dhabi,United Arab Emirates,United Arab Emirates,"Switzerland, United Arab Emirates, United Kingdom and United States",Any,Full-time,Travel/Tourism,Not specified,Not specified,Enrolled or accepted in eligible accredited institution,Good academic standing,Not specified,Any,General,Equal Opportunity,International student or foreign national,Varies by award,USD,Partial,Partial,Not specified,Not specified,Not specified,Free,Varies (See official site),Annual / Semester award,Multiple,"Academic transcript, Proof of enrollment, Recommendation letter, Essay","Nationalities: Switzerland, United Arab Emirates, United Kingdom and United States; Host country: United Arab Emirates; Fields: Travel/Tourism.","Merit, essay response, and academic verification.",Travel Intern Abu Dhabi is designed to give an exposure about Abu Dhabi tourism for those who like to write...,Not specified,2026-09-16
